#-----------------------------------------------------------
# Vivado v2018.2 (64-bit)
# SW Build 2258646 on Thu Jun 14 20:03:12 MDT 2018
# IP Build 2256618 on Thu Jun 14 22:10:49 MDT 2018
# Start of session at: Mon Nov 17 19:41:10 2025
# Process ID: 8632
# Current directory: C:/Users/Public/Documents/PVSDRA/Lab_3
# Command line: vivado.exe -gui_launcher_event rodinguilauncherevent13164 C:\Users\Public\Documents\PVSDRA\Lab_3\Lab_3.xpr
# Log file: C:/Users/Public/Documents/PVSDRA/Lab_3/vivado.log
# Journal file: C:/Users/Public/Documents/PVSDRA/Lab_3\vivado.jou
#-----------------------------------------------------------
start_gui
open_project C:/Users/Public/Documents/PVSDRA/Lab_3/Lab_3.xpr
Scanning sources...
Finished scanning sources
INFO: [IP_Flow 19-234] Refreshing IP repositories
INFO: [IP_Flow 19-1704] No user IP repositories specified
INFO: [IP_Flow 19-2313] Loaded Vivado IP repository 'D:/Xilinx/Vivado/2018.2/data/ip'.
open_project: Time (s): cpu = 00:00:04 ; elapsed = 00:00:48 . Memory (MB): peak = 804.320 ; gain = 142.488
update_compile_order -fileset sources_1
launch_simulation
INFO: [Vivado 12-5682] Launching behavioral simulation in 'C:/Users/Public/Documents/PVSDRA/Lab_3/Lab_3.sim/sim_1/behav/xsim'
INFO: [SIM-utils-51] Simulation object is 'sim_1'
INFO: [SIM-utils-54] Inspecting design source files for 'FIR_tb' in fileset 'sim_1'...
INFO: [USF-XSim-97] Finding global include files...
INFO: [USF-XSim-98] Fetching design files from 'sim_1'...
INFO: [USF-XSim-2] XSim::Compile design
INFO: [USF-XSim-61] Executing 'COMPILE and ANALYZE' step in 'C:/Users/Public/Documents/PVSDRA/Lab_3/Lab_3.sim/sim_1/behav/xsim'
"xvhdl --incr --relax -prj FIR_tb_vhdl.prj"
INFO: [VRFC 10-163] Analyzing VHDL file "C:/Users/Public/Documents/PVSDRA/Lab_3/Lab_3.srcs/sources_1/new/FIR.vhd" into library xil_defaultlib
INFO: [VRFC 10-307] analyzing entity FIR
INFO: [VRFC 10-163] Analyzing VHDL file "C:/Users/Public/Documents/PVSDRA/Lab_3/Lab_3.srcs/sim_1/new/FIR_tb.vhd" into library xil_defaultlib
INFO: [VRFC 10-307] analyzing entity FIR_tb
INFO: [USF-XSim-69] 'compile' step finished in '2' seconds
INFO: [USF-XSim-3] XSim::Elaborate design
INFO: [USF-XSim-61] Executing 'ELABORATE' step in 'C:/Users/Public/Documents/PVSDRA/Lab_3/Lab_3.sim/sim_1/behav/xsim'
Vivado Simulator 2018.2
Copyright 1986-1999, 2001-2018 Xilinx, Inc. All Rights Reserved.
Running: D:/Xilinx/Vivado/2018.2/bin/unwrapped/win64.o/xelab.exe -wto ba93bc7316ac4ceb80ae35f65eb8577a --incr --debug typical --relax --mt 2 -L xil_defaultlib -L secureip --snapshot FIR_tb_behav xil_defaultlib.FIR_tb -log elaborate.log 
Using 2 slave threads.
Starting static elaboration
Completed static elaboration
Starting simulation data flow analysis
Completed simulation data flow analysis
Time Resolution for simulation is 1ps
Compiling package std.standard
Compiling package std.textio
Compiling package ieee.std_logic_1164
Compiling package ieee.numeric_std
Compiling package std.env
Compiling package ieee.std_logic_arith
Compiling package ieee.std_logic_unsigned
Compiling architecture behavioral of entity xil_defaultlib.FSM [fsm_default]
Compiling architecture behavioral of entity xil_defaultlib.ROM [rom_default]
Compiling architecture behavioral of entity xil_defaultlib.FIR [fir_default]
Compiling architecture behavioral of entity xil_defaultlib.fir_tb
Built simulation snapshot FIR_tb_behav

****** Webtalk v2018.2 (64-bit)
  **** SW Build 2258646 on Thu Jun 14 20:03:12 MDT 2018
  **** IP Build 2256618 on Thu Jun 14 22:10:49 MDT 2018
    ** Copyright 1986-2018 Xilinx, Inc. All Rights Reserved.

source C:/Users/Public/Documents/PVSDRA/Lab_3/Lab_3.sim/sim_1/behav/xsim/xsim.dir/FIR_tb_behav/webtalk/xsim_webtalk.tcl -notrace
INFO: [Common 17-206] Exiting Webtalk at Mon Nov 17 20:43:39 2025...
INFO: [USF-XSim-69] 'elaborate' step finished in '4' seconds
INFO: [USF-XSim-4] XSim::Simulate design
INFO: [USF-XSim-61] Executing 'SIMULATE' step in 'C:/Users/Public/Documents/PVSDRA/Lab_3/Lab_3.sim/sim_1/behav/xsim'
INFO: [USF-XSim-98] *** Running xsim
   with args "FIR_tb_behav -key {Behavioral:sim_1:Functional:FIR_tb} -tclbatch {FIR_tb.tcl} -log {simulate.log}"
INFO: [USF-XSim-8] Loading simulator feature
Vivado Simulator 2018.2
Time resolution is 1 ps
source FIR_tb.tcl
# set curr_wave [current_wave_config]
# if { [string length $curr_wave] == 0 } {
#   if { [llength [get_objects]] > 0} {
#     add_wave /
#     set_property needs_save false [current_wave_config]
#   } else {
#      send_msg_id Add_Wave-1 WARNING "No top level signals found. Simulator will start without a wave window. If you want to open a wave window go to 'File->New Waveform Configuration' or type 'create_wave_config' in the TCL console."
#   }
# }
# run 1000ns
INFO: [USF-XSim-96] XSim completed. Design snapshot 'FIR_tb_behav' loaded.
INFO: [USF-XSim-97] XSim simulation ran for 1000ns
launch_simulation: Time (s): cpu = 00:00:02 ; elapsed = 00:00:11 . Memory (MB): peak = 865.438 ; gain = 15.352
current_wave_config {Untitled 1}
Untitled 1
add_wave {{/FIR_tb/uut/coef11}} {{/FIR_tb/uut/coef12}} {{/FIR_tb/uut/coef13}} {{/FIR_tb/uut/coef21}} {{/FIR_tb/uut/coef22}} {{/FIR_tb/uut/coef23}} {{/FIR_tb/uut/acc1}} {{/FIR_tb/uut/acc2}} 
current_wave_config {Untitled 1}
Untitled 1
add_wave {{/FIR_tb/uut/bit_idx}} 
current_wave_config {Untitled 1}
Untitled 1
add_wave {{/FIR_tb/uut/reg}} 
current_wave_config {Untitled 1}
Untitled 1
add_wave {{/FIR_tb/uut/addr11}} {{/FIR_tb/uut/addr12}} {{/FIR_tb/uut/addr13}} {{/FIR_tb/uut/addr21}} {{/FIR_tb/uut/addr22}} 
current_wave_config {Untitled 1}
Untitled 1
add_wave {{/FIR_tb/uut/addr23}} 
restart
INFO: [Simtcl 6-17] Simulation restarted
run 1 us
relaunch_sim
INFO: [Vivado 12-5682] Launching behavioral simulation in 'C:/Users/Public/Documents/PVSDRA/Lab_3/Lab_3.sim/sim_1/behav/xsim'
INFO: [SIM-utils-51] Simulation object is 'sim_1'
INFO: [SIM-utils-54] Inspecting design source files for 'FIR_tb' in fileset 'sim_1'...
INFO: [USF-XSim-97] Finding global include files...
INFO: [USF-XSim-98] Fetching design files from 'sim_1'...
INFO: [USF-XSim-2] XSim::Compile design
INFO: [USF-XSim-61] Executing 'COMPILE and ANALYZE' step in 'C:/Users/Public/Documents/PVSDRA/Lab_3/Lab_3.sim/sim_1/behav/xsim'
"xvhdl --incr --relax -prj FIR_tb_vhdl.prj"
INFO: [VRFC 10-163] Analyzing VHDL file "C:/Users/Public/Documents/PVSDRA/Lab_3/Lab_3.srcs/sources_1/new/FIR.vhd" into library xil_defaultlib
INFO: [VRFC 10-307] analyzing entity FIR
INFO: [VRFC 10-163] Analyzing VHDL file "C:/Users/Public/Documents/PVSDRA/Lab_3/Lab_3.srcs/sim_1/new/FIR_tb.vhd" into library xil_defaultlib
INFO: [VRFC 10-307] analyzing entity FIR_tb
INFO: [USF-XSim-69] 'compile' step finished in '1' seconds
INFO: [Vivado 12-5682] Launching behavioral simulation in 'C:/Users/Public/Documents/PVSDRA/Lab_3/Lab_3.sim/sim_1/behav/xsim'
INFO: [USF-XSim-3] XSim::Elaborate design
INFO: [USF-XSim-61] Executing 'ELABORATE' step in 'C:/Users/Public/Documents/PVSDRA/Lab_3/Lab_3.sim/sim_1/behav/xsim'
Vivado Simulator 2018.2
Copyright 1986-1999, 2001-2018 Xilinx, Inc. All Rights Reserved.
Running: D:/Xilinx/Vivado/2018.2/bin/unwrapped/win64.o/xelab.exe -wto ba93bc7316ac4ceb80ae35f65eb8577a --incr --debug typical --relax --mt 2 -L xil_defaultlib -L secureip --snapshot FIR_tb_behav xil_defaultlib.FIR_tb -log elaborate.log 
Using 2 slave threads.
Starting static elaboration
Completed static elaboration
Starting simulation data flow analysis
Completed simulation data flow analysis
Time Resolution for simulation is 1ps
Compiling package std.standard
Compiling package std.textio
Compiling package ieee.std_logic_1164
Compiling package ieee.numeric_std
Compiling package std.env
Compiling package ieee.std_logic_arith
Compiling package ieee.std_logic_unsigned
Compiling architecture behavioral of entity xil_defaultlib.FSM [fsm_default]
Compiling architecture behavioral of entity xil_defaultlib.ROM [rom_default]
Compiling architecture behavioral of entity xil_defaultlib.FIR [fir_default]
Compiling architecture behavioral of entity xil_defaultlib.fir_tb
Built simulation snapshot FIR_tb_behav
INFO: [USF-XSim-69] 'elaborate' step finished in '2' seconds
Vivado Simulator 2018.2
Time resolution is 1 ps
relaunch_sim: Time (s): cpu = 00:00:00 ; elapsed = 00:00:07 . Memory (MB): peak = 883.766 ; gain = 0.422
relaunch_sim
INFO: [Vivado 12-5682] Launching behavioral simulation in 'C:/Users/Public/Documents/PVSDRA/Lab_3/Lab_3.sim/sim_1/behav/xsim'
INFO: [SIM-utils-51] Simulation object is 'sim_1'
INFO: [SIM-utils-54] Inspecting design source files for 'FIR_tb' in fileset 'sim_1'...
INFO: [USF-XSim-97] Finding global include files...
INFO: [USF-XSim-98] Fetching design files from 'sim_1'...
INFO: [USF-XSim-2] XSim::Compile design
INFO: [USF-XSim-61] Executing 'COMPILE and ANALYZE' step in 'C:/Users/Public/Documents/PVSDRA/Lab_3/Lab_3.sim/sim_1/behav/xsim'
"xvhdl --incr --relax -prj FIR_tb_vhdl.prj"
INFO: [VRFC 10-163] Analyzing VHDL file "C:/Users/Public/Documents/PVSDRA/Lab_3/Lab_3.srcs/sources_1/new/FIR.vhd" into library xil_defaultlib
INFO: [VRFC 10-307] analyzing entity FIR
INFO: [VRFC 10-163] Analyzing VHDL file "C:/Users/Public/Documents/PVSDRA/Lab_3/Lab_3.srcs/sim_1/new/FIR_tb.vhd" into library xil_defaultlib
INFO: [VRFC 10-307] analyzing entity FIR_tb
INFO: [USF-XSim-69] 'compile' step finished in '1' seconds
INFO: [Vivado 12-5682] Launching behavioral simulation in 'C:/Users/Public/Documents/PVSDRA/Lab_3/Lab_3.sim/sim_1/behav/xsim'
INFO: [USF-XSim-3] XSim::Elaborate design
INFO: [USF-XSim-61] Executing 'ELABORATE' step in 'C:/Users/Public/Documents/PVSDRA/Lab_3/Lab_3.sim/sim_1/behav/xsim'
Vivado Simulator 2018.2
Copyright 1986-1999, 2001-2018 Xilinx, Inc. All Rights Reserved.
Running: D:/Xilinx/Vivado/2018.2/bin/unwrapped/win64.o/xelab.exe -wto ba93bc7316ac4ceb80ae35f65eb8577a --incr --debug typical --relax --mt 2 -L xil_defaultlib -L secureip --snapshot FIR_tb_behav xil_defaultlib.FIR_tb -log elaborate.log 
Using 2 slave threads.
Starting static elaboration
Completed static elaboration
Starting simulation data flow analysis
Completed simulation data flow analysis
Time Resolution for simulation is 1ps
Compiling package std.standard
Compiling package std.textio
Compiling package ieee.std_logic_1164
Compiling package ieee.numeric_std
Compiling package std.env
Compiling package ieee.std_logic_arith
Compiling package ieee.std_logic_unsigned
Compiling architecture behavioral of entity xil_defaultlib.FSM [fsm_default]
Compiling architecture behavioral of entity xil_defaultlib.ROM [rom_default]
Compiling architecture behavioral of entity xil_defaultlib.FIR [fir_default]
Compiling architecture behavioral of entity xil_defaultlib.fir_tb
Built simulation snapshot FIR_tb_behav
INFO: [USF-XSim-69] 'elaborate' step finished in '2' seconds
Vivado Simulator 2018.2
Time resolution is 1 ps
relaunch_sim: Time (s): cpu = 00:00:00 ; elapsed = 00:00:05 . Memory (MB): peak = 913.594 ; gain = 2.359
relaunch_sim
INFO: [Vivado 12-5682] Launching behavioral simulation in 'C:/Users/Public/Documents/PVSDRA/Lab_3/Lab_3.sim/sim_1/behav/xsim'
INFO: [SIM-utils-51] Simulation object is 'sim_1'
INFO: [SIM-utils-54] Inspecting design source files for 'FIR_tb' in fileset 'sim_1'...
INFO: [USF-XSim-97] Finding global include files...
INFO: [USF-XSim-98] Fetching design files from 'sim_1'...
INFO: [USF-XSim-2] XSim::Compile design
INFO: [USF-XSim-61] Executing 'COMPILE and ANALYZE' step in 'C:/Users/Public/Documents/PVSDRA/Lab_3/Lab_3.sim/sim_1/behav/xsim'
"xvhdl --incr --relax -prj FIR_tb_vhdl.prj"
INFO: [VRFC 10-163] Analyzing VHDL file "C:/Users/Public/Documents/PVSDRA/Lab_3/Lab_3.srcs/sources_1/new/FIR.vhd" into library xil_defaultlib
INFO: [VRFC 10-307] analyzing entity FIR
INFO: [VRFC 10-163] Analyzing VHDL file "C:/Users/Public/Documents/PVSDRA/Lab_3/Lab_3.srcs/sim_1/new/FIR_tb.vhd" into library xil_defaultlib
INFO: [VRFC 10-307] analyzing entity FIR_tb
INFO: [USF-XSim-69] 'compile' step finished in '1' seconds
INFO: [Vivado 12-5682] Launching behavioral simulation in 'C:/Users/Public/Documents/PVSDRA/Lab_3/Lab_3.sim/sim_1/behav/xsim'
INFO: [USF-XSim-3] XSim::Elaborate design
INFO: [USF-XSim-61] Executing 'ELABORATE' step in 'C:/Users/Public/Documents/PVSDRA/Lab_3/Lab_3.sim/sim_1/behav/xsim'
Vivado Simulator 2018.2
Copyright 1986-1999, 2001-2018 Xilinx, Inc. All Rights Reserved.
Running: D:/Xilinx/Vivado/2018.2/bin/unwrapped/win64.o/xelab.exe -wto ba93bc7316ac4ceb80ae35f65eb8577a --incr --debug typical --relax --mt 2 -L xil_defaultlib -L secureip --snapshot FIR_tb_behav xil_defaultlib.FIR_tb -log elaborate.log 
Using 2 slave threads.
Starting static elaboration
Completed static elaboration
Starting simulation data flow analysis
Completed simulation data flow analysis
Time Resolution for simulation is 1ps
Compiling package std.standard
Compiling package std.textio
Compiling package ieee.std_logic_1164
Compiling package ieee.numeric_std
Compiling package std.env
Compiling package ieee.std_logic_arith
Compiling package ieee.std_logic_unsigned
Compiling architecture behavioral of entity xil_defaultlib.FSM [fsm_default]
Compiling architecture behavioral of entity xil_defaultlib.ROM [rom_default]
Compiling architecture behavioral of entity xil_defaultlib.FIR [fir_default]
Compiling architecture behavioral of entity xil_defaultlib.fir_tb
Built simulation snapshot FIR_tb_behav
INFO: [USF-XSim-69] 'elaborate' step finished in '1' seconds
Vivado Simulator 2018.2
Time resolution is 1 ps
relaunch_sim: Time (s): cpu = 00:00:00 ; elapsed = 00:00:05 . Memory (MB): peak = 918.234 ; gain = 0.000
relaunch_sim
INFO: [Vivado 12-5682] Launching behavioral simulation in 'C:/Users/Public/Documents/PVSDRA/Lab_3/Lab_3.sim/sim_1/behav/xsim'
INFO: [SIM-utils-51] Simulation object is 'sim_1'
INFO: [SIM-utils-54] Inspecting design source files for 'FIR_tb' in fileset 'sim_1'...
INFO: [USF-XSim-97] Finding global include files...
INFO: [USF-XSim-98] Fetching design files from 'sim_1'...
INFO: [USF-XSim-2] XSim::Compile design
INFO: [USF-XSim-61] Executing 'COMPILE and ANALYZE' step in 'C:/Users/Public/Documents/PVSDRA/Lab_3/Lab_3.sim/sim_1/behav/xsim'
"xvhdl --incr --relax -prj FIR_tb_vhdl.prj"
INFO: [VRFC 10-163] Analyzing VHDL file "C:/Users/Public/Documents/PVSDRA/Lab_3/Lab_3.srcs/sources_1/new/FIR.vhd" into library xil_defaultlib
INFO: [VRFC 10-307] analyzing entity FIR
INFO: [VRFC 10-163] Analyzing VHDL file "C:/Users/Public/Documents/PVSDRA/Lab_3/Lab_3.srcs/sim_1/new/FIR_tb.vhd" into library xil_defaultlib
INFO: [VRFC 10-307] analyzing entity FIR_tb
INFO: [USF-XSim-69] 'compile' step finished in '1' seconds
INFO: [Vivado 12-5682] Launching behavioral simulation in 'C:/Users/Public/Documents/PVSDRA/Lab_3/Lab_3.sim/sim_1/behav/xsim'
INFO: [USF-XSim-3] XSim::Elaborate design
INFO: [USF-XSim-61] Executing 'ELABORATE' step in 'C:/Users/Public/Documents/PVSDRA/Lab_3/Lab_3.sim/sim_1/behav/xsim'
Vivado Simulator 2018.2
Copyright 1986-1999, 2001-2018 Xilinx, Inc. All Rights Reserved.
Running: D:/Xilinx/Vivado/2018.2/bin/unwrapped/win64.o/xelab.exe -wto ba93bc7316ac4ceb80ae35f65eb8577a --incr --debug typical --relax --mt 2 -L xil_defaultlib -L secureip --snapshot FIR_tb_behav xil_defaultlib.FIR_tb -log elaborate.log 
Using 2 slave threads.
Starting static elaboration
Completed static elaboration
Starting simulation data flow analysis
Completed simulation data flow analysis
Time Resolution for simulation is 1ps
Compiling package std.standard
Compiling package std.textio
Compiling package ieee.std_logic_1164
Compiling package ieee.numeric_std
Compiling package std.env
Compiling package ieee.std_logic_arith
Compiling package ieee.std_logic_unsigned
Compiling architecture behavioral of entity xil_defaultlib.FSM [fsm_default]
Compiling architecture behavioral of entity xil_defaultlib.ROM [rom_default]
Compiling architecture behavioral of entity xil_defaultlib.FIR [fir_default]
Compiling architecture behavioral of entity xil_defaultlib.fir_tb
Built simulation snapshot FIR_tb_behav
INFO: [USF-XSim-69] 'elaborate' step finished in '1' seconds
Vivado Simulator 2018.2
Time resolution is 1 ps
relaunch_sim: Time (s): cpu = 00:00:00 ; elapsed = 00:00:07 . Memory (MB): peak = 919.715 ; gain = 0.000
relaunch_sim
INFO: [Vivado 12-5682] Launching behavioral simulation in 'C:/Users/Public/Documents/PVSDRA/Lab_3/Lab_3.sim/sim_1/behav/xsim'
INFO: [SIM-utils-51] Simulation object is 'sim_1'
INFO: [SIM-utils-54] Inspecting design source files for 'FIR_tb' in fileset 'sim_1'...
INFO: [USF-XSim-97] Finding global include files...
INFO: [USF-XSim-98] Fetching design files from 'sim_1'...
INFO: [USF-XSim-2] XSim::Compile design
INFO: [USF-XSim-61] Executing 'COMPILE and ANALYZE' step in 'C:/Users/Public/Documents/PVSDRA/Lab_3/Lab_3.sim/sim_1/behav/xsim'
"xvhdl --incr --relax -prj FIR_tb_vhdl.prj"
INFO: [VRFC 10-163] Analyzing VHDL file "C:/Users/Public/Documents/PVSDRA/Lab_3/Lab_3.srcs/sim_1/new/FIR_tb.vhd" into library xil_defaultlib
INFO: [VRFC 10-307] analyzing entity FIR_tb
INFO: [USF-XSim-69] 'compile' step finished in '1' seconds
INFO: [Vivado 12-5682] Launching behavioral simulation in 'C:/Users/Public/Documents/PVSDRA/Lab_3/Lab_3.sim/sim_1/behav/xsim'
INFO: [USF-XSim-3] XSim::Elaborate design
INFO: [USF-XSim-61] Executing 'ELABORATE' step in 'C:/Users/Public/Documents/PVSDRA/Lab_3/Lab_3.sim/sim_1/behav/xsim'
Vivado Simulator 2018.2
Copyright 1986-1999, 2001-2018 Xilinx, Inc. All Rights Reserved.
Running: D:/Xilinx/Vivado/2018.2/bin/unwrapped/win64.o/xelab.exe -wto ba93bc7316ac4ceb80ae35f65eb8577a --incr --debug typical --relax --mt 2 -L xil_defaultlib -L secureip --snapshot FIR_tb_behav xil_defaultlib.FIR_tb -log elaborate.log 
Using 2 slave threads.
Starting static elaboration
Completed static elaboration
Starting simulation data flow analysis
Completed simulation data flow analysis
Time Resolution for simulation is 1ps
Compiling package std.standard
Compiling package std.textio
Compiling package ieee.std_logic_1164
Compiling package ieee.numeric_std
Compiling package std.env
Compiling package ieee.std_logic_arith
Compiling package ieee.std_logic_unsigned
Compiling architecture behavioral of entity xil_defaultlib.FSM [fsm_default]
Compiling architecture behavioral of entity xil_defaultlib.ROM [rom_default]
Compiling architecture behavioral of entity xil_defaultlib.FIR [fir_default]
Compiling architecture behavioral of entity xil_defaultlib.fir_tb
Built simulation snapshot FIR_tb_behav
INFO: [USF-XSim-69] 'elaborate' step finished in '2' seconds
Vivado Simulator 2018.2
Time resolution is 1 ps
relaunch_sim: Time (s): cpu = 00:00:00 ; elapsed = 00:00:06 . Memory (MB): peak = 920.590 ; gain = 0.000
relaunch_sim
INFO: [Vivado 12-5682] Launching behavioral simulation in 'C:/Users/Public/Documents/PVSDRA/Lab_3/Lab_3.sim/sim_1/behav/xsim'
INFO: [SIM-utils-51] Simulation object is 'sim_1'
INFO: [SIM-utils-54] Inspecting design source files for 'FIR_tb' in fileset 'sim_1'...
INFO: [USF-XSim-97] Finding global include files...
INFO: [USF-XSim-98] Fetching design files from 'sim_1'...
INFO: [USF-XSim-2] XSim::Compile design
INFO: [USF-XSim-61] Executing 'COMPILE and ANALYZE' step in 'C:/Users/Public/Documents/PVSDRA/Lab_3/Lab_3.sim/sim_1/behav/xsim'
"xvhdl --incr --relax -prj FIR_tb_vhdl.prj"
INFO: [VRFC 10-163] Analyzing VHDL file "C:/Users/Public/Documents/PVSDRA/Lab_3/Lab_3.srcs/sim_1/new/FIR_tb.vhd" into library xil_defaultlib
INFO: [VRFC 10-307] analyzing entity FIR_tb
INFO: [USF-XSim-69] 'compile' step finished in '2' seconds
INFO: [Vivado 12-5682] Launching behavioral simulation in 'C:/Users/Public/Documents/PVSDRA/Lab_3/Lab_3.sim/sim_1/behav/xsim'
INFO: [USF-XSim-3] XSim::Elaborate design
INFO: [USF-XSim-61] Executing 'ELABORATE' step in 'C:/Users/Public/Documents/PVSDRA/Lab_3/Lab_3.sim/sim_1/behav/xsim'
Vivado Simulator 2018.2
Copyright 1986-1999, 2001-2018 Xilinx, Inc. All Rights Reserved.
Running: D:/Xilinx/Vivado/2018.2/bin/unwrapped/win64.o/xelab.exe -wto ba93bc7316ac4ceb80ae35f65eb8577a --incr --debug typical --relax --mt 2 -L xil_defaultlib -L secureip --snapshot FIR_tb_behav xil_defaultlib.FIR_tb -log elaborate.log 
Using 2 slave threads.
Starting static elaboration
Completed static elaboration
Starting simulation data flow analysis
Completed simulation data flow analysis
Time Resolution for simulation is 1ps
Compiling package std.standard
Compiling package std.textio
Compiling package ieee.std_logic_1164
Compiling package ieee.numeric_std
Compiling package std.env
Compiling package ieee.std_logic_arith
Compiling package ieee.std_logic_unsigned
Compiling architecture behavioral of entity xil_defaultlib.FSM [fsm_default]
Compiling architecture behavioral of entity xil_defaultlib.ROM [rom_default]
Compiling architecture behavioral of entity xil_defaultlib.FIR [fir_default]
Compiling architecture behavioral of entity xil_defaultlib.fir_tb
Built simulation snapshot FIR_tb_behav
INFO: [USF-XSim-69] 'elaborate' step finished in '1' seconds
Vivado Simulator 2018.2
Time resolution is 1 ps
relaunch_sim
INFO: [Vivado 12-5682] Launching behavioral simulation in 'C:/Users/Public/Documents/PVSDRA/Lab_3/Lab_3.sim/sim_1/behav/xsim'
INFO: [SIM-utils-51] Simulation object is 'sim_1'
INFO: [SIM-utils-54] Inspecting design source files for 'FIR_tb' in fileset 'sim_1'...
INFO: [USF-XSim-97] Finding global include files...
INFO: [USF-XSim-98] Fetching design files from 'sim_1'...
INFO: [USF-XSim-2] XSim::Compile design
INFO: [USF-XSim-61] Executing 'COMPILE and ANALYZE' step in 'C:/Users/Public/Documents/PVSDRA/Lab_3/Lab_3.sim/sim_1/behav/xsim'
"xvhdl --incr --relax -prj FIR_tb_vhdl.prj"
INFO: [VRFC 10-163] Analyzing VHDL file "C:/Users/Public/Documents/PVSDRA/Lab_3/Lab_3.srcs/sources_1/new/FIR.vhd" into library xil_defaultlib
INFO: [VRFC 10-307] analyzing entity FIR
ERROR: [VRFC 10-1526] use <= to assign to signal acc2 [C:/Users/Public/Documents/PVSDRA/Lab_3/Lab_3.srcs/sources_1/new/FIR.vhd:79]
ERROR: [VRFC 10-1504] unit behavioral ignored due to previous errors [C:/Users/Public/Documents/PVSDRA/Lab_3/Lab_3.srcs/sources_1/new/FIR.vhd:16]
INFO: [VRFC 10-240] VHDL file C:/Users/Public/Documents/PVSDRA/Lab_3/Lab_3.srcs/sources_1/new/FIR.vhd ignored due to errors
INFO: [USF-XSim-69] 'compile' step finished in '1' seconds
INFO: [USF-XSim-99] Step results log file:'C:/Users/Public/Documents/PVSDRA/Lab_3/Lab_3.sim/sim_1/behav/xsim/xvhdl.log'
ERROR: [USF-XSim-62] 'compile' step failed with error(s). Please check the Tcl console output or 'C:/Users/Public/Documents/PVSDRA/Lab_3/Lab_3.sim/sim_1/behav/xsim/xvhdl.log' file for more information.
ERROR: [Vivado 12-4473] Detected error while running simulation. Please correct the issue and retry this operation.
ERROR: [Common 17-39] 'launch_simulation' failed due to earlier errors.
ERROR: [Common 17-69] Command failed: ERROR: [Common 17-39] 'launch_simulation' failed due to earlier errors.

relaunch_sim
INFO: [Vivado 12-5682] Launching behavioral simulation in 'C:/Users/Public/Documents/PVSDRA/Lab_3/Lab_3.sim/sim_1/behav/xsim'
INFO: [SIM-utils-51] Simulation object is 'sim_1'
INFO: [SIM-utils-54] Inspecting design source files for 'FIR_tb' in fileset 'sim_1'...
INFO: [USF-XSim-97] Finding global include files...
INFO: [USF-XSim-98] Fetching design files from 'sim_1'...
INFO: [USF-XSim-2] XSim::Compile design
INFO: [USF-XSim-61] Executing 'COMPILE and ANALYZE' step in 'C:/Users/Public/Documents/PVSDRA/Lab_3/Lab_3.sim/sim_1/behav/xsim'
"xvhdl --incr --relax -prj FIR_tb_vhdl.prj"
INFO: [VRFC 10-163] Analyzing VHDL file "C:/Users/Public/Documents/PVSDRA/Lab_3/Lab_3.srcs/sources_1/new/FIR.vhd" into library xil_defaultlib
INFO: [VRFC 10-307] analyzing entity FIR
INFO: [VRFC 10-163] Analyzing VHDL file "C:/Users/Public/Documents/PVSDRA/Lab_3/Lab_3.srcs/sim_1/new/FIR_tb.vhd" into library xil_defaultlib
INFO: [VRFC 10-307] analyzing entity FIR_tb
INFO: [USF-XSim-69] 'compile' step finished in '1' seconds
INFO: [Vivado 12-5682] Launching behavioral simulation in 'C:/Users/Public/Documents/PVSDRA/Lab_3/Lab_3.sim/sim_1/behav/xsim'
INFO: [USF-XSim-3] XSim::Elaborate design
INFO: [USF-XSim-61] Executing 'ELABORATE' step in 'C:/Users/Public/Documents/PVSDRA/Lab_3/Lab_3.sim/sim_1/behav/xsim'
Vivado Simulator 2018.2
Copyright 1986-1999, 2001-2018 Xilinx, Inc. All Rights Reserved.
Running: D:/Xilinx/Vivado/2018.2/bin/unwrapped/win64.o/xelab.exe -wto ba93bc7316ac4ceb80ae35f65eb8577a --incr --debug typical --relax --mt 2 -L xil_defaultlib -L secureip --snapshot FIR_tb_behav xil_defaultlib.FIR_tb -log elaborate.log 
Using 2 slave threads.
Starting static elaboration
Completed static elaboration
Starting simulation data flow analysis
Completed simulation data flow analysis
Time Resolution for simulation is 1ps
Compiling package std.standard
Compiling package std.textio
Compiling package ieee.std_logic_1164
Compiling package ieee.numeric_std
Compiling package std.env
Compiling package ieee.std_logic_arith
Compiling package ieee.std_logic_unsigned
Compiling architecture behavioral of entity xil_defaultlib.FSM [fsm_default]
Compiling architecture behavioral of entity xil_defaultlib.ROM [rom_default]
Compiling architecture behavioral of entity xil_defaultlib.FIR [fir_default]
Compiling architecture behavioral of entity xil_defaultlib.fir_tb
Built simulation snapshot FIR_tb_behav
INFO: [USF-XSim-69] 'elaborate' step finished in '2' seconds
Vivado Simulator 2018.2
Time resolution is 1 ps
relaunch_sim
INFO: [Vivado 12-5682] Launching behavioral simulation in 'C:/Users/Public/Documents/PVSDRA/Lab_3/Lab_3.sim/sim_1/behav/xsim'
INFO: [SIM-utils-51] Simulation object is 'sim_1'
INFO: [SIM-utils-54] Inspecting design source files for 'FIR_tb' in fileset 'sim_1'...
INFO: [USF-XSim-97] Finding global include files...
INFO: [USF-XSim-98] Fetching design files from 'sim_1'...
INFO: [USF-XSim-2] XSim::Compile design
INFO: [USF-XSim-61] Executing 'COMPILE and ANALYZE' step in 'C:/Users/Public/Documents/PVSDRA/Lab_3/Lab_3.sim/sim_1/behav/xsim'
"xvhdl --incr --relax -prj FIR_tb_vhdl.prj"
INFO: [VRFC 10-163] Analyzing VHDL file "C:/Users/Public/Documents/PVSDRA/Lab_3/Lab_3.srcs/sources_1/new/FIR.vhd" into library xil_defaultlib
INFO: [VRFC 10-307] analyzing entity FIR
INFO: [VRFC 10-163] Analyzing VHDL file "C:/Users/Public/Documents/PVSDRA/Lab_3/Lab_3.srcs/sim_1/new/FIR_tb.vhd" into library xil_defaultlib
INFO: [VRFC 10-307] analyzing entity FIR_tb
INFO: [USF-XSim-69] 'compile' step finished in '1' seconds
INFO: [Vivado 12-5682] Launching behavioral simulation in 'C:/Users/Public/Documents/PVSDRA/Lab_3/Lab_3.sim/sim_1/behav/xsim'
INFO: [USF-XSim-3] XSim::Elaborate design
INFO: [USF-XSim-61] Executing 'ELABORATE' step in 'C:/Users/Public/Documents/PVSDRA/Lab_3/Lab_3.sim/sim_1/behav/xsim'
Vivado Simulator 2018.2
Copyright 1986-1999, 2001-2018 Xilinx, Inc. All Rights Reserved.
Running: D:/Xilinx/Vivado/2018.2/bin/unwrapped/win64.o/xelab.exe -wto ba93bc7316ac4ceb80ae35f65eb8577a --incr --debug typical --relax --mt 2 -L xil_defaultlib -L secureip --snapshot FIR_tb_behav xil_defaultlib.FIR_tb -log elaborate.log 
Using 2 slave threads.
Starting static elaboration
Completed static elaboration
Starting simulation data flow analysis
Completed simulation data flow analysis
Time Resolution for simulation is 1ps
Compiling package std.standard
Compiling package std.textio
Compiling package ieee.std_logic_1164
Compiling package ieee.numeric_std
Compiling package std.env
Compiling package ieee.std_logic_arith
Compiling package ieee.std_logic_unsigned
Compiling architecture behavioral of entity xil_defaultlib.FSM [fsm_default]
Compiling architecture behavioral of entity xil_defaultlib.ROM [rom_default]
Compiling architecture behavioral of entity xil_defaultlib.FIR [fir_default]
Compiling architecture behavioral of entity xil_defaultlib.fir_tb
Built simulation snapshot FIR_tb_behav
INFO: [USF-XSim-69] 'elaborate' step finished in '2' seconds
Vivado Simulator 2018.2
Time resolution is 1 ps
relaunch_sim: Time (s): cpu = 00:00:00 ; elapsed = 00:00:05 . Memory (MB): peak = 926.020 ; gain = 0.270
relaunch_sim
INFO: [Vivado 12-5682] Launching behavioral simulation in 'C:/Users/Public/Documents/PVSDRA/Lab_3/Lab_3.sim/sim_1/behav/xsim'
INFO: [SIM-utils-51] Simulation object is 'sim_1'
INFO: [SIM-utils-54] Inspecting design source files for 'FIR_tb' in fileset 'sim_1'...
INFO: [USF-XSim-97] Finding global include files...
INFO: [USF-XSim-98] Fetching design files from 'sim_1'...
INFO: [USF-XSim-2] XSim::Compile design
INFO: [USF-XSim-61] Executing 'COMPILE and ANALYZE' step in 'C:/Users/Public/Documents/PVSDRA/Lab_3/Lab_3.sim/sim_1/behav/xsim'
"xvhdl --incr --relax -prj FIR_tb_vhdl.prj"
INFO: [VRFC 10-163] Analyzing VHDL file "C:/Users/Public/Documents/PVSDRA/Lab_3/Lab_3.srcs/sources_1/new/FIR.vhd" into library xil_defaultlib
INFO: [VRFC 10-307] analyzing entity FIR
INFO: [VRFC 10-163] Analyzing VHDL file "C:/Users/Public/Documents/PVSDRA/Lab_3/Lab_3.srcs/sim_1/new/FIR_tb.vhd" into library xil_defaultlib
INFO: [VRFC 10-307] analyzing entity FIR_tb
INFO: [USF-XSim-69] 'compile' step finished in '1' seconds
INFO: [Vivado 12-5682] Launching behavioral simulation in 'C:/Users/Public/Documents/PVSDRA/Lab_3/Lab_3.sim/sim_1/behav/xsim'
INFO: [USF-XSim-3] XSim::Elaborate design
INFO: [USF-XSim-61] Executing 'ELABORATE' step in 'C:/Users/Public/Documents/PVSDRA/Lab_3/Lab_3.sim/sim_1/behav/xsim'
Vivado Simulator 2018.2
Copyright 1986-1999, 2001-2018 Xilinx, Inc. All Rights Reserved.
Running: D:/Xilinx/Vivado/2018.2/bin/unwrapped/win64.o/xelab.exe -wto ba93bc7316ac4ceb80ae35f65eb8577a --incr --debug typical --relax --mt 2 -L xil_defaultlib -L secureip --snapshot FIR_tb_behav xil_defaultlib.FIR_tb -log elaborate.log 
Using 2 slave threads.
Starting static elaboration
Completed static elaboration
Starting simulation data flow analysis
Completed simulation data flow analysis
Time Resolution for simulation is 1ps
Compiling package std.standard
Compiling package std.textio
Compiling package ieee.std_logic_1164
Compiling package ieee.numeric_std
Compiling package std.env
Compiling package ieee.std_logic_arith
Compiling package ieee.std_logic_unsigned
Compiling architecture behavioral of entity xil_defaultlib.FSM [fsm_default]
Compiling architecture behavioral of entity xil_defaultlib.ROM [rom_default]
Compiling architecture behavioral of entity xil_defaultlib.FIR [fir_default]
Compiling architecture behavioral of entity xil_defaultlib.fir_tb
Built simulation snapshot FIR_tb_behav
INFO: [USF-XSim-69] 'elaborate' step finished in '1' seconds
Vivado Simulator 2018.2
Time resolution is 1 ps
relaunch_sim: Time (s): cpu = 00:00:00 ; elapsed = 00:00:07 . Memory (MB): peak = 926.824 ; gain = 0.223
relaunch_sim
INFO: [Vivado 12-5682] Launching behavioral simulation in 'C:/Users/Public/Documents/PVSDRA/Lab_3/Lab_3.sim/sim_1/behav/xsim'
INFO: [SIM-utils-51] Simulation object is 'sim_1'
INFO: [SIM-utils-54] Inspecting design source files for 'FIR_tb' in fileset 'sim_1'...
INFO: [USF-XSim-97] Finding global include files...
INFO: [USF-XSim-98] Fetching design files from 'sim_1'...
INFO: [USF-XSim-2] XSim::Compile design
INFO: [USF-XSim-61] Executing 'COMPILE and ANALYZE' step in 'C:/Users/Public/Documents/PVSDRA/Lab_3/Lab_3.sim/sim_1/behav/xsim'
"xvhdl --incr --relax -prj FIR_tb_vhdl.prj"
INFO: [VRFC 10-163] Analyzing VHDL file "C:/Users/Public/Documents/PVSDRA/Lab_3/Lab_3.srcs/sources_1/new/FIR.vhd" into library xil_defaultlib
INFO: [VRFC 10-307] analyzing entity FIR
INFO: [VRFC 10-163] Analyzing VHDL file "C:/Users/Public/Documents/PVSDRA/Lab_3/Lab_3.srcs/sim_1/new/FIR_tb.vhd" into library xil_defaultlib
INFO: [VRFC 10-307] analyzing entity FIR_tb
INFO: [USF-XSim-69] 'compile' step finished in '1' seconds
INFO: [Vivado 12-5682] Launching behavioral simulation in 'C:/Users/Public/Documents/PVSDRA/Lab_3/Lab_3.sim/sim_1/behav/xsim'
INFO: [USF-XSim-3] XSim::Elaborate design
INFO: [USF-XSim-61] Executing 'ELABORATE' step in 'C:/Users/Public/Documents/PVSDRA/Lab_3/Lab_3.sim/sim_1/behav/xsim'
Vivado Simulator 2018.2
Copyright 1986-1999, 2001-2018 Xilinx, Inc. All Rights Reserved.
Running: D:/Xilinx/Vivado/2018.2/bin/unwrapped/win64.o/xelab.exe -wto ba93bc7316ac4ceb80ae35f65eb8577a --incr --debug typical --relax --mt 2 -L xil_defaultlib -L secureip --snapshot FIR_tb_behav xil_defaultlib.FIR_tb -log elaborate.log 
Using 2 slave threads.
Starting static elaboration
Completed static elaboration
Starting simulation data flow analysis
Completed simulation data flow analysis
Time Resolution for simulation is 1ps
Compiling package std.standard
Compiling package std.textio
Compiling package ieee.std_logic_1164
Compiling package ieee.numeric_std
Compiling package std.env
Compiling package ieee.std_logic_arith
Compiling package ieee.std_logic_unsigned
Compiling architecture behavioral of entity xil_defaultlib.FSM [fsm_default]
Compiling architecture behavioral of entity xil_defaultlib.ROM [rom_default]
Compiling architecture behavioral of entity xil_defaultlib.FIR [fir_default]
Compiling architecture behavioral of entity xil_defaultlib.fir_tb
Built simulation snapshot FIR_tb_behav
INFO: [USF-XSim-69] 'elaborate' step finished in '1' seconds
Vivado Simulator 2018.2
Time resolution is 1 ps
relaunch_sim: Time (s): cpu = 00:00:00 ; elapsed = 00:00:05 . Memory (MB): peak = 928.312 ; gain = 0.457
add_bp {C:/Users/Public/Documents/PVSDRA/Lab_3/Lab_3.srcs/sources_1/new/FIR.vhd} 80
restart
INFO: [Simtcl 6-17] Simulation restarted
run 1 us
Stopped at time : 52 ns : File "C:/Users/Public/Documents/PVSDRA/Lab_3/Lab_3.srcs/sources_1/new/FIR.vhd" Line 80
run all
Stopped at time : 60 ns : File "C:/Users/Public/Documents/PVSDRA/Lab_3/Lab_3.srcs/sources_1/new/FIR.vhd" Line 80
run all
Stopped at time : 68 ns : File "C:/Users/Public/Documents/PVSDRA/Lab_3/Lab_3.srcs/sources_1/new/FIR.vhd" Line 80
add_bp {C:/Users/Public/Documents/PVSDRA/Lab_3/Lab_3.srcs/sources_1/new/FIR.vhd} 81
remove_bps -file {C:/Users/Public/Documents/PVSDRA/Lab_3/Lab_3.srcs/sources_1/new/FIR.vhd} -line 80
add_bp {C:/Users/Public/Documents/PVSDRA/Lab_3/Lab_3.srcs/sources_1/new/FIR.vhd} 82
run all
Stopped at time : 76 ns : File "C:/Users/Public/Documents/PVSDRA/Lab_3/Lab_3.srcs/sources_1/new/FIR.vhd" Line 81
run all
Stopped at time : 76 ns : File "C:/Users/Public/Documents/PVSDRA/Lab_3/Lab_3.srcs/sources_1/new/FIR.vhd" Line 82
restart
INFO: [Simtcl 6-17] Simulation restarted
remove_bps -file {C:/Users/Public/Documents/PVSDRA/Lab_3/Lab_3.srcs/sources_1/new/FIR.vhd} -line 81
remove_bps -file {C:/Users/Public/Documents/PVSDRA/Lab_3/Lab_3.srcs/sources_1/new/FIR.vhd} -line 82
run 1 us
relaunch_sim
INFO: [Vivado 12-5682] Launching behavioral simulation in 'C:/Users/Public/Documents/PVSDRA/Lab_3/Lab_3.sim/sim_1/behav/xsim'
INFO: [SIM-utils-51] Simulation object is 'sim_1'
INFO: [SIM-utils-54] Inspecting design source files for 'FIR_tb' in fileset 'sim_1'...
INFO: [USF-XSim-97] Finding global include files...
INFO: [USF-XSim-98] Fetching design files from 'sim_1'...
INFO: [USF-XSim-2] XSim::Compile design
INFO: [USF-XSim-61] Executing 'COMPILE and ANALYZE' step in 'C:/Users/Public/Documents/PVSDRA/Lab_3/Lab_3.sim/sim_1/behav/xsim'
"xvhdl --incr --relax -prj FIR_tb_vhdl.prj"
INFO: [USF-XSim-69] 'compile' step finished in '2' seconds
INFO: [Vivado 12-5682] Launching behavioral simulation in 'C:/Users/Public/Documents/PVSDRA/Lab_3/Lab_3.sim/sim_1/behav/xsim'
INFO: [USF-XSim-3] XSim::Elaborate design
INFO: [USF-XSim-61] Executing 'ELABORATE' step in 'C:/Users/Public/Documents/PVSDRA/Lab_3/Lab_3.sim/sim_1/behav/xsim'
Vivado Simulator 2018.2
Copyright 1986-1999, 2001-2018 Xilinx, Inc. All Rights Reserved.
Running: D:/Xilinx/Vivado/2018.2/bin/unwrapped/win64.o/xelab.exe -wto ba93bc7316ac4ceb80ae35f65eb8577a --incr --debug typical --relax --mt 2 -L xil_defaultlib -L secureip --snapshot FIR_tb_behav xil_defaultlib.FIR_tb -log elaborate.log 
Using 2 slave threads.
Starting static elaboration
Completed static elaboration
INFO: [XSIM 43-4323] No Change in HDL. Linking previously generated obj files to create kernel
INFO: [USF-XSim-69] 'elaborate' step finished in '1' seconds
Vivado Simulator 2018.2
Time resolution is 1 ps
relaunch_sim: Time (s): cpu = 00:00:00 ; elapsed = 00:00:06 . Memory (MB): peak = 930.809 ; gain = 0.262
relaunch_sim
INFO: [Vivado 12-5682] Launching behavioral simulation in 'C:/Users/Public/Documents/PVSDRA/Lab_3/Lab_3.sim/sim_1/behav/xsim'
INFO: [SIM-utils-51] Simulation object is 'sim_1'
INFO: [SIM-utils-54] Inspecting design source files for 'FIR_tb' in fileset 'sim_1'...
INFO: [USF-XSim-97] Finding global include files...
INFO: [USF-XSim-98] Fetching design files from 'sim_1'...
INFO: [USF-XSim-2] XSim::Compile design
INFO: [USF-XSim-61] Executing 'COMPILE and ANALYZE' step in 'C:/Users/Public/Documents/PVSDRA/Lab_3/Lab_3.sim/sim_1/behav/xsim'
"xvhdl --incr --relax -prj FIR_tb_vhdl.prj"
INFO: [VRFC 10-163] Analyzing VHDL file "C:/Users/Public/Documents/PVSDRA/Lab_3/Lab_3.srcs/sim_1/new/FIR_tb.vhd" into library xil_defaultlib
INFO: [VRFC 10-307] analyzing entity FIR_tb
INFO: [USF-XSim-69] 'compile' step finished in '1' seconds
INFO: [Vivado 12-5682] Launching behavioral simulation in 'C:/Users/Public/Documents/PVSDRA/Lab_3/Lab_3.sim/sim_1/behav/xsim'
INFO: [USF-XSim-3] XSim::Elaborate design
INFO: [USF-XSim-61] Executing 'ELABORATE' step in 'C:/Users/Public/Documents/PVSDRA/Lab_3/Lab_3.sim/sim_1/behav/xsim'
Vivado Simulator 2018.2
Copyright 1986-1999, 2001-2018 Xilinx, Inc. All Rights Reserved.
Running: D:/Xilinx/Vivado/2018.2/bin/unwrapped/win64.o/xelab.exe -wto ba93bc7316ac4ceb80ae35f65eb8577a --incr --debug typical --relax --mt 2 -L xil_defaultlib -L secureip --snapshot FIR_tb_behav xil_defaultlib.FIR_tb -log elaborate.log 
Using 2 slave threads.
Starting static elaboration
Completed static elaboration
Starting simulation data flow analysis
Completed simulation data flow analysis
Time Resolution for simulation is 1ps
Compiling package std.standard
Compiling package std.textio
Compiling package ieee.std_logic_1164
Compiling package ieee.numeric_std
Compiling package std.env
Compiling package ieee.std_logic_arith
Compiling package ieee.std_logic_unsigned
Compiling architecture behavioral of entity xil_defaultlib.FSM [fsm_default]
Compiling architecture behavioral of entity xil_defaultlib.ROM [rom_default]
Compiling architecture behavioral of entity xil_defaultlib.FIR [fir_default]
Compiling architecture behavioral of entity xil_defaultlib.fir_tb
Built simulation snapshot FIR_tb_behav
INFO: [USF-XSim-69] 'elaborate' step finished in '2' seconds
Vivado Simulator 2018.2
Time resolution is 1 ps
relaunch_sim: Time (s): cpu = 00:00:00 ; elapsed = 00:00:06 . Memory (MB): peak = 935.066 ; gain = 0.000
relaunch_sim
INFO: [Vivado 12-5682] Launching behavioral simulation in 'C:/Users/Public/Documents/PVSDRA/Lab_3/Lab_3.sim/sim_1/behav/xsim'
INFO: [SIM-utils-51] Simulation object is 'sim_1'
INFO: [SIM-utils-54] Inspecting design source files for 'FIR_tb' in fileset 'sim_1'...
INFO: [USF-XSim-97] Finding global include files...
INFO: [USF-XSim-98] Fetching design files from 'sim_1'...
INFO: [USF-XSim-2] XSim::Compile design
INFO: [USF-XSim-61] Executing 'COMPILE and ANALYZE' step in 'C:/Users/Public/Documents/PVSDRA/Lab_3/Lab_3.sim/sim_1/behav/xsim'
"xvhdl --incr --relax -prj FIR_tb_vhdl.prj"
INFO: [VRFC 10-163] Analyzing VHDL file "C:/Users/Public/Documents/PVSDRA/Lab_3/Lab_3.srcs/sim_1/new/FIR_tb.vhd" into library xil_defaultlib
INFO: [VRFC 10-307] analyzing entity FIR_tb
INFO: [USF-XSim-69] 'compile' step finished in '1' seconds
INFO: [Vivado 12-5682] Launching behavioral simulation in 'C:/Users/Public/Documents/PVSDRA/Lab_3/Lab_3.sim/sim_1/behav/xsim'
INFO: [USF-XSim-3] XSim::Elaborate design
INFO: [USF-XSim-61] Executing 'ELABORATE' step in 'C:/Users/Public/Documents/PVSDRA/Lab_3/Lab_3.sim/sim_1/behav/xsim'
Vivado Simulator 2018.2
Copyright 1986-1999, 2001-2018 Xilinx, Inc. All Rights Reserved.
Running: D:/Xilinx/Vivado/2018.2/bin/unwrapped/win64.o/xelab.exe -wto ba93bc7316ac4ceb80ae35f65eb8577a --incr --debug typical --relax --mt 2 -L xil_defaultlib -L secureip --snapshot FIR_tb_behav xil_defaultlib.FIR_tb -log elaborate.log 
Using 2 slave threads.
Starting static elaboration
Completed static elaboration
Starting simulation data flow analysis
Completed simulation data flow analysis
Time Resolution for simulation is 1ps
Compiling package std.standard
Compiling package std.textio
Compiling package ieee.std_logic_1164
Compiling package ieee.numeric_std
Compiling package std.env
Compiling package ieee.std_logic_arith
Compiling package ieee.std_logic_unsigned
Compiling architecture behavioral of entity xil_defaultlib.FSM [fsm_default]
Compiling architecture behavioral of entity xil_defaultlib.ROM [rom_default]
Compiling architecture behavioral of entity xil_defaultlib.FIR [fir_default]
Compiling architecture behavioral of entity xil_defaultlib.fir_tb
Built simulation snapshot FIR_tb_behav
INFO: [USF-XSim-69] 'elaborate' step finished in '2' seconds
Vivado Simulator 2018.2
Time resolution is 1 ps
relaunch_sim: Time (s): cpu = 00:00:00 ; elapsed = 00:00:06 . Memory (MB): peak = 935.066 ; gain = 0.000
relaunch_sim
INFO: [Vivado 12-5682] Launching behavioral simulation in 'C:/Users/Public/Documents/PVSDRA/Lab_3/Lab_3.sim/sim_1/behav/xsim'
INFO: [SIM-utils-51] Simulation object is 'sim_1'
INFO: [SIM-utils-54] Inspecting design source files for 'FIR_tb' in fileset 'sim_1'...
INFO: [USF-XSim-97] Finding global include files...
INFO: [USF-XSim-98] Fetching design files from 'sim_1'...
INFO: [USF-XSim-2] XSim::Compile design
INFO: [USF-XSim-61] Executing 'COMPILE and ANALYZE' step in 'C:/Users/Public/Documents/PVSDRA/Lab_3/Lab_3.sim/sim_1/behav/xsim'
"xvhdl --incr --relax -prj FIR_tb_vhdl.prj"
INFO: [VRFC 10-163] Analyzing VHDL file "C:/Users/Public/Documents/PVSDRA/Lab_3/Lab_3.srcs/sim_1/new/FIR_tb.vhd" into library xil_defaultlib
INFO: [VRFC 10-307] analyzing entity FIR_tb
INFO: [USF-XSim-69] 'compile' step finished in '1' seconds
INFO: [Vivado 12-5682] Launching behavioral simulation in 'C:/Users/Public/Documents/PVSDRA/Lab_3/Lab_3.sim/sim_1/behav/xsim'
INFO: [USF-XSim-3] XSim::Elaborate design
INFO: [USF-XSim-61] Executing 'ELABORATE' step in 'C:/Users/Public/Documents/PVSDRA/Lab_3/Lab_3.sim/sim_1/behav/xsim'
Vivado Simulator 2018.2
Copyright 1986-1999, 2001-2018 Xilinx, Inc. All Rights Reserved.
Running: D:/Xilinx/Vivado/2018.2/bin/unwrapped/win64.o/xelab.exe -wto ba93bc7316ac4ceb80ae35f65eb8577a --incr --debug typical --relax --mt 2 -L xil_defaultlib -L secureip --snapshot FIR_tb_behav xil_defaultlib.FIR_tb -log elaborate.log 
Using 2 slave threads.
Starting static elaboration
Completed static elaboration
Starting simulation data flow analysis
Completed simulation data flow analysis
Time Resolution for simulation is 1ps
Compiling package std.standard
Compiling package std.textio
Compiling package ieee.std_logic_1164
Compiling package ieee.numeric_std
Compiling package std.env
Compiling package ieee.std_logic_arith
Compiling package ieee.std_logic_unsigned
Compiling architecture behavioral of entity xil_defaultlib.FSM [fsm_default]
Compiling architecture behavioral of entity xil_defaultlib.ROM [rom_default]
Compiling architecture behavioral of entity xil_defaultlib.FIR [fir_default]
Compiling architecture behavioral of entity xil_defaultlib.fir_tb
Built simulation snapshot FIR_tb_behav
INFO: [USF-XSim-69] 'elaborate' step finished in '2' seconds
Vivado Simulator 2018.2
Time resolution is 1 ps
relaunch_sim
INFO: [Vivado 12-5682] Launching behavioral simulation in 'C:/Users/Public/Documents/PVSDRA/Lab_3/Lab_3.sim/sim_1/behav/xsim'
INFO: [SIM-utils-51] Simulation object is 'sim_1'
INFO: [SIM-utils-54] Inspecting design source files for 'FIR_tb' in fileset 'sim_1'...
INFO: [USF-XSim-97] Finding global include files...
INFO: [USF-XSim-98] Fetching design files from 'sim_1'...
INFO: [USF-XSim-2] XSim::Compile design
INFO: [USF-XSim-61] Executing 'COMPILE and ANALYZE' step in 'C:/Users/Public/Documents/PVSDRA/Lab_3/Lab_3.sim/sim_1/behav/xsim'
"xvhdl --incr --relax -prj FIR_tb_vhdl.prj"
INFO: [VRFC 10-163] Analyzing VHDL file "C:/Users/Public/Documents/PVSDRA/Lab_3/Lab_3.srcs/sources_1/new/FIR.vhd" into library xil_defaultlib
INFO: [VRFC 10-307] analyzing entity FIR
INFO: [VRFC 10-163] Analyzing VHDL file "C:/Users/Public/Documents/PVSDRA/Lab_3/Lab_3.srcs/sim_1/new/FIR_tb.vhd" into library xil_defaultlib
INFO: [VRFC 10-307] analyzing entity FIR_tb
INFO: [USF-XSim-69] 'compile' step finished in '1' seconds
INFO: [Vivado 12-5682] Launching behavioral simulation in 'C:/Users/Public/Documents/PVSDRA/Lab_3/Lab_3.sim/sim_1/behav/xsim'
INFO: [USF-XSim-3] XSim::Elaborate design
INFO: [USF-XSim-61] Executing 'ELABORATE' step in 'C:/Users/Public/Documents/PVSDRA/Lab_3/Lab_3.sim/sim_1/behav/xsim'
Vivado Simulator 2018.2
Copyright 1986-1999, 2001-2018 Xilinx, Inc. All Rights Reserved.
Running: D:/Xilinx/Vivado/2018.2/bin/unwrapped/win64.o/xelab.exe -wto ba93bc7316ac4ceb80ae35f65eb8577a --incr --debug typical --relax --mt 2 -L xil_defaultlib -L secureip --snapshot FIR_tb_behav xil_defaultlib.FIR_tb -log elaborate.log 
Using 2 slave threads.
Starting static elaboration
Completed static elaboration
Starting simulation data flow analysis
Completed simulation data flow analysis
Time Resolution for simulation is 1ps
Compiling package std.standard
Compiling package std.textio
Compiling package ieee.std_logic_1164
Compiling package ieee.numeric_std
Compiling package std.env
Compiling package ieee.std_logic_arith
Compiling package ieee.std_logic_unsigned
Compiling architecture behavioral of entity xil_defaultlib.FSM [fsm_default]
Compiling architecture behavioral of entity xil_defaultlib.ROM [rom_default]
Compiling architecture behavioral of entity xil_defaultlib.FIR [fir_default]
Compiling architecture behavioral of entity xil_defaultlib.fir_tb
Built simulation snapshot FIR_tb_behav
INFO: [USF-XSim-69] 'elaborate' step finished in '1' seconds
Vivado Simulator 2018.2
Time resolution is 1 ps
relaunch_sim
INFO: [Vivado 12-5682] Launching behavioral simulation in 'C:/Users/Public/Documents/PVSDRA/Lab_3/Lab_3.sim/sim_1/behav/xsim'
INFO: [SIM-utils-51] Simulation object is 'sim_1'
INFO: [SIM-utils-54] Inspecting design source files for 'FIR_tb' in fileset 'sim_1'...
INFO: [USF-XSim-97] Finding global include files...
INFO: [USF-XSim-98] Fetching design files from 'sim_1'...
INFO: [USF-XSim-2] XSim::Compile design
INFO: [USF-XSim-61] Executing 'COMPILE and ANALYZE' step in 'C:/Users/Public/Documents/PVSDRA/Lab_3/Lab_3.sim/sim_1/behav/xsim'
"xvhdl --incr --relax -prj FIR_tb_vhdl.prj"
INFO: [VRFC 10-163] Analyzing VHDL file "C:/Users/Public/Documents/PVSDRA/Lab_3/Lab_3.srcs/sources_1/new/FIR.vhd" into library xil_defaultlib
INFO: [VRFC 10-307] analyzing entity FIR
INFO: [VRFC 10-163] Analyzing VHDL file "C:/Users/Public/Documents/PVSDRA/Lab_3/Lab_3.srcs/sim_1/new/FIR_tb.vhd" into library xil_defaultlib
INFO: [VRFC 10-307] analyzing entity FIR_tb
INFO: [USF-XSim-69] 'compile' step finished in '1' seconds
INFO: [Vivado 12-5682] Launching behavioral simulation in 'C:/Users/Public/Documents/PVSDRA/Lab_3/Lab_3.sim/sim_1/behav/xsim'
INFO: [USF-XSim-3] XSim::Elaborate design
INFO: [USF-XSim-61] Executing 'ELABORATE' step in 'C:/Users/Public/Documents/PVSDRA/Lab_3/Lab_3.sim/sim_1/behav/xsim'
Vivado Simulator 2018.2
Copyright 1986-1999, 2001-2018 Xilinx, Inc. All Rights Reserved.
Running: D:/Xilinx/Vivado/2018.2/bin/unwrapped/win64.o/xelab.exe -wto ba93bc7316ac4ceb80ae35f65eb8577a --incr --debug typical --relax --mt 2 -L xil_defaultlib -L secureip --snapshot FIR_tb_behav xil_defaultlib.FIR_tb -log elaborate.log 
Using 2 slave threads.
Starting static elaboration
Completed static elaboration
Starting simulation data flow analysis
Completed simulation data flow analysis
Time Resolution for simulation is 1ps
Compiling package std.standard
Compiling package std.textio
Compiling package ieee.std_logic_1164
Compiling package ieee.numeric_std
Compiling package std.env
Compiling package ieee.std_logic_arith
Compiling package ieee.std_logic_unsigned
Compiling architecture behavioral of entity xil_defaultlib.FSM [fsm_default]
Compiling architecture behavioral of entity xil_defaultlib.ROM [rom_default]
Compiling architecture behavioral of entity xil_defaultlib.FIR [fir_default]
Compiling architecture behavioral of entity xil_defaultlib.fir_tb
Built simulation snapshot FIR_tb_behav
INFO: [USF-XSim-69] 'elaborate' step finished in '1' seconds
Vivado Simulator 2018.2
Time resolution is 1 ps
ERROR: Index 14 out of bound 11 downto 0
Time: 76 ns  Iteration: 2  Process: /FIR_tb/uut/line__91
  File: C:/Users/Public/Documents/PVSDRA/Lab_3/Lab_3.srcs/sources_1/new/FIR.vhd

HDL Line: C:/Users/Public/Documents/PVSDRA/Lab_3/Lab_3.srcs/sources_1/new/FIR.vhd:91
relaunch_sim: Time (s): cpu = 00:00:00 ; elapsed = 00:00:05 . Memory (MB): peak = 938.035 ; gain = 0.000
relaunch_sim
INFO: [Vivado 12-5682] Launching behavioral simulation in 'C:/Users/Public/Documents/PVSDRA/Lab_3/Lab_3.sim/sim_1/behav/xsim'
INFO: [SIM-utils-51] Simulation object is 'sim_1'
INFO: [SIM-utils-54] Inspecting design source files for 'FIR_tb' in fileset 'sim_1'...
INFO: [USF-XSim-97] Finding global include files...
INFO: [USF-XSim-98] Fetching design files from 'sim_1'...
INFO: [USF-XSim-2] XSim::Compile design
INFO: [USF-XSim-61] Executing 'COMPILE and ANALYZE' step in 'C:/Users/Public/Documents/PVSDRA/Lab_3/Lab_3.sim/sim_1/behav/xsim'
"xvhdl --incr --relax -prj FIR_tb_vhdl.prj"
INFO: [VRFC 10-163] Analyzing VHDL file "C:/Users/Public/Documents/PVSDRA/Lab_3/Lab_3.srcs/sources_1/new/ROM.vhd" into library xil_defaultlib
INFO: [VRFC 10-307] analyzing entity ROM
INFO: [VRFC 10-163] Analyzing VHDL file "C:/Users/Public/Documents/PVSDRA/Lab_3/Lab_3.srcs/sources_1/new/FIR.vhd" into library xil_defaultlib
INFO: [VRFC 10-307] analyzing entity FIR
INFO: [VRFC 10-163] Analyzing VHDL file "C:/Users/Public/Documents/PVSDRA/Lab_3/Lab_3.srcs/sim_1/new/FIR_tb.vhd" into library xil_defaultlib
INFO: [VRFC 10-307] analyzing entity FIR_tb
INFO: [USF-XSim-69] 'compile' step finished in '1' seconds
INFO: [Vivado 12-5682] Launching behavioral simulation in 'C:/Users/Public/Documents/PVSDRA/Lab_3/Lab_3.sim/sim_1/behav/xsim'
INFO: [USF-XSim-3] XSim::Elaborate design
INFO: [USF-XSim-61] Executing 'ELABORATE' step in 'C:/Users/Public/Documents/PVSDRA/Lab_3/Lab_3.sim/sim_1/behav/xsim'
Vivado Simulator 2018.2
Copyright 1986-1999, 2001-2018 Xilinx, Inc. All Rights Reserved.
Running: D:/Xilinx/Vivado/2018.2/bin/unwrapped/win64.o/xelab.exe -wto ba93bc7316ac4ceb80ae35f65eb8577a --incr --debug typical --relax --mt 2 -L xil_defaultlib -L secureip --snapshot FIR_tb_behav xil_defaultlib.FIR_tb -log elaborate.log 
Using 2 slave threads.
Starting static elaboration
Completed static elaboration
Starting simulation data flow analysis
Completed simulation data flow analysis
Time Resolution for simulation is 1ps
Compiling package std.standard
Compiling package std.textio
Compiling package ieee.std_logic_1164
Compiling package ieee.numeric_std
Compiling package std.env
Compiling package ieee.std_logic_arith
Compiling package ieee.std_logic_unsigned
Compiling architecture behavioral of entity xil_defaultlib.FSM [fsm_default]
Compiling architecture behavioral of entity xil_defaultlib.ROM [rom_default]
Compiling architecture behavioral of entity xil_defaultlib.FIR [fir_default]
Compiling architecture behavioral of entity xil_defaultlib.fir_tb
Built simulation snapshot FIR_tb_behav
INFO: [USF-XSim-69] 'elaborate' step finished in '2' seconds
Vivado Simulator 2018.2
Time resolution is 1 ps
relaunch_sim: Time (s): cpu = 00:00:00 ; elapsed = 00:00:07 . Memory (MB): peak = 938.844 ; gain = 0.000
relaunch_sim
INFO: [Vivado 12-5682] Launching behavioral simulation in 'C:/Users/Public/Documents/PVSDRA/Lab_3/Lab_3.sim/sim_1/behav/xsim'
INFO: [SIM-utils-51] Simulation object is 'sim_1'
INFO: [SIM-utils-54] Inspecting design source files for 'FIR_tb' in fileset 'sim_1'...
INFO: [USF-XSim-97] Finding global include files...
INFO: [USF-XSim-98] Fetching design files from 'sim_1'...
INFO: [USF-XSim-2] XSim::Compile design
INFO: [USF-XSim-61] Executing 'COMPILE and ANALYZE' step in 'C:/Users/Public/Documents/PVSDRA/Lab_3/Lab_3.sim/sim_1/behav/xsim'
"xvhdl --incr --relax -prj FIR_tb_vhdl.prj"
INFO: [VRFC 10-163] Analyzing VHDL file "C:/Users/Public/Documents/PVSDRA/Lab_3/Lab_3.srcs/sources_1/new/FIR.vhd" into library xil_defaultlib
INFO: [VRFC 10-307] analyzing entity FIR
INFO: [VRFC 10-163] Analyzing VHDL file "C:/Users/Public/Documents/PVSDRA/Lab_3/Lab_3.srcs/sim_1/new/FIR_tb.vhd" into library xil_defaultlib
INFO: [VRFC 10-307] analyzing entity FIR_tb
INFO: [USF-XSim-69] 'compile' step finished in '1' seconds
INFO: [Vivado 12-5682] Launching behavioral simulation in 'C:/Users/Public/Documents/PVSDRA/Lab_3/Lab_3.sim/sim_1/behav/xsim'
INFO: [USF-XSim-3] XSim::Elaborate design
INFO: [USF-XSim-61] Executing 'ELABORATE' step in 'C:/Users/Public/Documents/PVSDRA/Lab_3/Lab_3.sim/sim_1/behav/xsim'
Vivado Simulator 2018.2
Copyright 1986-1999, 2001-2018 Xilinx, Inc. All Rights Reserved.
Running: D:/Xilinx/Vivado/2018.2/bin/unwrapped/win64.o/xelab.exe -wto ba93bc7316ac4ceb80ae35f65eb8577a --incr --debug typical --relax --mt 2 -L xil_defaultlib -L secureip --snapshot FIR_tb_behav xil_defaultlib.FIR_tb -log elaborate.log 
Using 2 slave threads.
Starting static elaboration
Completed static elaboration
Starting simulation data flow analysis
Completed simulation data flow analysis
Time Resolution for simulation is 1ps
Compiling package std.standard
Compiling package std.textio
Compiling package ieee.std_logic_1164
Compiling package ieee.numeric_std
Compiling package std.env
Compiling package ieee.std_logic_arith
Compiling package ieee.std_logic_unsigned
Compiling architecture behavioral of entity xil_defaultlib.FSM [fsm_default]
Compiling architecture behavioral of entity xil_defaultlib.ROM [rom_default]
Compiling architecture behavioral of entity xil_defaultlib.FIR [fir_default]
Compiling architecture behavioral of entity xil_defaultlib.fir_tb
Built simulation snapshot FIR_tb_behav
INFO: [USF-XSim-69] 'elaborate' step finished in '1' seconds
Vivado Simulator 2018.2
Time resolution is 1 ps
relaunch_sim
INFO: [Vivado 12-5682] Launching behavioral simulation in 'C:/Users/Public/Documents/PVSDRA/Lab_3/Lab_3.sim/sim_1/behav/xsim'
INFO: [SIM-utils-51] Simulation object is 'sim_1'
INFO: [SIM-utils-54] Inspecting design source files for 'FIR_tb' in fileset 'sim_1'...
INFO: [USF-XSim-97] Finding global include files...
INFO: [USF-XSim-98] Fetching design files from 'sim_1'...
INFO: [USF-XSim-2] XSim::Compile design
INFO: [USF-XSim-61] Executing 'COMPILE and ANALYZE' step in 'C:/Users/Public/Documents/PVSDRA/Lab_3/Lab_3.sim/sim_1/behav/xsim'
"xvhdl --incr --relax -prj FIR_tb_vhdl.prj"
INFO: [VRFC 10-163] Analyzing VHDL file "C:/Users/Public/Documents/PVSDRA/Lab_3/Lab_3.srcs/sources_1/new/ROM.vhd" into library xil_defaultlib
INFO: [VRFC 10-307] analyzing entity ROM
INFO: [VRFC 10-163] Analyzing VHDL file "C:/Users/Public/Documents/PVSDRA/Lab_3/Lab_3.srcs/sources_1/new/FIR.vhd" into library xil_defaultlib
INFO: [VRFC 10-307] analyzing entity FIR
INFO: [VRFC 10-163] Analyzing VHDL file "C:/Users/Public/Documents/PVSDRA/Lab_3/Lab_3.srcs/sim_1/new/FIR_tb.vhd" into library xil_defaultlib
INFO: [VRFC 10-307] analyzing entity FIR_tb
INFO: [USF-XSim-69] 'compile' step finished in '1' seconds
INFO: [Vivado 12-5682] Launching behavioral simulation in 'C:/Users/Public/Documents/PVSDRA/Lab_3/Lab_3.sim/sim_1/behav/xsim'
INFO: [USF-XSim-3] XSim::Elaborate design
INFO: [USF-XSim-61] Executing 'ELABORATE' step in 'C:/Users/Public/Documents/PVSDRA/Lab_3/Lab_3.sim/sim_1/behav/xsim'
Vivado Simulator 2018.2
Copyright 1986-1999, 2001-2018 Xilinx, Inc. All Rights Reserved.
Running: D:/Xilinx/Vivado/2018.2/bin/unwrapped/win64.o/xelab.exe -wto ba93bc7316ac4ceb80ae35f65eb8577a --incr --debug typical --relax --mt 2 -L xil_defaultlib -L secureip --snapshot FIR_tb_behav xil_defaultlib.FIR_tb -log elaborate.log 
Using 2 slave threads.
Starting static elaboration
Completed static elaboration
Starting simulation data flow analysis
Completed simulation data flow analysis
Time Resolution for simulation is 1ps
Compiling package std.standard
Compiling package std.textio
Compiling package ieee.std_logic_1164
Compiling package ieee.numeric_std
Compiling package std.env
Compiling package ieee.std_logic_arith
Compiling package ieee.std_logic_unsigned
Compiling architecture behavioral of entity xil_defaultlib.FSM [fsm_default]
Compiling architecture behavioral of entity xil_defaultlib.ROM [rom_default]
Compiling architecture behavioral of entity xil_defaultlib.FIR [fir_default]
Compiling architecture behavioral of entity xil_defaultlib.fir_tb
Built simulation snapshot FIR_tb_behav
INFO: [USF-XSim-69] 'elaborate' step finished in '2' seconds
Vivado Simulator 2018.2
Time resolution is 1 ps
relaunch_sim: Time (s): cpu = 00:00:00 ; elapsed = 00:00:07 . Memory (MB): peak = 938.844 ; gain = 0.000
relaunch_sim
INFO: [Vivado 12-5682] Launching behavioral simulation in 'C:/Users/Public/Documents/PVSDRA/Lab_3/Lab_3.sim/sim_1/behav/xsim'
INFO: [SIM-utils-51] Simulation object is 'sim_1'
INFO: [SIM-utils-54] Inspecting design source files for 'FIR_tb' in fileset 'sim_1'...
INFO: [USF-XSim-97] Finding global include files...
INFO: [USF-XSim-98] Fetching design files from 'sim_1'...
INFO: [USF-XSim-2] XSim::Compile design
INFO: [USF-XSim-61] Executing 'COMPILE and ANALYZE' step in 'C:/Users/Public/Documents/PVSDRA/Lab_3/Lab_3.sim/sim_1/behav/xsim'
"xvhdl --incr --relax -prj FIR_tb_vhdl.prj"
INFO: [VRFC 10-163] Analyzing VHDL file "C:/Users/Public/Documents/PVSDRA/Lab_3/Lab_3.srcs/sources_1/new/ROM.vhd" into library xil_defaultlib
INFO: [VRFC 10-307] analyzing entity ROM
INFO: [VRFC 10-163] Analyzing VHDL file "C:/Users/Public/Documents/PVSDRA/Lab_3/Lab_3.srcs/sources_1/new/FIR.vhd" into library xil_defaultlib
INFO: [VRFC 10-307] analyzing entity FIR
INFO: [VRFC 10-163] Analyzing VHDL file "C:/Users/Public/Documents/PVSDRA/Lab_3/Lab_3.srcs/sim_1/new/FIR_tb.vhd" into library xil_defaultlib
INFO: [VRFC 10-307] analyzing entity FIR_tb
INFO: [USF-XSim-69] 'compile' step finished in '1' seconds
INFO: [Vivado 12-5682] Launching behavioral simulation in 'C:/Users/Public/Documents/PVSDRA/Lab_3/Lab_3.sim/sim_1/behav/xsim'
INFO: [USF-XSim-3] XSim::Elaborate design
INFO: [USF-XSim-61] Executing 'ELABORATE' step in 'C:/Users/Public/Documents/PVSDRA/Lab_3/Lab_3.sim/sim_1/behav/xsim'
Vivado Simulator 2018.2
Copyright 1986-1999, 2001-2018 Xilinx, Inc. All Rights Reserved.
Running: D:/Xilinx/Vivado/2018.2/bin/unwrapped/win64.o/xelab.exe -wto ba93bc7316ac4ceb80ae35f65eb8577a --incr --debug typical --relax --mt 2 -L xil_defaultlib -L secureip --snapshot FIR_tb_behav xil_defaultlib.FIR_tb -log elaborate.log 
Using 2 slave threads.
Starting static elaboration
Completed static elaboration
Starting simulation data flow analysis
Completed simulation data flow analysis
Time Resolution for simulation is 1ps
Compiling package std.standard
Compiling package std.textio
Compiling package ieee.std_logic_1164
Compiling package ieee.numeric_std
Compiling package std.env
Compiling package ieee.std_logic_arith
Compiling package ieee.std_logic_unsigned
Compiling architecture behavioral of entity xil_defaultlib.FSM [fsm_default]
Compiling architecture behavioral of entity xil_defaultlib.ROM [rom_default]
Compiling architecture behavioral of entity xil_defaultlib.FIR [fir_default]
Compiling architecture behavioral of entity xil_defaultlib.fir_tb
Built simulation snapshot FIR_tb_behav
INFO: [USF-XSim-69] 'elaborate' step finished in '2' seconds
Vivado Simulator 2018.2
Time resolution is 1 ps
close_sim
INFO: [Simtcl 6-16] Simulation closed
close [ open C:/Users/Public/Documents/PVSDRA/Lab_3/Lab_3.srcs/sources_1/new/Filter.sv w ]
add_files C:/Users/Public/Documents/PVSDRA/Lab_3/Lab_3.srcs/sources_1/new/Filter.sv
update_compile_order -fileset sources_1
set_property SOURCE_SET sources_1 [get_filesets sim_1]
close [ open {C:/Users/Public/Documents/PVSDRA/Lab_3/Lab_3.srcs/sim_1/new/FILTER _TB.sv} w ]
add_files -fileset sim_1 {{C:/Users/Public/Documents/PVSDRA/Lab_3/Lab_3.srcs/sim_1/new/FILTER _TB.sv}}
update_compile_order -fileset sim_1
set_property top FILTER_TB [get_filesets sim_1]
set_property top_lib xil_defaultlib [get_filesets sim_1]
launch_simulation
INFO: [Vivado 12-5682] Launching behavioral simulation in 'C:/Users/Public/Documents/PVSDRA/Lab_3/Lab_3.sim/sim_1/behav/xsim'
INFO: [SIM-utils-51] Simulation object is 'sim_1'
INFO: [SIM-utils-54] Inspecting design source files for 'FILTER_TB' in fileset 'sim_1'...
INFO: [USF-XSim-97] Finding global include files...
INFO: [USF-XSim-98] Fetching design files from 'sim_1'...
INFO: [USF-XSim-2] XSim::Compile design
INFO: [USF-XSim-61] Executing 'COMPILE and ANALYZE' step in 'C:/Users/Public/Documents/PVSDRA/Lab_3/Lab_3.sim/sim_1/behav/xsim'
"xvlog --incr --relax -prj FILTER_TB_vlog.prj"
INFO: [VRFC 10-2263] Analyzing SystemVerilog file "C:/Users/Public/Documents/PVSDRA/Lab_3/Lab_3.srcs/sources_1/new/Filter.sv" into library xil_defaultlib
INFO: [VRFC 10-311] analyzing module FILTER
INFO: [VRFC 10-2263] Analyzing SystemVerilog file "C:/Users/Public/Documents/PVSDRA/Lab_3/Lab_3.srcs/sim_1/new/FILTER _TB.sv" into library xil_defaultlib
INFO: [VRFC 10-311] analyzing module FILTER_TB
INFO: [USF-XSim-69] 'compile' step finished in '2' seconds
INFO: [USF-XSim-3] XSim::Elaborate design
INFO: [USF-XSim-61] Executing 'ELABORATE' step in 'C:/Users/Public/Documents/PVSDRA/Lab_3/Lab_3.sim/sim_1/behav/xsim'
Vivado Simulator 2018.2
Copyright 1986-1999, 2001-2018 Xilinx, Inc. All Rights Reserved.
Running: D:/Xilinx/Vivado/2018.2/bin/unwrapped/win64.o/xelab.exe -wto ba93bc7316ac4ceb80ae35f65eb8577a --incr --debug typical --relax --mt 2 -L xil_defaultlib -L unisims_ver -L unimacro_ver -L secureip --snapshot FILTER_TB_behav xil_defaultlib.FILTER_TB xil_defaultlib.glbl -log elaborate.log 
Using 2 slave threads.
Starting static elaboration
Completed static elaboration
Starting simulation data flow analysis
WARNING: [XSIM 43-4100] "C:/Users/Public/Documents/PVSDRA/Lab_3/Lab_3.sim/sim_1/behav/xsim/glbl.v" Line 6. Module glbl has a timescale but at least one module in design doesn't have timescale.
Completed simulation data flow analysis
Time Resolution for simulation is 1ps
Compiling module xil_defaultlib.FILTER
Compiling module xil_defaultlib.FILTER_TB
Compiling module xil_defaultlib.glbl
Built simulation snapshot FILTER_TB_behav

****** Webtalk v2018.2 (64-bit)
  **** SW Build 2258646 on Thu Jun 14 20:03:12 MDT 2018
  **** IP Build 2256618 on Thu Jun 14 22:10:49 MDT 2018
    ** Copyright 1986-2018 Xilinx, Inc. All Rights Reserved.

source C:/Users/Public/Documents/PVSDRA/Lab_3/Lab_3.sim/sim_1/behav/xsim/xsim.dir/FILTER_TB_behav/webtalk/xsim_webtalk.tcl -notrace
INFO: [Common 17-206] Exiting Webtalk at Mon Nov 17 21:57:48 2025...
INFO: [USF-XSim-69] 'elaborate' step finished in '3' seconds
INFO: [USF-XSim-4] XSim::Simulate design
INFO: [USF-XSim-61] Executing 'SIMULATE' step in 'C:/Users/Public/Documents/PVSDRA/Lab_3/Lab_3.sim/sim_1/behav/xsim'
INFO: [USF-XSim-98] *** Running xsim
   with args "FILTER_TB_behav -key {Behavioral:sim_1:Functional:FILTER_TB} -tclbatch {FILTER_TB.tcl} -log {simulate.log}"
INFO: [USF-XSim-8] Loading simulator feature
Vivado Simulator 2018.2
Time resolution is 1 ps
source FILTER_TB.tcl
# set curr_wave [current_wave_config]
# if { [string length $curr_wave] == 0 } {
#   if { [llength [get_objects]] > 0} {
#     add_wave /
#     set_property needs_save false [current_wave_config]
#   } else {
#      send_msg_id Add_Wave-1 WARNING "No top level signals found. Simulator will start without a wave window. If you want to open a wave window go to 'File->New Waveform Configuration' or type 'create_wave_config' in the TCL console."
#   }
# }
# run 1000ns
$finish called at time : 870 ns : File "C:/Users/Public/Documents/PVSDRA/Lab_3/Lab_3.srcs/sim_1/new/FILTER _TB.sv" Line 45
INFO: [USF-XSim-96] XSim completed. Design snapshot 'FILTER_TB_behav' loaded.
INFO: [USF-XSim-97] XSim simulation ran for 1000ns
launch_simulation: Time (s): cpu = 00:00:02 ; elapsed = 00:00:07 . Memory (MB): peak = 956.375 ; gain = 0.000
update_compile_order -fileset sim_1
relaunch_sim
INFO: [Vivado 12-5682] Launching behavioral simulation in 'C:/Users/Public/Documents/PVSDRA/Lab_3/Lab_3.sim/sim_1/behav/xsim'
INFO: [SIM-utils-51] Simulation object is 'sim_1'
INFO: [SIM-utils-54] Inspecting design source files for 'FILTER_TB' in fileset 'sim_1'...
INFO: [USF-XSim-97] Finding global include files...
INFO: [USF-XSim-98] Fetching design files from 'sim_1'...
INFO: [USF-XSim-2] XSim::Compile design
INFO: [USF-XSim-61] Executing 'COMPILE and ANALYZE' step in 'C:/Users/Public/Documents/PVSDRA/Lab_3/Lab_3.sim/sim_1/behav/xsim'
"xvlog --incr --relax -prj FILTER_TB_vlog.prj"
INFO: [VRFC 10-2263] Analyzing SystemVerilog file "C:/Users/Public/Documents/PVSDRA/Lab_3/Lab_3.srcs/sources_1/new/Filter.sv" into library xil_defaultlib
INFO: [VRFC 10-311] analyzing module FILTER
INFO: [VRFC 10-2263] Analyzing SystemVerilog file "C:/Users/Public/Documents/PVSDRA/Lab_3/Lab_3.srcs/sim_1/new/FILTER _TB.sv" into library xil_defaultlib
INFO: [VRFC 10-311] analyzing module FILTER_TB
INFO: [USF-XSim-69] 'compile' step finished in '1' seconds
INFO: [Vivado 12-5682] Launching behavioral simulation in 'C:/Users/Public/Documents/PVSDRA/Lab_3/Lab_3.sim/sim_1/behav/xsim'
INFO: [USF-XSim-3] XSim::Elaborate design
INFO: [USF-XSim-61] Executing 'ELABORATE' step in 'C:/Users/Public/Documents/PVSDRA/Lab_3/Lab_3.sim/sim_1/behav/xsim'
Vivado Simulator 2018.2
Copyright 1986-1999, 2001-2018 Xilinx, Inc. All Rights Reserved.
Running: D:/Xilinx/Vivado/2018.2/bin/unwrapped/win64.o/xelab.exe -wto ba93bc7316ac4ceb80ae35f65eb8577a --incr --debug typical --relax --mt 2 -L xil_defaultlib -L unisims_ver -L unimacro_ver -L secureip --snapshot FILTER_TB_behav xil_defaultlib.FILTER_TB xil_defaultlib.glbl -log elaborate.log 
Using 2 slave threads.
Starting static elaboration
Completed static elaboration
Starting simulation data flow analysis
WARNING: [XSIM 43-4100] "C:/Users/Public/Documents/PVSDRA/Lab_3/Lab_3.sim/sim_1/behav/xsim/glbl.v" Line 6. Module glbl has a timescale but at least one module in design doesn't have timescale.
Completed simulation data flow analysis
Time Resolution for simulation is 1ps
Compiling module xil_defaultlib.FILTER
Compiling module xil_defaultlib.FILTER_TB
Compiling module xil_defaultlib.glbl
Built simulation snapshot FILTER_TB_behav
INFO: [USF-XSim-69] 'elaborate' step finished in '1' seconds
Vivado Simulator 2018.2
Time resolution is 1 ps
relaunch_sim: Time (s): cpu = 00:00:00 ; elapsed = 00:00:06 . Memory (MB): peak = 956.375 ; gain = 0.000
relaunch_sim
INFO: [Vivado 12-5682] Launching behavioral simulation in 'C:/Users/Public/Documents/PVSDRA/Lab_3/Lab_3.sim/sim_1/behav/xsim'
INFO: [SIM-utils-51] Simulation object is 'sim_1'
INFO: [SIM-utils-54] Inspecting design source files for 'FILTER_TB' in fileset 'sim_1'...
INFO: [USF-XSim-97] Finding global include files...
INFO: [USF-XSim-98] Fetching design files from 'sim_1'...
INFO: [USF-XSim-2] XSim::Compile design
INFO: [USF-XSim-61] Executing 'COMPILE and ANALYZE' step in 'C:/Users/Public/Documents/PVSDRA/Lab_3/Lab_3.sim/sim_1/behav/xsim'
"xvlog --incr --relax -prj FILTER_TB_vlog.prj"
INFO: [VRFC 10-2263] Analyzing SystemVerilog file "C:/Users/Public/Documents/PVSDRA/Lab_3/Lab_3.srcs/sources_1/new/Filter.sv" into library xil_defaultlib
INFO: [VRFC 10-311] analyzing module FILTER
INFO: [VRFC 10-2263] Analyzing SystemVerilog file "C:/Users/Public/Documents/PVSDRA/Lab_3/Lab_3.srcs/sim_1/new/FILTER _TB.sv" into library xil_defaultlib
INFO: [VRFC 10-311] analyzing module FILTER_TB
INFO: [USF-XSim-69] 'compile' step finished in '1' seconds
INFO: [Vivado 12-5682] Launching behavioral simulation in 'C:/Users/Public/Documents/PVSDRA/Lab_3/Lab_3.sim/sim_1/behav/xsim'
INFO: [USF-XSim-3] XSim::Elaborate design
INFO: [USF-XSim-61] Executing 'ELABORATE' step in 'C:/Users/Public/Documents/PVSDRA/Lab_3/Lab_3.sim/sim_1/behav/xsim'
Vivado Simulator 2018.2
Copyright 1986-1999, 2001-2018 Xilinx, Inc. All Rights Reserved.
Running: D:/Xilinx/Vivado/2018.2/bin/unwrapped/win64.o/xelab.exe -wto ba93bc7316ac4ceb80ae35f65eb8577a --incr --debug typical --relax --mt 2 -L xil_defaultlib -L unisims_ver -L unimacro_ver -L secureip --snapshot FILTER_TB_behav xil_defaultlib.FILTER_TB xil_defaultlib.glbl -log elaborate.log 
Using 2 slave threads.
Starting static elaboration
Completed static elaboration
Starting simulation data flow analysis
WARNING: [XSIM 43-4100] "C:/Users/Public/Documents/PVSDRA/Lab_3/Lab_3.sim/sim_1/behav/xsim/glbl.v" Line 6. Module glbl has a timescale but at least one module in design doesn't have timescale.
Completed simulation data flow analysis
Time Resolution for simulation is 1ps
Compiling module xil_defaultlib.FILTER
Compiling module xil_defaultlib.FILTER_TB
Compiling module xil_defaultlib.glbl
Built simulation snapshot FILTER_TB_behav
INFO: [USF-XSim-69] 'elaborate' step finished in '2' seconds
Vivado Simulator 2018.2
Time resolution is 1 ps
close_sim
INFO: [Simtcl 6-16] Simulation closed
export_ip_user_files -of_objects  [get_files C:/Users/Public/Documents/PVSDRA/Lab_3/Lab_3.srcs/sources_1/new/Filter.sv] -no_script -reset -force -quiet
remove_files  C:/Users/Public/Documents/PVSDRA/Lab_3/Lab_3.srcs/sources_1/new/Filter.sv
file delete -force C:/Users/Public/Documents/PVSDRA/Lab_3/Lab_3.srcs/sources_1/new/Filter.sv
export_ip_user_files -of_objects  [get_files {{C:/Users/Public/Documents/PVSDRA/Lab_3/Lab_3.srcs/sim_1/new/FILTER _TB.sv}}] -no_script -reset -force -quiet
remove_files  -fileset sim_1 {{C:/Users/Public/Documents/PVSDRA/Lab_3/Lab_3.srcs/sim_1/new/FILTER _TB.sv}}
file delete -force {C:/Users/Public/Documents/PVSDRA/Lab_3/Lab_3.srcs/sim_1/new/FILTER _TB.sv}
update_compile_order -fileset sim_1
launch_simulation
INFO: [Vivado 12-5682] Launching behavioral simulation in 'C:/Users/Public/Documents/PVSDRA/Lab_3/Lab_3.sim/sim_1/behav/xsim'
INFO: [SIM-utils-51] Simulation object is 'sim_1'
INFO: [SIM-utils-54] Inspecting design source files for 'FIR_tb' in fileset 'sim_1'...
INFO: [USF-XSim-97] Finding global include files...
INFO: [USF-XSim-98] Fetching design files from 'sim_1'...
INFO: [USF-XSim-2] XSim::Compile design
INFO: [USF-XSim-61] Executing 'COMPILE and ANALYZE' step in 'C:/Users/Public/Documents/PVSDRA/Lab_3/Lab_3.sim/sim_1/behav/xsim'
"xvhdl --incr --relax -prj FIR_tb_vhdl.prj"
INFO: [VRFC 10-163] Analyzing VHDL file "C:/Users/Public/Documents/PVSDRA/Lab_3/Lab_3.srcs/sim_1/new/FIR_tb.vhd" into library xil_defaultlib
INFO: [VRFC 10-307] analyzing entity FIR_tb
INFO: [USF-XSim-69] 'compile' step finished in '2' seconds
INFO: [USF-XSim-3] XSim::Elaborate design
INFO: [USF-XSim-61] Executing 'ELABORATE' step in 'C:/Users/Public/Documents/PVSDRA/Lab_3/Lab_3.sim/sim_1/behav/xsim'
Vivado Simulator 2018.2
Copyright 1986-1999, 2001-2018 Xilinx, Inc. All Rights Reserved.
Running: D:/Xilinx/Vivado/2018.2/bin/unwrapped/win64.o/xelab.exe -wto ba93bc7316ac4ceb80ae35f65eb8577a --incr --debug typical --relax --mt 2 -L xil_defaultlib -L secureip --snapshot FIR_tb_behav xil_defaultlib.FIR_tb -log elaborate.log 
Using 2 slave threads.
Starting static elaboration
Completed static elaboration
Starting simulation data flow analysis
Completed simulation data flow analysis
Time Resolution for simulation is 1ps
Compiling package std.standard
Compiling package std.textio
Compiling package ieee.std_logic_1164
Compiling package ieee.numeric_std
Compiling package std.env
Compiling package ieee.std_logic_arith
Compiling package ieee.std_logic_unsigned
Compiling architecture behavioral of entity xil_defaultlib.FSM [fsm_default]
Compiling architecture behavioral of entity xil_defaultlib.ROM [rom_default]
Compiling architecture behavioral of entity xil_defaultlib.FIR [fir_default]
Compiling architecture behavioral of entity xil_defaultlib.fir_tb
Built simulation snapshot FIR_tb_behav
INFO: [USF-XSim-69] 'elaborate' step finished in '1' seconds
INFO: [USF-XSim-4] XSim::Simulate design
INFO: [USF-XSim-61] Executing 'SIMULATE' step in 'C:/Users/Public/Documents/PVSDRA/Lab_3/Lab_3.sim/sim_1/behav/xsim'
INFO: [USF-XSim-98] *** Running xsim
   with args "FIR_tb_behav -key {Behavioral:sim_1:Functional:FIR_tb} -tclbatch {FIR_tb.tcl} -log {simulate.log}"
INFO: [USF-XSim-8] Loading simulator feature
Vivado Simulator 2018.2
Time resolution is 1 ps
source FIR_tb.tcl
# set curr_wave [current_wave_config]
# if { [string length $curr_wave] == 0 } {
#   if { [llength [get_objects]] > 0} {
#     add_wave /
#     set_property needs_save false [current_wave_config]
#   } else {
#      send_msg_id Add_Wave-1 WARNING "No top level signals found. Simulator will start without a wave window. If you want to open a wave window go to 'File->New Waveform Configuration' or type 'create_wave_config' in the TCL console."
#   }
# }
# run 1000ns
INFO: [USF-XSim-96] XSim completed. Design snapshot 'FIR_tb_behav' loaded.
INFO: [USF-XSim-97] XSim simulation ran for 1000ns
relaunch_sim
INFO: [Vivado 12-5682] Launching behavioral simulation in 'C:/Users/Public/Documents/PVSDRA/Lab_3/Lab_3.sim/sim_1/behav/xsim'
INFO: [SIM-utils-51] Simulation object is 'sim_1'
INFO: [SIM-utils-54] Inspecting design source files for 'FIR_tb' in fileset 'sim_1'...
INFO: [USF-XSim-97] Finding global include files...
INFO: [USF-XSim-98] Fetching design files from 'sim_1'...
INFO: [USF-XSim-2] XSim::Compile design
INFO: [USF-XSim-61] Executing 'COMPILE and ANALYZE' step in 'C:/Users/Public/Documents/PVSDRA/Lab_3/Lab_3.sim/sim_1/behav/xsim'
"xvhdl --incr --relax -prj FIR_tb_vhdl.prj"
INFO: [VRFC 10-163] Analyzing VHDL file "C:/Users/Public/Documents/PVSDRA/Lab_3/Lab_3.srcs/sources_1/new/FIR.vhd" into library xil_defaultlib
INFO: [VRFC 10-307] analyzing entity FIR
INFO: [VRFC 10-163] Analyzing VHDL file "C:/Users/Public/Documents/PVSDRA/Lab_3/Lab_3.srcs/sim_1/new/FIR_tb.vhd" into library xil_defaultlib
INFO: [VRFC 10-307] analyzing entity FIR_tb
INFO: [USF-XSim-69] 'compile' step finished in '1' seconds
INFO: [Vivado 12-5682] Launching behavioral simulation in 'C:/Users/Public/Documents/PVSDRA/Lab_3/Lab_3.sim/sim_1/behav/xsim'
INFO: [USF-XSim-3] XSim::Elaborate design
INFO: [USF-XSim-61] Executing 'ELABORATE' step in 'C:/Users/Public/Documents/PVSDRA/Lab_3/Lab_3.sim/sim_1/behav/xsim'
Vivado Simulator 2018.2
Copyright 1986-1999, 2001-2018 Xilinx, Inc. All Rights Reserved.
Running: D:/Xilinx/Vivado/2018.2/bin/unwrapped/win64.o/xelab.exe -wto ba93bc7316ac4ceb80ae35f65eb8577a --incr --debug typical --relax --mt 2 -L xil_defaultlib -L secureip --snapshot FIR_tb_behav xil_defaultlib.FIR_tb -log elaborate.log 
Using 2 slave threads.
Starting static elaboration
Completed static elaboration
Starting simulation data flow analysis
Completed simulation data flow analysis
Time Resolution for simulation is 1ps
Compiling package std.standard
Compiling package std.textio
Compiling package ieee.std_logic_1164
Compiling package ieee.numeric_std
Compiling package std.env
Compiling package ieee.std_logic_arith
Compiling package ieee.std_logic_unsigned
Compiling architecture behavioral of entity xil_defaultlib.FSM [fsm_default]
Compiling architecture behavioral of entity xil_defaultlib.ROM [rom_default]
Compiling architecture behavioral of entity xil_defaultlib.FIR [fir_default]
Compiling architecture behavioral of entity xil_defaultlib.fir_tb
Built simulation snapshot FIR_tb_behav
INFO: [USF-XSim-69] 'elaborate' step finished in '2' seconds
Vivado Simulator 2018.2
Time resolution is 1 ps
relaunch_sim: Time (s): cpu = 00:00:00 ; elapsed = 00:00:05 . Memory (MB): peak = 956.559 ; gain = 0.184
current_wave_config {Untitled 3}
Untitled 3
add_wave {{/FIR_tb/uut/addr11}} {{/FIR_tb/uut/addr12}} {{/FIR_tb/uut/addr13}} {{/FIR_tb/uut/addr21}} {{/FIR_tb/uut/addr22}} {{/FIR_tb/uut/addr23}} {{/FIR_tb/uut/coef11}} {{/FIR_tb/uut/coef12}} {{/FIR_tb/uut/coef13}} {{/FIR_tb/uut/coef21}} {{/FIR_tb/uut/coef22}} {{/FIR_tb/uut/coef23}} {{/FIR_tb/uut/coef11_shift}} {{/FIR_tb/uut/coef12_shift}} {{/FIR_tb/uut/coef13_shift}} {{/FIR_tb/uut/coef21_shift}} {{/FIR_tb/uut/coef22_shift}} {{/FIR_tb/uut/coef23_shift}} {{/FIR_tb/uut/acc1}} {{/FIR_tb/uut/acc2}} 
current_wave_config {Untitled 3}
Untitled 3
add_wave {{/FIR_tb/uut/bit_idx}} 
current_wave_config {Untitled 3}
Untitled 3
add_wave {{/FIR_tb/uut/reg}} 
restart
INFO: [Simtcl 6-17] Simulation restarted
run 1 us
relaunch_sim
INFO: [Vivado 12-5682] Launching behavioral simulation in 'C:/Users/Public/Documents/PVSDRA/Lab_3/Lab_3.sim/sim_1/behav/xsim'
INFO: [SIM-utils-51] Simulation object is 'sim_1'
INFO: [SIM-utils-54] Inspecting design source files for 'FIR_tb' in fileset 'sim_1'...
INFO: [USF-XSim-97] Finding global include files...
INFO: [USF-XSim-98] Fetching design files from 'sim_1'...
INFO: [USF-XSim-2] XSim::Compile design
INFO: [USF-XSim-61] Executing 'COMPILE and ANALYZE' step in 'C:/Users/Public/Documents/PVSDRA/Lab_3/Lab_3.sim/sim_1/behav/xsim'
"xvhdl --incr --relax -prj FIR_tb_vhdl.prj"
INFO: [VRFC 10-163] Analyzing VHDL file "C:/Users/Public/Documents/PVSDRA/Lab_3/Lab_3.srcs/sources_1/new/FIR.vhd" into library xil_defaultlib
INFO: [VRFC 10-307] analyzing entity FIR
INFO: [VRFC 10-163] Analyzing VHDL file "C:/Users/Public/Documents/PVSDRA/Lab_3/Lab_3.srcs/sim_1/new/FIR_tb.vhd" into library xil_defaultlib
INFO: [VRFC 10-307] analyzing entity FIR_tb
INFO: [USF-XSim-69] 'compile' step finished in '1' seconds
INFO: [Vivado 12-5682] Launching behavioral simulation in 'C:/Users/Public/Documents/PVSDRA/Lab_3/Lab_3.sim/sim_1/behav/xsim'
INFO: [USF-XSim-3] XSim::Elaborate design
INFO: [USF-XSim-61] Executing 'ELABORATE' step in 'C:/Users/Public/Documents/PVSDRA/Lab_3/Lab_3.sim/sim_1/behav/xsim'
Vivado Simulator 2018.2
Copyright 1986-1999, 2001-2018 Xilinx, Inc. All Rights Reserved.
Running: D:/Xilinx/Vivado/2018.2/bin/unwrapped/win64.o/xelab.exe -wto ba93bc7316ac4ceb80ae35f65eb8577a --incr --debug typical --relax --mt 2 -L xil_defaultlib -L secureip --snapshot FIR_tb_behav xil_defaultlib.FIR_tb -log elaborate.log 
Using 2 slave threads.
Starting static elaboration
Completed static elaboration
Starting simulation data flow analysis
Completed simulation data flow analysis
Time Resolution for simulation is 1ps
Compiling package std.standard
Compiling package std.textio
Compiling package ieee.std_logic_1164
Compiling package ieee.numeric_std
Compiling package std.env
Compiling package ieee.std_logic_arith
Compiling package ieee.std_logic_unsigned
Compiling architecture behavioral of entity xil_defaultlib.FSM [fsm_default]
Compiling architecture behavioral of entity xil_defaultlib.ROM [rom_default]
Compiling architecture behavioral of entity xil_defaultlib.FIR [fir_default]
Compiling architecture behavioral of entity xil_defaultlib.fir_tb
Built simulation snapshot FIR_tb_behav
INFO: [USF-XSim-69] 'elaborate' step finished in '1' seconds
Vivado Simulator 2018.2
Time resolution is 1 ps
relaunch_sim: Time (s): cpu = 00:00:01 ; elapsed = 00:00:07 . Memory (MB): peak = 961.891 ; gain = 0.000
relaunch_sim
INFO: [Vivado 12-5682] Launching behavioral simulation in 'C:/Users/Public/Documents/PVSDRA/Lab_3/Lab_3.sim/sim_1/behav/xsim'
INFO: [SIM-utils-51] Simulation object is 'sim_1'
INFO: [SIM-utils-54] Inspecting design source files for 'FIR_tb' in fileset 'sim_1'...
INFO: [USF-XSim-97] Finding global include files...
INFO: [USF-XSim-98] Fetching design files from 'sim_1'...
INFO: [USF-XSim-2] XSim::Compile design
INFO: [USF-XSim-61] Executing 'COMPILE and ANALYZE' step in 'C:/Users/Public/Documents/PVSDRA/Lab_3/Lab_3.sim/sim_1/behav/xsim'
"xvhdl --incr --relax -prj FIR_tb_vhdl.prj"
INFO: [VRFC 10-163] Analyzing VHDL file "C:/Users/Public/Documents/PVSDRA/Lab_3/Lab_3.srcs/sources_1/new/FIR.vhd" into library xil_defaultlib
INFO: [VRFC 10-307] analyzing entity FIR
INFO: [VRFC 10-163] Analyzing VHDL file "C:/Users/Public/Documents/PVSDRA/Lab_3/Lab_3.srcs/sim_1/new/FIR_tb.vhd" into library xil_defaultlib
INFO: [VRFC 10-307] analyzing entity FIR_tb
INFO: [USF-XSim-69] 'compile' step finished in '1' seconds
INFO: [Vivado 12-5682] Launching behavioral simulation in 'C:/Users/Public/Documents/PVSDRA/Lab_3/Lab_3.sim/sim_1/behav/xsim'
INFO: [USF-XSim-3] XSim::Elaborate design
INFO: [USF-XSim-61] Executing 'ELABORATE' step in 'C:/Users/Public/Documents/PVSDRA/Lab_3/Lab_3.sim/sim_1/behav/xsim'
Vivado Simulator 2018.2
Copyright 1986-1999, 2001-2018 Xilinx, Inc. All Rights Reserved.
Running: D:/Xilinx/Vivado/2018.2/bin/unwrapped/win64.o/xelab.exe -wto ba93bc7316ac4ceb80ae35f65eb8577a --incr --debug typical --relax --mt 2 -L xil_defaultlib -L secureip --snapshot FIR_tb_behav xil_defaultlib.FIR_tb -log elaborate.log 
Using 2 slave threads.
Starting static elaboration
Completed static elaboration
Starting simulation data flow analysis
Completed simulation data flow analysis
Time Resolution for simulation is 1ps
Compiling package std.standard
Compiling package std.textio
Compiling package ieee.std_logic_1164
Compiling package ieee.numeric_std
Compiling package std.env
Compiling package ieee.std_logic_arith
Compiling package ieee.std_logic_unsigned
Compiling architecture behavioral of entity xil_defaultlib.FSM [fsm_default]
Compiling architecture behavioral of entity xil_defaultlib.ROM [rom_default]
Compiling architecture behavioral of entity xil_defaultlib.FIR [fir_default]
Compiling architecture behavioral of entity xil_defaultlib.fir_tb
Built simulation snapshot FIR_tb_behav
INFO: [USF-XSim-69] 'elaborate' step finished in '1' seconds
Vivado Simulator 2018.2
Time resolution is 1 ps
relaunch_sim
INFO: [Vivado 12-5682] Launching behavioral simulation in 'C:/Users/Public/Documents/PVSDRA/Lab_3/Lab_3.sim/sim_1/behav/xsim'
INFO: [SIM-utils-51] Simulation object is 'sim_1'
INFO: [SIM-utils-54] Inspecting design source files for 'FIR_tb' in fileset 'sim_1'...
INFO: [USF-XSim-97] Finding global include files...
INFO: [USF-XSim-98] Fetching design files from 'sim_1'...
INFO: [USF-XSim-2] XSim::Compile design
INFO: [USF-XSim-61] Executing 'COMPILE and ANALYZE' step in 'C:/Users/Public/Documents/PVSDRA/Lab_3/Lab_3.sim/sim_1/behav/xsim'
"xvhdl --incr --relax -prj FIR_tb_vhdl.prj"
INFO: [VRFC 10-163] Analyzing VHDL file "C:/Users/Public/Documents/PVSDRA/Lab_3/Lab_3.srcs/sources_1/new/FIR.vhd" into library xil_defaultlib
INFO: [VRFC 10-307] analyzing entity FIR
INFO: [VRFC 10-163] Analyzing VHDL file "C:/Users/Public/Documents/PVSDRA/Lab_3/Lab_3.srcs/sim_1/new/FIR_tb.vhd" into library xil_defaultlib
INFO: [VRFC 10-307] analyzing entity FIR_tb
INFO: [USF-XSim-69] 'compile' step finished in '1' seconds
INFO: [Vivado 12-5682] Launching behavioral simulation in 'C:/Users/Public/Documents/PVSDRA/Lab_3/Lab_3.sim/sim_1/behav/xsim'
INFO: [USF-XSim-3] XSim::Elaborate design
INFO: [USF-XSim-61] Executing 'ELABORATE' step in 'C:/Users/Public/Documents/PVSDRA/Lab_3/Lab_3.sim/sim_1/behav/xsim'
Vivado Simulator 2018.2
Copyright 1986-1999, 2001-2018 Xilinx, Inc. All Rights Reserved.
Running: D:/Xilinx/Vivado/2018.2/bin/unwrapped/win64.o/xelab.exe -wto ba93bc7316ac4ceb80ae35f65eb8577a --incr --debug typical --relax --mt 2 -L xil_defaultlib -L secureip --snapshot FIR_tb_behav xil_defaultlib.FIR_tb -log elaborate.log 
Using 2 slave threads.
Starting static elaboration
Completed static elaboration
Starting simulation data flow analysis
Completed simulation data flow analysis
Time Resolution for simulation is 1ps
Compiling package std.standard
Compiling package std.textio
Compiling package ieee.std_logic_1164
Compiling package ieee.numeric_std
Compiling package std.env
Compiling package ieee.std_logic_arith
Compiling package ieee.std_logic_unsigned
Compiling architecture behavioral of entity xil_defaultlib.FSM [fsm_default]
Compiling architecture behavioral of entity xil_defaultlib.ROM [rom_default]
Compiling architecture behavioral of entity xil_defaultlib.FIR [fir_default]
Compiling architecture behavioral of entity xil_defaultlib.fir_tb
Built simulation snapshot FIR_tb_behav
INFO: [USF-XSim-69] 'elaborate' step finished in '1' seconds
Vivado Simulator 2018.2
Time resolution is 1 ps
relaunch_sim
INFO: [Vivado 12-5682] Launching behavioral simulation in 'C:/Users/Public/Documents/PVSDRA/Lab_3/Lab_3.sim/sim_1/behav/xsim'
INFO: [SIM-utils-51] Simulation object is 'sim_1'
INFO: [SIM-utils-54] Inspecting design source files for 'FIR_tb' in fileset 'sim_1'...
INFO: [USF-XSim-97] Finding global include files...
INFO: [USF-XSim-98] Fetching design files from 'sim_1'...
INFO: [USF-XSim-2] XSim::Compile design
INFO: [USF-XSim-61] Executing 'COMPILE and ANALYZE' step in 'C:/Users/Public/Documents/PVSDRA/Lab_3/Lab_3.sim/sim_1/behav/xsim'
"xvhdl --incr --relax -prj FIR_tb_vhdl.prj"
INFO: [VRFC 10-163] Analyzing VHDL file "C:/Users/Public/Documents/PVSDRA/Lab_3/Lab_3.srcs/sources_1/new/FIR.vhd" into library xil_defaultlib
INFO: [VRFC 10-307] analyzing entity FIR
INFO: [VRFC 10-163] Analyzing VHDL file "C:/Users/Public/Documents/PVSDRA/Lab_3/Lab_3.srcs/sim_1/new/FIR_tb.vhd" into library xil_defaultlib
INFO: [VRFC 10-307] analyzing entity FIR_tb
INFO: [USF-XSim-69] 'compile' step finished in '1' seconds
INFO: [Vivado 12-5682] Launching behavioral simulation in 'C:/Users/Public/Documents/PVSDRA/Lab_3/Lab_3.sim/sim_1/behav/xsim'
INFO: [USF-XSim-3] XSim::Elaborate design
INFO: [USF-XSim-61] Executing 'ELABORATE' step in 'C:/Users/Public/Documents/PVSDRA/Lab_3/Lab_3.sim/sim_1/behav/xsim'
Vivado Simulator 2018.2
Copyright 1986-1999, 2001-2018 Xilinx, Inc. All Rights Reserved.
Running: D:/Xilinx/Vivado/2018.2/bin/unwrapped/win64.o/xelab.exe -wto ba93bc7316ac4ceb80ae35f65eb8577a --incr --debug typical --relax --mt 2 -L xil_defaultlib -L secureip --snapshot FIR_tb_behav xil_defaultlib.FIR_tb -log elaborate.log 
Using 2 slave threads.
Starting static elaboration
Completed static elaboration
Starting simulation data flow analysis
Completed simulation data flow analysis
Time Resolution for simulation is 1ps
Compiling package std.standard
Compiling package std.textio
Compiling package ieee.std_logic_1164
Compiling package ieee.numeric_std
Compiling package std.env
Compiling package ieee.std_logic_arith
Compiling package ieee.std_logic_unsigned
Compiling architecture behavioral of entity xil_defaultlib.FSM [fsm_default]
Compiling architecture behavioral of entity xil_defaultlib.ROM [rom_default]
Compiling architecture behavioral of entity xil_defaultlib.FIR [fir_default]
Compiling architecture behavioral of entity xil_defaultlib.fir_tb
Built simulation snapshot FIR_tb_behav
INFO: [USF-XSim-69] 'elaborate' step finished in '2' seconds
Vivado Simulator 2018.2
Time resolution is 1 ps
relaunch_sim: Time (s): cpu = 00:00:00 ; elapsed = 00:00:05 . Memory (MB): peak = 962.391 ; gain = 0.184
relaunch_sim
INFO: [Vivado 12-5682] Launching behavioral simulation in 'C:/Users/Public/Documents/PVSDRA/Lab_3/Lab_3.sim/sim_1/behav/xsim'
INFO: [SIM-utils-51] Simulation object is 'sim_1'
INFO: [SIM-utils-54] Inspecting design source files for 'FIR_tb' in fileset 'sim_1'...
INFO: [USF-XSim-97] Finding global include files...
INFO: [USF-XSim-98] Fetching design files from 'sim_1'...
INFO: [USF-XSim-2] XSim::Compile design
INFO: [USF-XSim-61] Executing 'COMPILE and ANALYZE' step in 'C:/Users/Public/Documents/PVSDRA/Lab_3/Lab_3.sim/sim_1/behav/xsim'
"xvhdl --incr --relax -prj FIR_tb_vhdl.prj"
INFO: [VRFC 10-163] Analyzing VHDL file "C:/Users/Public/Documents/PVSDRA/Lab_3/Lab_3.srcs/sources_1/new/FIR.vhd" into library xil_defaultlib
INFO: [VRFC 10-307] analyzing entity FIR
INFO: [VRFC 10-163] Analyzing VHDL file "C:/Users/Public/Documents/PVSDRA/Lab_3/Lab_3.srcs/sim_1/new/FIR_tb.vhd" into library xil_defaultlib
INFO: [VRFC 10-307] analyzing entity FIR_tb
INFO: [USF-XSim-69] 'compile' step finished in '1' seconds
INFO: [Vivado 12-5682] Launching behavioral simulation in 'C:/Users/Public/Documents/PVSDRA/Lab_3/Lab_3.sim/sim_1/behav/xsim'
INFO: [USF-XSim-3] XSim::Elaborate design
INFO: [USF-XSim-61] Executing 'ELABORATE' step in 'C:/Users/Public/Documents/PVSDRA/Lab_3/Lab_3.sim/sim_1/behav/xsim'
Vivado Simulator 2018.2
Copyright 1986-1999, 2001-2018 Xilinx, Inc. All Rights Reserved.
Running: D:/Xilinx/Vivado/2018.2/bin/unwrapped/win64.o/xelab.exe -wto ba93bc7316ac4ceb80ae35f65eb8577a --incr --debug typical --relax --mt 2 -L xil_defaultlib -L secureip --snapshot FIR_tb_behav xil_defaultlib.FIR_tb -log elaborate.log 
Using 2 slave threads.
Starting static elaboration
Completed static elaboration
Starting simulation data flow analysis
Completed simulation data flow analysis
Time Resolution for simulation is 1ps
Compiling package std.standard
Compiling package std.textio
Compiling package ieee.std_logic_1164
Compiling package ieee.numeric_std
Compiling package std.env
Compiling package ieee.std_logic_arith
Compiling package ieee.std_logic_unsigned
Compiling architecture behavioral of entity xil_defaultlib.FSM [fsm_default]
Compiling architecture behavioral of entity xil_defaultlib.ROM [rom_default]
Compiling architecture behavioral of entity xil_defaultlib.FIR [fir_default]
Compiling architecture behavioral of entity xil_defaultlib.fir_tb
Built simulation snapshot FIR_tb_behav
INFO: [USF-XSim-69] 'elaborate' step finished in '2' seconds
Vivado Simulator 2018.2
Time resolution is 1 ps
relaunch_sim: Time (s): cpu = 00:00:00 ; elapsed = 00:00:07 . Memory (MB): peak = 963.691 ; gain = 1.094
relaunch_sim
INFO: [Vivado 12-5682] Launching behavioral simulation in 'C:/Users/Public/Documents/PVSDRA/Lab_3/Lab_3.sim/sim_1/behav/xsim'
INFO: [SIM-utils-51] Simulation object is 'sim_1'
INFO: [SIM-utils-54] Inspecting design source files for 'FIR_tb' in fileset 'sim_1'...
INFO: [USF-XSim-97] Finding global include files...
INFO: [USF-XSim-98] Fetching design files from 'sim_1'...
INFO: [USF-XSim-2] XSim::Compile design
INFO: [USF-XSim-61] Executing 'COMPILE and ANALYZE' step in 'C:/Users/Public/Documents/PVSDRA/Lab_3/Lab_3.sim/sim_1/behav/xsim'
"xvhdl --incr --relax -prj FIR_tb_vhdl.prj"
INFO: [VRFC 10-163] Analyzing VHDL file "C:/Users/Public/Documents/PVSDRA/Lab_3/Lab_3.srcs/sources_1/new/FIR.vhd" into library xil_defaultlib
INFO: [VRFC 10-307] analyzing entity FIR
INFO: [VRFC 10-163] Analyzing VHDL file "C:/Users/Public/Documents/PVSDRA/Lab_3/Lab_3.srcs/sim_1/new/FIR_tb.vhd" into library xil_defaultlib
INFO: [VRFC 10-307] analyzing entity FIR_tb
INFO: [USF-XSim-69] 'compile' step finished in '1' seconds
INFO: [Vivado 12-5682] Launching behavioral simulation in 'C:/Users/Public/Documents/PVSDRA/Lab_3/Lab_3.sim/sim_1/behav/xsim'
INFO: [USF-XSim-3] XSim::Elaborate design
INFO: [USF-XSim-61] Executing 'ELABORATE' step in 'C:/Users/Public/Documents/PVSDRA/Lab_3/Lab_3.sim/sim_1/behav/xsim'
Vivado Simulator 2018.2
Copyright 1986-1999, 2001-2018 Xilinx, Inc. All Rights Reserved.
Running: D:/Xilinx/Vivado/2018.2/bin/unwrapped/win64.o/xelab.exe -wto ba93bc7316ac4ceb80ae35f65eb8577a --incr --debug typical --relax --mt 2 -L xil_defaultlib -L secureip --snapshot FIR_tb_behav xil_defaultlib.FIR_tb -log elaborate.log 
Using 2 slave threads.
Starting static elaboration
Completed static elaboration
Starting simulation data flow analysis
Completed simulation data flow analysis
Time Resolution for simulation is 1ps
Compiling package std.standard
Compiling package std.textio
Compiling package ieee.std_logic_1164
Compiling package ieee.numeric_std
Compiling package std.env
Compiling package ieee.std_logic_arith
Compiling package ieee.std_logic_unsigned
Compiling architecture behavioral of entity xil_defaultlib.FSM [fsm_default]
Compiling architecture behavioral of entity xil_defaultlib.ROM [rom_default]
Compiling architecture behavioral of entity xil_defaultlib.FIR [fir_default]
Compiling architecture behavioral of entity xil_defaultlib.fir_tb
Built simulation snapshot FIR_tb_behav
INFO: [USF-XSim-69] 'elaborate' step finished in '2' seconds
Vivado Simulator 2018.2
Time resolution is 1 ps
relaunch_sim: Time (s): cpu = 00:00:00 ; elapsed = 00:00:07 . Memory (MB): peak = 963.691 ; gain = 0.000
relaunch_sim
INFO: [Vivado 12-5682] Launching behavioral simulation in 'C:/Users/Public/Documents/PVSDRA/Lab_3/Lab_3.sim/sim_1/behav/xsim'
INFO: [SIM-utils-51] Simulation object is 'sim_1'
INFO: [SIM-utils-54] Inspecting design source files for 'FIR_tb' in fileset 'sim_1'...
INFO: [USF-XSim-97] Finding global include files...
INFO: [USF-XSim-98] Fetching design files from 'sim_1'...
INFO: [USF-XSim-2] XSim::Compile design
INFO: [USF-XSim-61] Executing 'COMPILE and ANALYZE' step in 'C:/Users/Public/Documents/PVSDRA/Lab_3/Lab_3.sim/sim_1/behav/xsim'
"xvhdl --incr --relax -prj FIR_tb_vhdl.prj"
INFO: [VRFC 10-163] Analyzing VHDL file "C:/Users/Public/Documents/PVSDRA/Lab_3/Lab_3.srcs/sources_1/new/FIR.vhd" into library xil_defaultlib
INFO: [VRFC 10-307] analyzing entity FIR
INFO: [VRFC 10-163] Analyzing VHDL file "C:/Users/Public/Documents/PVSDRA/Lab_3/Lab_3.srcs/sim_1/new/FIR_tb.vhd" into library xil_defaultlib
INFO: [VRFC 10-307] analyzing entity FIR_tb
INFO: [USF-XSim-69] 'compile' step finished in '1' seconds
INFO: [Vivado 12-5682] Launching behavioral simulation in 'C:/Users/Public/Documents/PVSDRA/Lab_3/Lab_3.sim/sim_1/behav/xsim'
INFO: [USF-XSim-3] XSim::Elaborate design
INFO: [USF-XSim-61] Executing 'ELABORATE' step in 'C:/Users/Public/Documents/PVSDRA/Lab_3/Lab_3.sim/sim_1/behav/xsim'
Vivado Simulator 2018.2
Copyright 1986-1999, 2001-2018 Xilinx, Inc. All Rights Reserved.
Running: D:/Xilinx/Vivado/2018.2/bin/unwrapped/win64.o/xelab.exe -wto ba93bc7316ac4ceb80ae35f65eb8577a --incr --debug typical --relax --mt 2 -L xil_defaultlib -L secureip --snapshot FIR_tb_behav xil_defaultlib.FIR_tb -log elaborate.log 
Using 2 slave threads.
Starting static elaboration
Completed static elaboration
Starting simulation data flow analysis
Completed simulation data flow analysis
Time Resolution for simulation is 1ps
Compiling package std.standard
Compiling package std.textio
Compiling package ieee.std_logic_1164
Compiling package ieee.numeric_std
Compiling package std.env
Compiling package ieee.std_logic_arith
Compiling package ieee.std_logic_unsigned
Compiling architecture behavioral of entity xil_defaultlib.FSM [fsm_default]
Compiling architecture behavioral of entity xil_defaultlib.ROM [rom_default]
Compiling architecture behavioral of entity xil_defaultlib.FIR [fir_default]
Compiling architecture behavioral of entity xil_defaultlib.fir_tb
Built simulation snapshot FIR_tb_behav
INFO: [USF-XSim-69] 'elaborate' step finished in '1' seconds
Vivado Simulator 2018.2
Time resolution is 1 ps
relaunch_sim
INFO: [Vivado 12-5682] Launching behavioral simulation in 'C:/Users/Public/Documents/PVSDRA/Lab_3/Lab_3.sim/sim_1/behav/xsim'
INFO: [SIM-utils-51] Simulation object is 'sim_1'
INFO: [SIM-utils-54] Inspecting design source files for 'FIR_tb' in fileset 'sim_1'...
INFO: [USF-XSim-97] Finding global include files...
INFO: [USF-XSim-98] Fetching design files from 'sim_1'...
INFO: [USF-XSim-2] XSim::Compile design
INFO: [USF-XSim-61] Executing 'COMPILE and ANALYZE' step in 'C:/Users/Public/Documents/PVSDRA/Lab_3/Lab_3.sim/sim_1/behav/xsim'
"xvhdl --incr --relax -prj FIR_tb_vhdl.prj"
INFO: [VRFC 10-163] Analyzing VHDL file "C:/Users/Public/Documents/PVSDRA/Lab_3/Lab_3.srcs/sources_1/new/FIR.vhd" into library xil_defaultlib
INFO: [VRFC 10-307] analyzing entity FIR
INFO: [VRFC 10-163] Analyzing VHDL file "C:/Users/Public/Documents/PVSDRA/Lab_3/Lab_3.srcs/sim_1/new/FIR_tb.vhd" into library xil_defaultlib
INFO: [VRFC 10-307] analyzing entity FIR_tb
INFO: [USF-XSim-69] 'compile' step finished in '1' seconds
INFO: [Vivado 12-5682] Launching behavioral simulation in 'C:/Users/Public/Documents/PVSDRA/Lab_3/Lab_3.sim/sim_1/behav/xsim'
INFO: [USF-XSim-3] XSim::Elaborate design
INFO: [USF-XSim-61] Executing 'ELABORATE' step in 'C:/Users/Public/Documents/PVSDRA/Lab_3/Lab_3.sim/sim_1/behav/xsim'
Vivado Simulator 2018.2
Copyright 1986-1999, 2001-2018 Xilinx, Inc. All Rights Reserved.
Running: D:/Xilinx/Vivado/2018.2/bin/unwrapped/win64.o/xelab.exe -wto ba93bc7316ac4ceb80ae35f65eb8577a --incr --debug typical --relax --mt 2 -L xil_defaultlib -L secureip --snapshot FIR_tb_behav xil_defaultlib.FIR_tb -log elaborate.log 
Using 2 slave threads.
Starting static elaboration
Completed static elaboration
Starting simulation data flow analysis
Completed simulation data flow analysis
Time Resolution for simulation is 1ps
Compiling package std.standard
Compiling package std.textio
Compiling package ieee.std_logic_1164
Compiling package ieee.numeric_std
Compiling package std.env
Compiling package ieee.std_logic_arith
Compiling package ieee.std_logic_unsigned
Compiling architecture behavioral of entity xil_defaultlib.FSM [fsm_default]
Compiling architecture behavioral of entity xil_defaultlib.ROM [rom_default]
Compiling architecture behavioral of entity xil_defaultlib.FIR [fir_default]
Compiling architecture behavioral of entity xil_defaultlib.fir_tb
Built simulation snapshot FIR_tb_behav
INFO: [USF-XSim-69] 'elaborate' step finished in '2' seconds
Vivado Simulator 2018.2
Time resolution is 1 ps
relaunch_sim
INFO: [Vivado 12-5682] Launching behavioral simulation in 'C:/Users/Public/Documents/PVSDRA/Lab_3/Lab_3.sim/sim_1/behav/xsim'
INFO: [SIM-utils-51] Simulation object is 'sim_1'
INFO: [SIM-utils-54] Inspecting design source files for 'FIR_tb' in fileset 'sim_1'...
INFO: [USF-XSim-97] Finding global include files...
INFO: [USF-XSim-98] Fetching design files from 'sim_1'...
INFO: [USF-XSim-2] XSim::Compile design
INFO: [USF-XSim-61] Executing 'COMPILE and ANALYZE' step in 'C:/Users/Public/Documents/PVSDRA/Lab_3/Lab_3.sim/sim_1/behav/xsim'
"xvhdl --incr --relax -prj FIR_tb_vhdl.prj"
INFO: [VRFC 10-163] Analyzing VHDL file "C:/Users/Public/Documents/PVSDRA/Lab_3/Lab_3.srcs/sources_1/new/FIR.vhd" into library xil_defaultlib
INFO: [VRFC 10-307] analyzing entity FIR
INFO: [VRFC 10-163] Analyzing VHDL file "C:/Users/Public/Documents/PVSDRA/Lab_3/Lab_3.srcs/sim_1/new/FIR_tb.vhd" into library xil_defaultlib
INFO: [VRFC 10-307] analyzing entity FIR_tb
INFO: [USF-XSim-69] 'compile' step finished in '1' seconds
INFO: [Vivado 12-5682] Launching behavioral simulation in 'C:/Users/Public/Documents/PVSDRA/Lab_3/Lab_3.sim/sim_1/behav/xsim'
INFO: [USF-XSim-3] XSim::Elaborate design
INFO: [USF-XSim-61] Executing 'ELABORATE' step in 'C:/Users/Public/Documents/PVSDRA/Lab_3/Lab_3.sim/sim_1/behav/xsim'
Vivado Simulator 2018.2
Copyright 1986-1999, 2001-2018 Xilinx, Inc. All Rights Reserved.
Running: D:/Xilinx/Vivado/2018.2/bin/unwrapped/win64.o/xelab.exe -wto ba93bc7316ac4ceb80ae35f65eb8577a --incr --debug typical --relax --mt 2 -L xil_defaultlib -L secureip --snapshot FIR_tb_behav xil_defaultlib.FIR_tb -log elaborate.log 
Using 2 slave threads.
Starting static elaboration
Completed static elaboration
Starting simulation data flow analysis
Completed simulation data flow analysis
Time Resolution for simulation is 1ps
Compiling package std.standard
Compiling package std.textio
Compiling package ieee.std_logic_1164
Compiling package ieee.numeric_std
Compiling package std.env
Compiling package ieee.std_logic_arith
Compiling package ieee.std_logic_unsigned
Compiling architecture behavioral of entity xil_defaultlib.FSM [fsm_default]
Compiling architecture behavioral of entity xil_defaultlib.ROM [rom_default]
Compiling architecture behavioral of entity xil_defaultlib.FIR [fir_default]
Compiling architecture behavioral of entity xil_defaultlib.fir_tb
Built simulation snapshot FIR_tb_behav
INFO: [USF-XSim-69] 'elaborate' step finished in '1' seconds
Vivado Simulator 2018.2
Time resolution is 1 ps
relaunch_sim
INFO: [Vivado 12-5682] Launching behavioral simulation in 'C:/Users/Public/Documents/PVSDRA/Lab_3/Lab_3.sim/sim_1/behav/xsim'
INFO: [SIM-utils-51] Simulation object is 'sim_1'
INFO: [SIM-utils-54] Inspecting design source files for 'FIR_tb' in fileset 'sim_1'...
INFO: [USF-XSim-97] Finding global include files...
INFO: [USF-XSim-98] Fetching design files from 'sim_1'...
INFO: [USF-XSim-2] XSim::Compile design
INFO: [USF-XSim-61] Executing 'COMPILE and ANALYZE' step in 'C:/Users/Public/Documents/PVSDRA/Lab_3/Lab_3.sim/sim_1/behav/xsim'
"xvhdl --incr --relax -prj FIR_tb_vhdl.prj"
INFO: [VRFC 10-163] Analyzing VHDL file "C:/Users/Public/Documents/PVSDRA/Lab_3/Lab_3.srcs/sources_1/new/FIR.vhd" into library xil_defaultlib
INFO: [VRFC 10-307] analyzing entity FIR
INFO: [VRFC 10-163] Analyzing VHDL file "C:/Users/Public/Documents/PVSDRA/Lab_3/Lab_3.srcs/sim_1/new/FIR_tb.vhd" into library xil_defaultlib
INFO: [VRFC 10-307] analyzing entity FIR_tb
INFO: [USF-XSim-69] 'compile' step finished in '1' seconds
INFO: [Vivado 12-5682] Launching behavioral simulation in 'C:/Users/Public/Documents/PVSDRA/Lab_3/Lab_3.sim/sim_1/behav/xsim'
INFO: [USF-XSim-3] XSim::Elaborate design
INFO: [USF-XSim-61] Executing 'ELABORATE' step in 'C:/Users/Public/Documents/PVSDRA/Lab_3/Lab_3.sim/sim_1/behav/xsim'
Vivado Simulator 2018.2
Copyright 1986-1999, 2001-2018 Xilinx, Inc. All Rights Reserved.
Running: D:/Xilinx/Vivado/2018.2/bin/unwrapped/win64.o/xelab.exe -wto ba93bc7316ac4ceb80ae35f65eb8577a --incr --debug typical --relax --mt 2 -L xil_defaultlib -L secureip --snapshot FIR_tb_behav xil_defaultlib.FIR_tb -log elaborate.log 
Using 2 slave threads.
Starting static elaboration
Completed static elaboration
Starting simulation data flow analysis
Completed simulation data flow analysis
Time Resolution for simulation is 1ps
Compiling package std.standard
Compiling package std.textio
Compiling package ieee.std_logic_1164
Compiling package ieee.numeric_std
Compiling package std.env
Compiling package ieee.std_logic_arith
Compiling package ieee.std_logic_unsigned
Compiling architecture behavioral of entity xil_defaultlib.FSM [fsm_default]
Compiling architecture behavioral of entity xil_defaultlib.ROM [rom_default]
Compiling architecture behavioral of entity xil_defaultlib.FIR [fir_default]
Compiling architecture behavioral of entity xil_defaultlib.fir_tb
Built simulation snapshot FIR_tb_behav
INFO: [USF-XSim-69] 'elaborate' step finished in '1' seconds
Vivado Simulator 2018.2
Time resolution is 1 ps
relaunch_sim: Time (s): cpu = 00:00:00 ; elapsed = 00:00:05 . Memory (MB): peak = 972.352 ; gain = 0.000
relaunch_sim
INFO: [Vivado 12-5682] Launching behavioral simulation in 'C:/Users/Public/Documents/PVSDRA/Lab_3/Lab_3.sim/sim_1/behav/xsim'
INFO: [SIM-utils-51] Simulation object is 'sim_1'
INFO: [SIM-utils-54] Inspecting design source files for 'FIR_tb' in fileset 'sim_1'...
INFO: [USF-XSim-97] Finding global include files...
INFO: [USF-XSim-98] Fetching design files from 'sim_1'...
INFO: [USF-XSim-2] XSim::Compile design
INFO: [USF-XSim-61] Executing 'COMPILE and ANALYZE' step in 'C:/Users/Public/Documents/PVSDRA/Lab_3/Lab_3.sim/sim_1/behav/xsim'
"xvhdl --incr --relax -prj FIR_tb_vhdl.prj"
INFO: [VRFC 10-163] Analyzing VHDL file "C:/Users/Public/Documents/PVSDRA/Lab_3/Lab_3.srcs/sources_1/new/FIR.vhd" into library xil_defaultlib
INFO: [VRFC 10-307] analyzing entity FIR
INFO: [VRFC 10-163] Analyzing VHDL file "C:/Users/Public/Documents/PVSDRA/Lab_3/Lab_3.srcs/sim_1/new/FIR_tb.vhd" into library xil_defaultlib
INFO: [VRFC 10-307] analyzing entity FIR_tb
INFO: [USF-XSim-69] 'compile' step finished in '1' seconds
INFO: [Vivado 12-5682] Launching behavioral simulation in 'C:/Users/Public/Documents/PVSDRA/Lab_3/Lab_3.sim/sim_1/behav/xsim'
INFO: [USF-XSim-3] XSim::Elaborate design
INFO: [USF-XSim-61] Executing 'ELABORATE' step in 'C:/Users/Public/Documents/PVSDRA/Lab_3/Lab_3.sim/sim_1/behav/xsim'
Vivado Simulator 2018.2
Copyright 1986-1999, 2001-2018 Xilinx, Inc. All Rights Reserved.
Running: D:/Xilinx/Vivado/2018.2/bin/unwrapped/win64.o/xelab.exe -wto ba93bc7316ac4ceb80ae35f65eb8577a --incr --debug typical --relax --mt 2 -L xil_defaultlib -L secureip --snapshot FIR_tb_behav xil_defaultlib.FIR_tb -log elaborate.log 
Using 2 slave threads.
Starting static elaboration
Completed static elaboration
Starting simulation data flow analysis
Completed simulation data flow analysis
Time Resolution for simulation is 1ps
Compiling package std.standard
Compiling package std.textio
Compiling package ieee.std_logic_1164
Compiling package ieee.numeric_std
Compiling package std.env
Compiling package ieee.std_logic_arith
Compiling package ieee.std_logic_unsigned
Compiling architecture behavioral of entity xil_defaultlib.FSM [fsm_default]
Compiling architecture behavioral of entity xil_defaultlib.ROM [rom_default]
Compiling architecture behavioral of entity xil_defaultlib.FIR [fir_default]
Compiling architecture behavioral of entity xil_defaultlib.fir_tb
Built simulation snapshot FIR_tb_behav
INFO: [USF-XSim-69] 'elaborate' step finished in '1' seconds
Vivado Simulator 2018.2
Time resolution is 1 ps
current_wave_config {Untitled 3}
Untitled 3
add_wave {{/FIR_tb/uut/acc1_prev}} {{/FIR_tb/uut/acc2_prev}} 
restart
INFO: [Simtcl 6-17] Simulation restarted
run 1 us
relaunch_sim
INFO: [Vivado 12-5682] Launching behavioral simulation in 'C:/Users/Public/Documents/PVSDRA/Lab_3/Lab_3.sim/sim_1/behav/xsim'
INFO: [SIM-utils-51] Simulation object is 'sim_1'
INFO: [SIM-utils-54] Inspecting design source files for 'FIR_tb' in fileset 'sim_1'...
INFO: [USF-XSim-97] Finding global include files...
INFO: [USF-XSim-98] Fetching design files from 'sim_1'...
INFO: [USF-XSim-2] XSim::Compile design
INFO: [USF-XSim-61] Executing 'COMPILE and ANALYZE' step in 'C:/Users/Public/Documents/PVSDRA/Lab_3/Lab_3.sim/sim_1/behav/xsim'
"xvhdl --incr --relax -prj FIR_tb_vhdl.prj"
INFO: [VRFC 10-163] Analyzing VHDL file "C:/Users/Public/Documents/PVSDRA/Lab_3/Lab_3.srcs/sources_1/new/FIR.vhd" into library xil_defaultlib
INFO: [VRFC 10-307] analyzing entity FIR
INFO: [VRFC 10-163] Analyzing VHDL file "C:/Users/Public/Documents/PVSDRA/Lab_3/Lab_3.srcs/sim_1/new/FIR_tb.vhd" into library xil_defaultlib
INFO: [VRFC 10-307] analyzing entity FIR_tb
INFO: [USF-XSim-69] 'compile' step finished in '1' seconds
INFO: [Vivado 12-5682] Launching behavioral simulation in 'C:/Users/Public/Documents/PVSDRA/Lab_3/Lab_3.sim/sim_1/behav/xsim'
INFO: [USF-XSim-3] XSim::Elaborate design
INFO: [USF-XSim-61] Executing 'ELABORATE' step in 'C:/Users/Public/Documents/PVSDRA/Lab_3/Lab_3.sim/sim_1/behav/xsim'
Vivado Simulator 2018.2
Copyright 1986-1999, 2001-2018 Xilinx, Inc. All Rights Reserved.
Running: D:/Xilinx/Vivado/2018.2/bin/unwrapped/win64.o/xelab.exe -wto ba93bc7316ac4ceb80ae35f65eb8577a --incr --debug typical --relax --mt 2 -L xil_defaultlib -L secureip --snapshot FIR_tb_behav xil_defaultlib.FIR_tb -log elaborate.log 
Using 2 slave threads.
Starting static elaboration
Completed static elaboration
Starting simulation data flow analysis
Completed simulation data flow analysis
Time Resolution for simulation is 1ps
Compiling package std.standard
Compiling package std.textio
Compiling package ieee.std_logic_1164
Compiling package ieee.numeric_std
Compiling package std.env
Compiling package ieee.std_logic_arith
Compiling package ieee.std_logic_unsigned
Compiling architecture behavioral of entity xil_defaultlib.FSM [fsm_default]
Compiling architecture behavioral of entity xil_defaultlib.ROM [rom_default]
Compiling architecture behavioral of entity xil_defaultlib.FIR [fir_default]
Compiling architecture behavioral of entity xil_defaultlib.fir_tb
Built simulation snapshot FIR_tb_behav
INFO: [USF-XSim-69] 'elaborate' step finished in '2' seconds
Vivado Simulator 2018.2
Time resolution is 1 ps
relaunch_sim
INFO: [Vivado 12-5682] Launching behavioral simulation in 'C:/Users/Public/Documents/PVSDRA/Lab_3/Lab_3.sim/sim_1/behav/xsim'
INFO: [SIM-utils-51] Simulation object is 'sim_1'
INFO: [SIM-utils-54] Inspecting design source files for 'FIR_tb' in fileset 'sim_1'...
INFO: [USF-XSim-97] Finding global include files...
INFO: [USF-XSim-98] Fetching design files from 'sim_1'...
INFO: [USF-XSim-2] XSim::Compile design
INFO: [USF-XSim-61] Executing 'COMPILE and ANALYZE' step in 'C:/Users/Public/Documents/PVSDRA/Lab_3/Lab_3.sim/sim_1/behav/xsim'
"xvhdl --incr --relax -prj FIR_tb_vhdl.prj"
INFO: [VRFC 10-163] Analyzing VHDL file "C:/Users/Public/Documents/PVSDRA/Lab_3/Lab_3.srcs/sources_1/new/FIR.vhd" into library xil_defaultlib
INFO: [VRFC 10-307] analyzing entity FIR
INFO: [VRFC 10-163] Analyzing VHDL file "C:/Users/Public/Documents/PVSDRA/Lab_3/Lab_3.srcs/sim_1/new/FIR_tb.vhd" into library xil_defaultlib
INFO: [VRFC 10-307] analyzing entity FIR_tb
INFO: [USF-XSim-69] 'compile' step finished in '1' seconds
INFO: [Vivado 12-5682] Launching behavioral simulation in 'C:/Users/Public/Documents/PVSDRA/Lab_3/Lab_3.sim/sim_1/behav/xsim'
INFO: [USF-XSim-3] XSim::Elaborate design
INFO: [USF-XSim-61] Executing 'ELABORATE' step in 'C:/Users/Public/Documents/PVSDRA/Lab_3/Lab_3.sim/sim_1/behav/xsim'
Vivado Simulator 2018.2
Copyright 1986-1999, 2001-2018 Xilinx, Inc. All Rights Reserved.
Running: D:/Xilinx/Vivado/2018.2/bin/unwrapped/win64.o/xelab.exe -wto ba93bc7316ac4ceb80ae35f65eb8577a --incr --debug typical --relax --mt 2 -L xil_defaultlib -L secureip --snapshot FIR_tb_behav xil_defaultlib.FIR_tb -log elaborate.log 
Using 2 slave threads.
Starting static elaboration
Completed static elaboration
Starting simulation data flow analysis
Completed simulation data flow analysis
Time Resolution for simulation is 1ps
Compiling package std.standard
Compiling package std.textio
Compiling package ieee.std_logic_1164
Compiling package ieee.numeric_std
Compiling package std.env
Compiling package ieee.std_logic_arith
Compiling package ieee.std_logic_unsigned
Compiling architecture behavioral of entity xil_defaultlib.FSM [fsm_default]
Compiling architecture behavioral of entity xil_defaultlib.ROM [rom_default]
Compiling architecture behavioral of entity xil_defaultlib.FIR [fir_default]
Compiling architecture behavioral of entity xil_defaultlib.fir_tb
Built simulation snapshot FIR_tb_behav
INFO: [USF-XSim-69] 'elaborate' step finished in '1' seconds
Vivado Simulator 2018.2
Time resolution is 1 ps
relaunch_sim: Time (s): cpu = 00:00:00 ; elapsed = 00:00:05 . Memory (MB): peak = 972.352 ; gain = 0.000
relaunch_sim
INFO: [Vivado 12-5682] Launching behavioral simulation in 'C:/Users/Public/Documents/PVSDRA/Lab_3/Lab_3.sim/sim_1/behav/xsim'
INFO: [SIM-utils-51] Simulation object is 'sim_1'
INFO: [SIM-utils-54] Inspecting design source files for 'FIR_tb' in fileset 'sim_1'...
INFO: [USF-XSim-97] Finding global include files...
INFO: [USF-XSim-98] Fetching design files from 'sim_1'...
INFO: [USF-XSim-2] XSim::Compile design
INFO: [USF-XSim-61] Executing 'COMPILE and ANALYZE' step in 'C:/Users/Public/Documents/PVSDRA/Lab_3/Lab_3.sim/sim_1/behav/xsim'
"xvhdl --incr --relax -prj FIR_tb_vhdl.prj"
INFO: [VRFC 10-163] Analyzing VHDL file "C:/Users/Public/Documents/PVSDRA/Lab_3/Lab_3.srcs/sources_1/new/FIR.vhd" into library xil_defaultlib
INFO: [VRFC 10-307] analyzing entity FIR
INFO: [VRFC 10-163] Analyzing VHDL file "C:/Users/Public/Documents/PVSDRA/Lab_3/Lab_3.srcs/sim_1/new/FIR_tb.vhd" into library xil_defaultlib
INFO: [VRFC 10-307] analyzing entity FIR_tb
INFO: [USF-XSim-69] 'compile' step finished in '1' seconds
INFO: [Vivado 12-5682] Launching behavioral simulation in 'C:/Users/Public/Documents/PVSDRA/Lab_3/Lab_3.sim/sim_1/behav/xsim'
INFO: [USF-XSim-3] XSim::Elaborate design
INFO: [USF-XSim-61] Executing 'ELABORATE' step in 'C:/Users/Public/Documents/PVSDRA/Lab_3/Lab_3.sim/sim_1/behav/xsim'
Vivado Simulator 2018.2
Copyright 1986-1999, 2001-2018 Xilinx, Inc. All Rights Reserved.
Running: D:/Xilinx/Vivado/2018.2/bin/unwrapped/win64.o/xelab.exe -wto ba93bc7316ac4ceb80ae35f65eb8577a --incr --debug typical --relax --mt 2 -L xil_defaultlib -L secureip --snapshot FIR_tb_behav xil_defaultlib.FIR_tb -log elaborate.log 
Using 2 slave threads.
Starting static elaboration
Completed static elaboration
Starting simulation data flow analysis
Completed simulation data flow analysis
Time Resolution for simulation is 1ps
Compiling package std.standard
Compiling package std.textio
Compiling package ieee.std_logic_1164
Compiling package ieee.numeric_std
Compiling package std.env
Compiling package ieee.std_logic_arith
Compiling package ieee.std_logic_unsigned
Compiling architecture behavioral of entity xil_defaultlib.FSM [fsm_default]
Compiling architecture behavioral of entity xil_defaultlib.ROM [rom_default]
Compiling architecture behavioral of entity xil_defaultlib.FIR [fir_default]
Compiling architecture behavioral of entity xil_defaultlib.fir_tb
Built simulation snapshot FIR_tb_behav
INFO: [USF-XSim-69] 'elaborate' step finished in '1' seconds
Vivado Simulator 2018.2
Time resolution is 1 ps
relaunch_sim
INFO: [Vivado 12-5682] Launching behavioral simulation in 'C:/Users/Public/Documents/PVSDRA/Lab_3/Lab_3.sim/sim_1/behav/xsim'
INFO: [SIM-utils-51] Simulation object is 'sim_1'
INFO: [SIM-utils-54] Inspecting design source files for 'FIR_tb' in fileset 'sim_1'...
INFO: [USF-XSim-97] Finding global include files...
INFO: [USF-XSim-98] Fetching design files from 'sim_1'...
INFO: [USF-XSim-2] XSim::Compile design
INFO: [USF-XSim-61] Executing 'COMPILE and ANALYZE' step in 'C:/Users/Public/Documents/PVSDRA/Lab_3/Lab_3.sim/sim_1/behav/xsim'
"xvhdl --incr --relax -prj FIR_tb_vhdl.prj"
INFO: [VRFC 10-163] Analyzing VHDL file "C:/Users/Public/Documents/PVSDRA/Lab_3/Lab_3.srcs/sources_1/new/FIR.vhd" into library xil_defaultlib
INFO: [VRFC 10-307] analyzing entity FIR
INFO: [VRFC 10-163] Analyzing VHDL file "C:/Users/Public/Documents/PVSDRA/Lab_3/Lab_3.srcs/sim_1/new/FIR_tb.vhd" into library xil_defaultlib
INFO: [VRFC 10-307] analyzing entity FIR_tb
INFO: [USF-XSim-69] 'compile' step finished in '1' seconds
INFO: [Vivado 12-5682] Launching behavioral simulation in 'C:/Users/Public/Documents/PVSDRA/Lab_3/Lab_3.sim/sim_1/behav/xsim'
INFO: [USF-XSim-3] XSim::Elaborate design
INFO: [USF-XSim-61] Executing 'ELABORATE' step in 'C:/Users/Public/Documents/PVSDRA/Lab_3/Lab_3.sim/sim_1/behav/xsim'
Vivado Simulator 2018.2
Copyright 1986-1999, 2001-2018 Xilinx, Inc. All Rights Reserved.
Running: D:/Xilinx/Vivado/2018.2/bin/unwrapped/win64.o/xelab.exe -wto ba93bc7316ac4ceb80ae35f65eb8577a --incr --debug typical --relax --mt 2 -L xil_defaultlib -L secureip --snapshot FIR_tb_behav xil_defaultlib.FIR_tb -log elaborate.log 
Using 2 slave threads.
Starting static elaboration
Completed static elaboration
Starting simulation data flow analysis
Completed simulation data flow analysis
Time Resolution for simulation is 1ps
Compiling package std.standard
Compiling package std.textio
Compiling package ieee.std_logic_1164
Compiling package ieee.numeric_std
Compiling package std.env
Compiling package ieee.std_logic_arith
Compiling package ieee.std_logic_unsigned
Compiling architecture behavioral of entity xil_defaultlib.FSM [fsm_default]
Compiling architecture behavioral of entity xil_defaultlib.ROM [rom_default]
Compiling architecture behavioral of entity xil_defaultlib.FIR [fir_default]
Compiling architecture behavioral of entity xil_defaultlib.fir_tb
Built simulation snapshot FIR_tb_behav
INFO: [USF-XSim-69] 'elaborate' step finished in '2' seconds
Vivado Simulator 2018.2
Time resolution is 1 ps
relaunch_sim
INFO: [Vivado 12-5682] Launching behavioral simulation in 'C:/Users/Public/Documents/PVSDRA/Lab_3/Lab_3.sim/sim_1/behav/xsim'
INFO: [SIM-utils-51] Simulation object is 'sim_1'
INFO: [SIM-utils-54] Inspecting design source files for 'FIR_tb' in fileset 'sim_1'...
INFO: [USF-XSim-97] Finding global include files...
INFO: [USF-XSim-98] Fetching design files from 'sim_1'...
INFO: [USF-XSim-2] XSim::Compile design
INFO: [USF-XSim-61] Executing 'COMPILE and ANALYZE' step in 'C:/Users/Public/Documents/PVSDRA/Lab_3/Lab_3.sim/sim_1/behav/xsim'
"xvhdl --incr --relax -prj FIR_tb_vhdl.prj"
INFO: [VRFC 10-163] Analyzing VHDL file "C:/Users/Public/Documents/PVSDRA/Lab_3/Lab_3.srcs/sources_1/new/FIR.vhd" into library xil_defaultlib
INFO: [VRFC 10-307] analyzing entity FIR
INFO: [VRFC 10-163] Analyzing VHDL file "C:/Users/Public/Documents/PVSDRA/Lab_3/Lab_3.srcs/sim_1/new/FIR_tb.vhd" into library xil_defaultlib
INFO: [VRFC 10-307] analyzing entity FIR_tb
INFO: [USF-XSim-69] 'compile' step finished in '1' seconds
INFO: [Vivado 12-5682] Launching behavioral simulation in 'C:/Users/Public/Documents/PVSDRA/Lab_3/Lab_3.sim/sim_1/behav/xsim'
INFO: [USF-XSim-3] XSim::Elaborate design
INFO: [USF-XSim-61] Executing 'ELABORATE' step in 'C:/Users/Public/Documents/PVSDRA/Lab_3/Lab_3.sim/sim_1/behav/xsim'
Vivado Simulator 2018.2
Copyright 1986-1999, 2001-2018 Xilinx, Inc. All Rights Reserved.
Running: D:/Xilinx/Vivado/2018.2/bin/unwrapped/win64.o/xelab.exe -wto ba93bc7316ac4ceb80ae35f65eb8577a --incr --debug typical --relax --mt 2 -L xil_defaultlib -L secureip --snapshot FIR_tb_behav xil_defaultlib.FIR_tb -log elaborate.log 
Using 2 slave threads.
Starting static elaboration
Completed static elaboration
Starting simulation data flow analysis
Completed simulation data flow analysis
Time Resolution for simulation is 1ps
Compiling package std.standard
Compiling package std.textio
Compiling package ieee.std_logic_1164
Compiling package ieee.numeric_std
Compiling package std.env
Compiling package ieee.std_logic_arith
Compiling package ieee.std_logic_unsigned
Compiling architecture behavioral of entity xil_defaultlib.FSM [fsm_default]
Compiling architecture behavioral of entity xil_defaultlib.ROM [rom_default]
Compiling architecture behavioral of entity xil_defaultlib.FIR [fir_default]
Compiling architecture behavioral of entity xil_defaultlib.fir_tb
Built simulation snapshot FIR_tb_behav
INFO: [USF-XSim-69] 'elaborate' step finished in '1' seconds
Vivado Simulator 2018.2
Time resolution is 1 ps
add_bp {C:/Users/Public/Documents/PVSDRA/Lab_3/Lab_3.srcs/sources_1/new/FIR.vhd} 98
add_bp {C:/Users/Public/Documents/PVSDRA/Lab_3/Lab_3.srcs/sources_1/new/FIR.vhd} 97
add_bp {C:/Users/Public/Documents/PVSDRA/Lab_3/Lab_3.srcs/sources_1/new/FIR.vhd} 96
restart
INFO: [Simtcl 6-17] Simulation restarted
run all
Stopped at time : 52 ns : File "C:/Users/Public/Documents/PVSDRA/Lab_3/Lab_3.srcs/sources_1/new/FIR.vhd" Line 96
run all
Stopped at time : 60 ns : File "C:/Users/Public/Documents/PVSDRA/Lab_3/Lab_3.srcs/sources_1/new/FIR.vhd" Line 96
run all
Stopped at time : 68 ns : File "C:/Users/Public/Documents/PVSDRA/Lab_3/Lab_3.srcs/sources_1/new/FIR.vhd" Line 96
run all
Stopped at time : 76 ns : File "C:/Users/Public/Documents/PVSDRA/Lab_3/Lab_3.srcs/sources_1/new/FIR.vhd" Line 96
remove_bps -file {C:/Users/Public/Documents/PVSDRA/Lab_3/Lab_3.srcs/sources_1/new/FIR.vhd} -line 96
run all
Stopped at time : 76 ns : File "C:/Users/Public/Documents/PVSDRA/Lab_3/Lab_3.srcs/sources_1/new/FIR.vhd" Line 97
run all
Stopped at time : 76 ns : File "C:/Users/Public/Documents/PVSDRA/Lab_3/Lab_3.srcs/sources_1/new/FIR.vhd" Line 98
run all
Stopped at time : 148 ns : File "C:/Users/Public/Documents/PVSDRA/Lab_3/Lab_3.srcs/sources_1/new/FIR.vhd" Line 97
run all
Stopped at time : 148 ns : File "C:/Users/Public/Documents/PVSDRA/Lab_3/Lab_3.srcs/sources_1/new/FIR.vhd" Line 98
run all
Stopped at time : 212 ns : File "C:/Users/Public/Documents/PVSDRA/Lab_3/Lab_3.srcs/sources_1/new/FIR.vhd" Line 97
run all
Stopped at time : 212 ns : File "C:/Users/Public/Documents/PVSDRA/Lab_3/Lab_3.srcs/sources_1/new/FIR.vhd" Line 98
run all
Stopped at time : 276 ns : File "C:/Users/Public/Documents/PVSDRA/Lab_3/Lab_3.srcs/sources_1/new/FIR.vhd" Line 97
run all
Stopped at time : 276 ns : File "C:/Users/Public/Documents/PVSDRA/Lab_3/Lab_3.srcs/sources_1/new/FIR.vhd" Line 98
restart
INFO: [Simtcl 6-17] Simulation restarted
run all
Stopped at time : 76 ns : File "C:/Users/Public/Documents/PVSDRA/Lab_3/Lab_3.srcs/sources_1/new/FIR.vhd" Line 97
relaunch_sim
INFO: [Vivado 12-5682] Launching behavioral simulation in 'C:/Users/Public/Documents/PVSDRA/Lab_3/Lab_3.sim/sim_1/behav/xsim'
INFO: [SIM-utils-51] Simulation object is 'sim_1'
INFO: [SIM-utils-54] Inspecting design source files for 'FIR_tb' in fileset 'sim_1'...
INFO: [USF-XSim-97] Finding global include files...
INFO: [USF-XSim-98] Fetching design files from 'sim_1'...
INFO: [USF-XSim-2] XSim::Compile design
INFO: [USF-XSim-61] Executing 'COMPILE and ANALYZE' step in 'C:/Users/Public/Documents/PVSDRA/Lab_3/Lab_3.sim/sim_1/behav/xsim'
"xvhdl --incr --relax -prj FIR_tb_vhdl.prj"
INFO: [VRFC 10-163] Analyzing VHDL file "C:/Users/Public/Documents/PVSDRA/Lab_3/Lab_3.srcs/sources_1/new/FIR.vhd" into library xil_defaultlib
INFO: [VRFC 10-307] analyzing entity FIR
INFO: [VRFC 10-163] Analyzing VHDL file "C:/Users/Public/Documents/PVSDRA/Lab_3/Lab_3.srcs/sim_1/new/FIR_tb.vhd" into library xil_defaultlib
INFO: [VRFC 10-307] analyzing entity FIR_tb
INFO: [USF-XSim-69] 'compile' step finished in '1' seconds
INFO: [Vivado 12-5682] Launching behavioral simulation in 'C:/Users/Public/Documents/PVSDRA/Lab_3/Lab_3.sim/sim_1/behav/xsim'
INFO: [USF-XSim-3] XSim::Elaborate design
INFO: [USF-XSim-61] Executing 'ELABORATE' step in 'C:/Users/Public/Documents/PVSDRA/Lab_3/Lab_3.sim/sim_1/behav/xsim'
Vivado Simulator 2018.2
Copyright 1986-1999, 2001-2018 Xilinx, Inc. All Rights Reserved.
Running: D:/Xilinx/Vivado/2018.2/bin/unwrapped/win64.o/xelab.exe -wto ba93bc7316ac4ceb80ae35f65eb8577a --incr --debug typical --relax --mt 2 -L xil_defaultlib -L secureip --snapshot FIR_tb_behav xil_defaultlib.FIR_tb -log elaborate.log 
Using 2 slave threads.
Starting static elaboration
Completed static elaboration
Starting simulation data flow analysis
Completed simulation data flow analysis
Time Resolution for simulation is 1ps
Compiling package std.standard
Compiling package std.textio
Compiling package ieee.std_logic_1164
Compiling package ieee.numeric_std
Compiling package std.env
Compiling package ieee.std_logic_arith
Compiling package ieee.std_logic_unsigned
Compiling architecture behavioral of entity xil_defaultlib.FSM [fsm_default]
Compiling architecture behavioral of entity xil_defaultlib.ROM [rom_default]
Compiling architecture behavioral of entity xil_defaultlib.FIR [fir_default]
Compiling architecture behavioral of entity xil_defaultlib.fir_tb
Built simulation snapshot FIR_tb_behav
INFO: [USF-XSim-69] 'elaborate' step finished in '1' seconds
Vivado Simulator 2018.2
Time resolution is 1 ps
Stopped at time : 76 ns : File "C:/Users/Public/Documents/PVSDRA/Lab_3/Lab_3.srcs/sources_1/new/FIR.vhd" Line 97
relaunch_sim: Time (s): cpu = 00:00:01 ; elapsed = 00:00:05 . Memory (MB): peak = 974.035 ; gain = 0.000
run 1 us
Stopped at time : 76 ns : File "C:/Users/Public/Documents/PVSDRA/Lab_3/Lab_3.srcs/sources_1/new/FIR.vhd" Line 98
relaunch_sim
INFO: [Vivado 12-5682] Launching behavioral simulation in 'C:/Users/Public/Documents/PVSDRA/Lab_3/Lab_3.sim/sim_1/behav/xsim'
INFO: [SIM-utils-51] Simulation object is 'sim_1'
INFO: [SIM-utils-54] Inspecting design source files for 'FIR_tb' in fileset 'sim_1'...
INFO: [USF-XSim-97] Finding global include files...
INFO: [USF-XSim-98] Fetching design files from 'sim_1'...
INFO: [USF-XSim-2] XSim::Compile design
INFO: [USF-XSim-61] Executing 'COMPILE and ANALYZE' step in 'C:/Users/Public/Documents/PVSDRA/Lab_3/Lab_3.sim/sim_1/behav/xsim'
"xvhdl --incr --relax -prj FIR_tb_vhdl.prj"
INFO: [USF-XSim-69] 'compile' step finished in '1' seconds
INFO: [Vivado 12-5682] Launching behavioral simulation in 'C:/Users/Public/Documents/PVSDRA/Lab_3/Lab_3.sim/sim_1/behav/xsim'
INFO: [USF-XSim-3] XSim::Elaborate design
INFO: [USF-XSim-61] Executing 'ELABORATE' step in 'C:/Users/Public/Documents/PVSDRA/Lab_3/Lab_3.sim/sim_1/behav/xsim'
Vivado Simulator 2018.2
Copyright 1986-1999, 2001-2018 Xilinx, Inc. All Rights Reserved.
Running: D:/Xilinx/Vivado/2018.2/bin/unwrapped/win64.o/xelab.exe -wto ba93bc7316ac4ceb80ae35f65eb8577a --incr --debug typical --relax --mt 2 -L xil_defaultlib -L secureip --snapshot FIR_tb_behav xil_defaultlib.FIR_tb -log elaborate.log 
Using 2 slave threads.
Starting static elaboration
Completed static elaboration
INFO: [XSIM 43-4323] No Change in HDL. Linking previously generated obj files to create kernel
INFO: [USF-XSim-69] 'elaborate' step finished in '1' seconds
Vivado Simulator 2018.2
Time resolution is 1 ps
Stopped at time : 76 ns : File "C:/Users/Public/Documents/PVSDRA/Lab_3/Lab_3.srcs/sources_1/new/FIR.vhd" Line 97
remove_bps -file {C:/Users/Public/Documents/PVSDRA/Lab_3/Lab_3.srcs/sources_1/new/FIR.vhd} -line 97
remove_bps -file {C:/Users/Public/Documents/PVSDRA/Lab_3/Lab_3.srcs/sources_1/new/FIR.vhd} -line 98
run 1 us
relaunch_sim
INFO: [Vivado 12-5682] Launching behavioral simulation in 'C:/Users/Public/Documents/PVSDRA/Lab_3/Lab_3.sim/sim_1/behav/xsim'
INFO: [SIM-utils-51] Simulation object is 'sim_1'
INFO: [SIM-utils-54] Inspecting design source files for 'FIR_tb' in fileset 'sim_1'...
INFO: [USF-XSim-97] Finding global include files...
INFO: [USF-XSim-98] Fetching design files from 'sim_1'...
INFO: [USF-XSim-2] XSim::Compile design
INFO: [USF-XSim-61] Executing 'COMPILE and ANALYZE' step in 'C:/Users/Public/Documents/PVSDRA/Lab_3/Lab_3.sim/sim_1/behav/xsim'
"xvhdl --incr --relax -prj FIR_tb_vhdl.prj"
INFO: [VRFC 10-163] Analyzing VHDL file "C:/Users/Public/Documents/PVSDRA/Lab_3/Lab_3.srcs/sources_1/new/FIR.vhd" into library xil_defaultlib
INFO: [VRFC 10-307] analyzing entity FIR
INFO: [VRFC 10-163] Analyzing VHDL file "C:/Users/Public/Documents/PVSDRA/Lab_3/Lab_3.srcs/sim_1/new/FIR_tb.vhd" into library xil_defaultlib
INFO: [VRFC 10-307] analyzing entity FIR_tb
INFO: [USF-XSim-69] 'compile' step finished in '1' seconds
INFO: [Vivado 12-5682] Launching behavioral simulation in 'C:/Users/Public/Documents/PVSDRA/Lab_3/Lab_3.sim/sim_1/behav/xsim'
INFO: [USF-XSim-3] XSim::Elaborate design
INFO: [USF-XSim-61] Executing 'ELABORATE' step in 'C:/Users/Public/Documents/PVSDRA/Lab_3/Lab_3.sim/sim_1/behav/xsim'
Vivado Simulator 2018.2
Copyright 1986-1999, 2001-2018 Xilinx, Inc. All Rights Reserved.
Running: D:/Xilinx/Vivado/2018.2/bin/unwrapped/win64.o/xelab.exe -wto ba93bc7316ac4ceb80ae35f65eb8577a --incr --debug typical --relax --mt 2 -L xil_defaultlib -L secureip --snapshot FIR_tb_behav xil_defaultlib.FIR_tb -log elaborate.log 
Using 2 slave threads.
Starting static elaboration
Completed static elaboration
Starting simulation data flow analysis
Completed simulation data flow analysis
Time Resolution for simulation is 1ps
Compiling package std.standard
Compiling package std.textio
Compiling package ieee.std_logic_1164
Compiling package ieee.numeric_std
Compiling package std.env
Compiling package ieee.std_logic_arith
Compiling package ieee.std_logic_unsigned
Compiling architecture behavioral of entity xil_defaultlib.FSM [fsm_default]
Compiling architecture behavioral of entity xil_defaultlib.ROM [rom_default]
Compiling architecture behavioral of entity xil_defaultlib.FIR [fir_default]
Compiling architecture behavioral of entity xil_defaultlib.fir_tb
Built simulation snapshot FIR_tb_behav
INFO: [USF-XSim-69] 'elaborate' step finished in '1' seconds
Vivado Simulator 2018.2
Time resolution is 1 ps
relaunch_sim: Time (s): cpu = 00:00:01 ; elapsed = 00:00:05 . Memory (MB): peak = 975.918 ; gain = 0.395
relaunch_sim
INFO: [Vivado 12-5682] Launching behavioral simulation in 'C:/Users/Public/Documents/PVSDRA/Lab_3/Lab_3.sim/sim_1/behav/xsim'
INFO: [SIM-utils-51] Simulation object is 'sim_1'
INFO: [SIM-utils-54] Inspecting design source files for 'FIR_tb' in fileset 'sim_1'...
INFO: [USF-XSim-97] Finding global include files...
INFO: [USF-XSim-98] Fetching design files from 'sim_1'...
INFO: [USF-XSim-2] XSim::Compile design
INFO: [USF-XSim-61] Executing 'COMPILE and ANALYZE' step in 'C:/Users/Public/Documents/PVSDRA/Lab_3/Lab_3.sim/sim_1/behav/xsim'
"xvhdl --incr --relax -prj FIR_tb_vhdl.prj"
INFO: [VRFC 10-163] Analyzing VHDL file "C:/Users/Public/Documents/PVSDRA/Lab_3/Lab_3.srcs/sources_1/new/FIR.vhd" into library xil_defaultlib
INFO: [VRFC 10-307] analyzing entity FIR
INFO: [VRFC 10-163] Analyzing VHDL file "C:/Users/Public/Documents/PVSDRA/Lab_3/Lab_3.srcs/sim_1/new/FIR_tb.vhd" into library xil_defaultlib
INFO: [VRFC 10-307] analyzing entity FIR_tb
INFO: [USF-XSim-69] 'compile' step finished in '1' seconds
INFO: [Vivado 12-5682] Launching behavioral simulation in 'C:/Users/Public/Documents/PVSDRA/Lab_3/Lab_3.sim/sim_1/behav/xsim'
INFO: [USF-XSim-3] XSim::Elaborate design
INFO: [USF-XSim-61] Executing 'ELABORATE' step in 'C:/Users/Public/Documents/PVSDRA/Lab_3/Lab_3.sim/sim_1/behav/xsim'
Vivado Simulator 2018.2
Copyright 1986-1999, 2001-2018 Xilinx, Inc. All Rights Reserved.
Running: D:/Xilinx/Vivado/2018.2/bin/unwrapped/win64.o/xelab.exe -wto ba93bc7316ac4ceb80ae35f65eb8577a --incr --debug typical --relax --mt 2 -L xil_defaultlib -L secureip --snapshot FIR_tb_behav xil_defaultlib.FIR_tb -log elaborate.log 
Using 2 slave threads.
Starting static elaboration
Completed static elaboration
Starting simulation data flow analysis
Completed simulation data flow analysis
Time Resolution for simulation is 1ps
Compiling package std.standard
Compiling package std.textio
Compiling package ieee.std_logic_1164
Compiling package ieee.numeric_std
Compiling package std.env
Compiling package ieee.std_logic_arith
Compiling package ieee.std_logic_unsigned
Compiling architecture behavioral of entity xil_defaultlib.FSM [fsm_default]
Compiling architecture behavioral of entity xil_defaultlib.ROM [rom_default]
Compiling architecture behavioral of entity xil_defaultlib.FIR [fir_default]
Compiling architecture behavioral of entity xil_defaultlib.fir_tb
Built simulation snapshot FIR_tb_behav
INFO: [USF-XSim-69] 'elaborate' step finished in '2' seconds
Vivado Simulator 2018.2
Time resolution is 1 ps
relaunch_sim
INFO: [Vivado 12-5682] Launching behavioral simulation in 'C:/Users/Public/Documents/PVSDRA/Lab_3/Lab_3.sim/sim_1/behav/xsim'
INFO: [SIM-utils-51] Simulation object is 'sim_1'
INFO: [SIM-utils-54] Inspecting design source files for 'FIR_tb' in fileset 'sim_1'...
INFO: [USF-XSim-97] Finding global include files...
INFO: [USF-XSim-98] Fetching design files from 'sim_1'...
INFO: [USF-XSim-2] XSim::Compile design
INFO: [USF-XSim-61] Executing 'COMPILE and ANALYZE' step in 'C:/Users/Public/Documents/PVSDRA/Lab_3/Lab_3.sim/sim_1/behav/xsim'
"xvhdl --incr --relax -prj FIR_tb_vhdl.prj"
INFO: [VRFC 10-163] Analyzing VHDL file "C:/Users/Public/Documents/PVSDRA/Lab_3/Lab_3.srcs/sources_1/new/FIR.vhd" into library xil_defaultlib
INFO: [VRFC 10-307] analyzing entity FIR
INFO: [VRFC 10-163] Analyzing VHDL file "C:/Users/Public/Documents/PVSDRA/Lab_3/Lab_3.srcs/sim_1/new/FIR_tb.vhd" into library xil_defaultlib
INFO: [VRFC 10-307] analyzing entity FIR_tb
INFO: [USF-XSim-69] 'compile' step finished in '1' seconds
INFO: [Vivado 12-5682] Launching behavioral simulation in 'C:/Users/Public/Documents/PVSDRA/Lab_3/Lab_3.sim/sim_1/behav/xsim'
INFO: [USF-XSim-3] XSim::Elaborate design
INFO: [USF-XSim-61] Executing 'ELABORATE' step in 'C:/Users/Public/Documents/PVSDRA/Lab_3/Lab_3.sim/sim_1/behav/xsim'
Vivado Simulator 2018.2
Copyright 1986-1999, 2001-2018 Xilinx, Inc. All Rights Reserved.
Running: D:/Xilinx/Vivado/2018.2/bin/unwrapped/win64.o/xelab.exe -wto ba93bc7316ac4ceb80ae35f65eb8577a --incr --debug typical --relax --mt 2 -L xil_defaultlib -L secureip --snapshot FIR_tb_behav xil_defaultlib.FIR_tb -log elaborate.log 
Using 2 slave threads.
Starting static elaboration
Completed static elaboration
Starting simulation data flow analysis
Completed simulation data flow analysis
Time Resolution for simulation is 1ps
Compiling package std.standard
Compiling package std.textio
Compiling package ieee.std_logic_1164
Compiling package ieee.numeric_std
Compiling package std.env
Compiling package ieee.std_logic_arith
Compiling package ieee.std_logic_unsigned
Compiling architecture behavioral of entity xil_defaultlib.FSM [fsm_default]
Compiling architecture behavioral of entity xil_defaultlib.ROM [rom_default]
Compiling architecture behavioral of entity xil_defaultlib.FIR [fir_default]
Compiling architecture behavioral of entity xil_defaultlib.fir_tb
Built simulation snapshot FIR_tb_behav
INFO: [USF-XSim-69] 'elaborate' step finished in '2' seconds
Vivado Simulator 2018.2
Time resolution is 1 ps
relaunch_sim: Time (s): cpu = 00:00:00 ; elapsed = 00:00:07 . Memory (MB): peak = 977.070 ; gain = 0.562
relaunch_sim
INFO: [Vivado 12-5682] Launching behavioral simulation in 'C:/Users/Public/Documents/PVSDRA/Lab_3/Lab_3.sim/sim_1/behav/xsim'
INFO: [SIM-utils-51] Simulation object is 'sim_1'
INFO: [SIM-utils-54] Inspecting design source files for 'FIR_tb' in fileset 'sim_1'...
INFO: [USF-XSim-97] Finding global include files...
INFO: [USF-XSim-98] Fetching design files from 'sim_1'...
INFO: [USF-XSim-2] XSim::Compile design
INFO: [USF-XSim-61] Executing 'COMPILE and ANALYZE' step in 'C:/Users/Public/Documents/PVSDRA/Lab_3/Lab_3.sim/sim_1/behav/xsim'
"xvhdl --incr --relax -prj FIR_tb_vhdl.prj"
INFO: [VRFC 10-163] Analyzing VHDL file "C:/Users/Public/Documents/PVSDRA/Lab_3/Lab_3.srcs/sources_1/new/FIR.vhd" into library xil_defaultlib
INFO: [VRFC 10-307] analyzing entity FIR
INFO: [VRFC 10-163] Analyzing VHDL file "C:/Users/Public/Documents/PVSDRA/Lab_3/Lab_3.srcs/sim_1/new/FIR_tb.vhd" into library xil_defaultlib
INFO: [VRFC 10-307] analyzing entity FIR_tb
INFO: [USF-XSim-69] 'compile' step finished in '1' seconds
INFO: [Vivado 12-5682] Launching behavioral simulation in 'C:/Users/Public/Documents/PVSDRA/Lab_3/Lab_3.sim/sim_1/behav/xsim'
INFO: [USF-XSim-3] XSim::Elaborate design
INFO: [USF-XSim-61] Executing 'ELABORATE' step in 'C:/Users/Public/Documents/PVSDRA/Lab_3/Lab_3.sim/sim_1/behav/xsim'
Vivado Simulator 2018.2
Copyright 1986-1999, 2001-2018 Xilinx, Inc. All Rights Reserved.
Running: D:/Xilinx/Vivado/2018.2/bin/unwrapped/win64.o/xelab.exe -wto ba93bc7316ac4ceb80ae35f65eb8577a --incr --debug typical --relax --mt 2 -L xil_defaultlib -L secureip --snapshot FIR_tb_behav xil_defaultlib.FIR_tb -log elaborate.log 
Using 2 slave threads.
Starting static elaboration
Completed static elaboration
Starting simulation data flow analysis
Completed simulation data flow analysis
Time Resolution for simulation is 1ps
Compiling package std.standard
Compiling package std.textio
Compiling package ieee.std_logic_1164
Compiling package ieee.numeric_std
Compiling package std.env
Compiling package ieee.std_logic_arith
Compiling package ieee.std_logic_unsigned
Compiling architecture behavioral of entity xil_defaultlib.FSM [fsm_default]
Compiling architecture behavioral of entity xil_defaultlib.ROM [rom_default]
Compiling architecture behavioral of entity xil_defaultlib.FIR [fir_default]
Compiling architecture behavioral of entity xil_defaultlib.fir_tb
Built simulation snapshot FIR_tb_behav
INFO: [USF-XSim-69] 'elaborate' step finished in '1' seconds
Vivado Simulator 2018.2
Time resolution is 1 ps
relaunch_sim: Time (s): cpu = 00:00:01 ; elapsed = 00:00:05 . Memory (MB): peak = 977.938 ; gain = 0.000
relaunch_sim
INFO: [Vivado 12-5682] Launching behavioral simulation in 'C:/Users/Public/Documents/PVSDRA/Lab_3/Lab_3.sim/sim_1/behav/xsim'
INFO: [SIM-utils-51] Simulation object is 'sim_1'
INFO: [SIM-utils-54] Inspecting design source files for 'FIR_tb' in fileset 'sim_1'...
INFO: [USF-XSim-97] Finding global include files...
INFO: [USF-XSim-98] Fetching design files from 'sim_1'...
INFO: [USF-XSim-2] XSim::Compile design
INFO: [USF-XSim-61] Executing 'COMPILE and ANALYZE' step in 'C:/Users/Public/Documents/PVSDRA/Lab_3/Lab_3.sim/sim_1/behav/xsim'
"xvhdl --incr --relax -prj FIR_tb_vhdl.prj"
INFO: [VRFC 10-163] Analyzing VHDL file "C:/Users/Public/Documents/PVSDRA/Lab_3/Lab_3.srcs/sources_1/new/FIR.vhd" into library xil_defaultlib
INFO: [VRFC 10-307] analyzing entity FIR
INFO: [VRFC 10-163] Analyzing VHDL file "C:/Users/Public/Documents/PVSDRA/Lab_3/Lab_3.srcs/sim_1/new/FIR_tb.vhd" into library xil_defaultlib
INFO: [VRFC 10-307] analyzing entity FIR_tb
INFO: [USF-XSim-69] 'compile' step finished in '1' seconds
INFO: [Vivado 12-5682] Launching behavioral simulation in 'C:/Users/Public/Documents/PVSDRA/Lab_3/Lab_3.sim/sim_1/behav/xsim'
INFO: [USF-XSim-3] XSim::Elaborate design
INFO: [USF-XSim-61] Executing 'ELABORATE' step in 'C:/Users/Public/Documents/PVSDRA/Lab_3/Lab_3.sim/sim_1/behav/xsim'
Vivado Simulator 2018.2
Copyright 1986-1999, 2001-2018 Xilinx, Inc. All Rights Reserved.
Running: D:/Xilinx/Vivado/2018.2/bin/unwrapped/win64.o/xelab.exe -wto ba93bc7316ac4ceb80ae35f65eb8577a --incr --debug typical --relax --mt 2 -L xil_defaultlib -L secureip --snapshot FIR_tb_behav xil_defaultlib.FIR_tb -log elaborate.log 
Using 2 slave threads.
Starting static elaboration
Completed static elaboration
Starting simulation data flow analysis
Completed simulation data flow analysis
Time Resolution for simulation is 1ps
Compiling package std.standard
Compiling package std.textio
Compiling package ieee.std_logic_1164
Compiling package ieee.numeric_std
Compiling package std.env
Compiling package ieee.std_logic_arith
Compiling package ieee.std_logic_unsigned
Compiling architecture behavioral of entity xil_defaultlib.FSM [fsm_default]
Compiling architecture behavioral of entity xil_defaultlib.ROM [rom_default]
Compiling architecture behavioral of entity xil_defaultlib.FIR [fir_default]
Compiling architecture behavioral of entity xil_defaultlib.fir_tb
Built simulation snapshot FIR_tb_behav
INFO: [USF-XSim-69] 'elaborate' step finished in '1' seconds
Vivado Simulator 2018.2
Time resolution is 1 ps
relaunch_sim: Time (s): cpu = 00:00:00 ; elapsed = 00:00:07 . Memory (MB): peak = 977.938 ; gain = 0.000
relaunch_sim
INFO: [Vivado 12-5682] Launching behavioral simulation in 'C:/Users/Public/Documents/PVSDRA/Lab_3/Lab_3.sim/sim_1/behav/xsim'
INFO: [SIM-utils-51] Simulation object is 'sim_1'
INFO: [SIM-utils-54] Inspecting design source files for 'FIR_tb' in fileset 'sim_1'...
INFO: [USF-XSim-97] Finding global include files...
INFO: [USF-XSim-98] Fetching design files from 'sim_1'...
INFO: [USF-XSim-2] XSim::Compile design
INFO: [USF-XSim-61] Executing 'COMPILE and ANALYZE' step in 'C:/Users/Public/Documents/PVSDRA/Lab_3/Lab_3.sim/sim_1/behav/xsim'
"xvhdl --incr --relax -prj FIR_tb_vhdl.prj"
INFO: [VRFC 10-163] Analyzing VHDL file "C:/Users/Public/Documents/PVSDRA/Lab_3/Lab_3.srcs/sources_1/new/FIR.vhd" into library xil_defaultlib
INFO: [VRFC 10-307] analyzing entity FIR
INFO: [VRFC 10-163] Analyzing VHDL file "C:/Users/Public/Documents/PVSDRA/Lab_3/Lab_3.srcs/sim_1/new/FIR_tb.vhd" into library xil_defaultlib
INFO: [VRFC 10-307] analyzing entity FIR_tb
INFO: [USF-XSim-69] 'compile' step finished in '1' seconds
INFO: [Vivado 12-5682] Launching behavioral simulation in 'C:/Users/Public/Documents/PVSDRA/Lab_3/Lab_3.sim/sim_1/behav/xsim'
INFO: [USF-XSim-3] XSim::Elaborate design
INFO: [USF-XSim-61] Executing 'ELABORATE' step in 'C:/Users/Public/Documents/PVSDRA/Lab_3/Lab_3.sim/sim_1/behav/xsim'
Vivado Simulator 2018.2
Copyright 1986-1999, 2001-2018 Xilinx, Inc. All Rights Reserved.
Running: D:/Xilinx/Vivado/2018.2/bin/unwrapped/win64.o/xelab.exe -wto ba93bc7316ac4ceb80ae35f65eb8577a --incr --debug typical --relax --mt 2 -L xil_defaultlib -L secureip --snapshot FIR_tb_behav xil_defaultlib.FIR_tb -log elaborate.log 
Using 2 slave threads.
Starting static elaboration
Completed static elaboration
Starting simulation data flow analysis
Completed simulation data flow analysis
Time Resolution for simulation is 1ps
Compiling package std.standard
Compiling package std.textio
Compiling package ieee.std_logic_1164
Compiling package ieee.numeric_std
Compiling package std.env
Compiling package ieee.std_logic_arith
Compiling package ieee.std_logic_unsigned
Compiling architecture behavioral of entity xil_defaultlib.FSM [fsm_default]
Compiling architecture behavioral of entity xil_defaultlib.ROM [rom_default]
Compiling architecture behavioral of entity xil_defaultlib.FIR [fir_default]
Compiling architecture behavioral of entity xil_defaultlib.fir_tb
Built simulation snapshot FIR_tb_behav
INFO: [USF-XSim-69] 'elaborate' step finished in '1' seconds
Vivado Simulator 2018.2
Time resolution is 1 ps
relaunch_sim: Time (s): cpu = 00:00:00 ; elapsed = 00:00:05 . Memory (MB): peak = 977.938 ; gain = 0.000
relaunch_sim
INFO: [Vivado 12-5682] Launching behavioral simulation in 'C:/Users/Public/Documents/PVSDRA/Lab_3/Lab_3.sim/sim_1/behav/xsim'
INFO: [SIM-utils-51] Simulation object is 'sim_1'
INFO: [SIM-utils-54] Inspecting design source files for 'FIR_tb' in fileset 'sim_1'...
INFO: [USF-XSim-97] Finding global include files...
INFO: [USF-XSim-98] Fetching design files from 'sim_1'...
INFO: [USF-XSim-2] XSim::Compile design
INFO: [USF-XSim-61] Executing 'COMPILE and ANALYZE' step in 'C:/Users/Public/Documents/PVSDRA/Lab_3/Lab_3.sim/sim_1/behav/xsim'
"xvhdl --incr --relax -prj FIR_tb_vhdl.prj"
INFO: [VRFC 10-163] Analyzing VHDL file "C:/Users/Public/Documents/PVSDRA/Lab_3/Lab_3.srcs/sources_1/new/FIR.vhd" into library xil_defaultlib
INFO: [VRFC 10-307] analyzing entity FIR
INFO: [VRFC 10-163] Analyzing VHDL file "C:/Users/Public/Documents/PVSDRA/Lab_3/Lab_3.srcs/sim_1/new/FIR_tb.vhd" into library xil_defaultlib
INFO: [VRFC 10-307] analyzing entity FIR_tb
INFO: [USF-XSim-69] 'compile' step finished in '1' seconds
INFO: [Vivado 12-5682] Launching behavioral simulation in 'C:/Users/Public/Documents/PVSDRA/Lab_3/Lab_3.sim/sim_1/behav/xsim'
INFO: [USF-XSim-3] XSim::Elaborate design
INFO: [USF-XSim-61] Executing 'ELABORATE' step in 'C:/Users/Public/Documents/PVSDRA/Lab_3/Lab_3.sim/sim_1/behav/xsim'
Vivado Simulator 2018.2
Copyright 1986-1999, 2001-2018 Xilinx, Inc. All Rights Reserved.
Running: D:/Xilinx/Vivado/2018.2/bin/unwrapped/win64.o/xelab.exe -wto ba93bc7316ac4ceb80ae35f65eb8577a --incr --debug typical --relax --mt 2 -L xil_defaultlib -L secureip --snapshot FIR_tb_behav xil_defaultlib.FIR_tb -log elaborate.log 
Using 2 slave threads.
Starting static elaboration
Completed static elaboration
Starting simulation data flow analysis
Completed simulation data flow analysis
Time Resolution for simulation is 1ps
Compiling package std.standard
Compiling package std.textio
Compiling package ieee.std_logic_1164
Compiling package ieee.numeric_std
Compiling package std.env
Compiling package ieee.std_logic_arith
Compiling package ieee.std_logic_unsigned
Compiling architecture behavioral of entity xil_defaultlib.FSM [fsm_default]
Compiling architecture behavioral of entity xil_defaultlib.ROM [rom_default]
Compiling architecture behavioral of entity xil_defaultlib.FIR [fir_default]
Compiling architecture behavioral of entity xil_defaultlib.fir_tb
Built simulation snapshot FIR_tb_behav
INFO: [USF-XSim-69] 'elaborate' step finished in '2' seconds
Vivado Simulator 2018.2
Time resolution is 1 ps
relaunch_sim
INFO: [Vivado 12-5682] Launching behavioral simulation in 'C:/Users/Public/Documents/PVSDRA/Lab_3/Lab_3.sim/sim_1/behav/xsim'
INFO: [SIM-utils-51] Simulation object is 'sim_1'
INFO: [SIM-utils-54] Inspecting design source files for 'FIR_tb' in fileset 'sim_1'...
INFO: [USF-XSim-97] Finding global include files...
INFO: [USF-XSim-98] Fetching design files from 'sim_1'...
INFO: [USF-XSim-2] XSim::Compile design
INFO: [USF-XSim-61] Executing 'COMPILE and ANALYZE' step in 'C:/Users/Public/Documents/PVSDRA/Lab_3/Lab_3.sim/sim_1/behav/xsim'
"xvhdl --incr --relax -prj FIR_tb_vhdl.prj"
INFO: [VRFC 10-163] Analyzing VHDL file "C:/Users/Public/Documents/PVSDRA/Lab_3/Lab_3.srcs/sources_1/new/FIR.vhd" into library xil_defaultlib
INFO: [VRFC 10-307] analyzing entity FIR
INFO: [VRFC 10-163] Analyzing VHDL file "C:/Users/Public/Documents/PVSDRA/Lab_3/Lab_3.srcs/sim_1/new/FIR_tb.vhd" into library xil_defaultlib
INFO: [VRFC 10-307] analyzing entity FIR_tb
INFO: [USF-XSim-69] 'compile' step finished in '1' seconds
INFO: [Vivado 12-5682] Launching behavioral simulation in 'C:/Users/Public/Documents/PVSDRA/Lab_3/Lab_3.sim/sim_1/behav/xsim'
INFO: [USF-XSim-3] XSim::Elaborate design
INFO: [USF-XSim-61] Executing 'ELABORATE' step in 'C:/Users/Public/Documents/PVSDRA/Lab_3/Lab_3.sim/sim_1/behav/xsim'
Vivado Simulator 2018.2
Copyright 1986-1999, 2001-2018 Xilinx, Inc. All Rights Reserved.
Running: D:/Xilinx/Vivado/2018.2/bin/unwrapped/win64.o/xelab.exe -wto ba93bc7316ac4ceb80ae35f65eb8577a --incr --debug typical --relax --mt 2 -L xil_defaultlib -L secureip --snapshot FIR_tb_behav xil_defaultlib.FIR_tb -log elaborate.log 
Using 2 slave threads.
Starting static elaboration
Completed static elaboration
Starting simulation data flow analysis
Completed simulation data flow analysis
Time Resolution for simulation is 1ps
Compiling package std.standard
Compiling package std.textio
Compiling package ieee.std_logic_1164
Compiling package ieee.numeric_std
Compiling package std.env
Compiling package ieee.std_logic_arith
Compiling package ieee.std_logic_unsigned
Compiling architecture behavioral of entity xil_defaultlib.FSM [fsm_default]
Compiling architecture behavioral of entity xil_defaultlib.ROM [rom_default]
Compiling architecture behavioral of entity xil_defaultlib.FIR [fir_default]
Compiling architecture behavioral of entity xil_defaultlib.fir_tb
Built simulation snapshot FIR_tb_behav
INFO: [USF-XSim-69] 'elaborate' step finished in '2' seconds
Vivado Simulator 2018.2
Time resolution is 1 ps
relaunch_sim
INFO: [Vivado 12-5682] Launching behavioral simulation in 'C:/Users/Public/Documents/PVSDRA/Lab_3/Lab_3.sim/sim_1/behav/xsim'
INFO: [SIM-utils-51] Simulation object is 'sim_1'
INFO: [SIM-utils-54] Inspecting design source files for 'FIR_tb' in fileset 'sim_1'...
INFO: [USF-XSim-97] Finding global include files...
INFO: [USF-XSim-98] Fetching design files from 'sim_1'...
INFO: [USF-XSim-2] XSim::Compile design
INFO: [USF-XSim-61] Executing 'COMPILE and ANALYZE' step in 'C:/Users/Public/Documents/PVSDRA/Lab_3/Lab_3.sim/sim_1/behav/xsim'
"xvhdl --incr --relax -prj FIR_tb_vhdl.prj"
INFO: [VRFC 10-163] Analyzing VHDL file "C:/Users/Public/Documents/PVSDRA/Lab_3/Lab_3.srcs/sources_1/new/FIR.vhd" into library xil_defaultlib
INFO: [VRFC 10-307] analyzing entity FIR
INFO: [VRFC 10-163] Analyzing VHDL file "C:/Users/Public/Documents/PVSDRA/Lab_3/Lab_3.srcs/sim_1/new/FIR_tb.vhd" into library xil_defaultlib
INFO: [VRFC 10-307] analyzing entity FIR_tb
INFO: [USF-XSim-69] 'compile' step finished in '1' seconds
INFO: [Vivado 12-5682] Launching behavioral simulation in 'C:/Users/Public/Documents/PVSDRA/Lab_3/Lab_3.sim/sim_1/behav/xsim'
INFO: [USF-XSim-3] XSim::Elaborate design
INFO: [USF-XSim-61] Executing 'ELABORATE' step in 'C:/Users/Public/Documents/PVSDRA/Lab_3/Lab_3.sim/sim_1/behav/xsim'
Vivado Simulator 2018.2
Copyright 1986-1999, 2001-2018 Xilinx, Inc. All Rights Reserved.
Running: D:/Xilinx/Vivado/2018.2/bin/unwrapped/win64.o/xelab.exe -wto ba93bc7316ac4ceb80ae35f65eb8577a --incr --debug typical --relax --mt 2 -L xil_defaultlib -L secureip --snapshot FIR_tb_behav xil_defaultlib.FIR_tb -log elaborate.log 
Using 2 slave threads.
Starting static elaboration
Completed static elaboration
Starting simulation data flow analysis
Completed simulation data flow analysis
Time Resolution for simulation is 1ps
Compiling package std.standard
Compiling package std.textio
Compiling package ieee.std_logic_1164
Compiling package ieee.numeric_std
Compiling package std.env
Compiling package ieee.std_logic_arith
Compiling package ieee.std_logic_unsigned
Compiling architecture behavioral of entity xil_defaultlib.FSM [fsm_default]
Compiling architecture behavioral of entity xil_defaultlib.ROM [rom_default]
Compiling architecture behavioral of entity xil_defaultlib.FIR [fir_default]
Compiling architecture behavioral of entity xil_defaultlib.fir_tb
Built simulation snapshot FIR_tb_behav
INFO: [USF-XSim-69] 'elaborate' step finished in '2' seconds
Vivado Simulator 2018.2
Time resolution is 1 ps
relaunch_sim
INFO: [Vivado 12-5682] Launching behavioral simulation in 'C:/Users/Public/Documents/PVSDRA/Lab_3/Lab_3.sim/sim_1/behav/xsim'
INFO: [SIM-utils-51] Simulation object is 'sim_1'
INFO: [SIM-utils-54] Inspecting design source files for 'FIR_tb' in fileset 'sim_1'...
INFO: [USF-XSim-97] Finding global include files...
INFO: [USF-XSim-98] Fetching design files from 'sim_1'...
INFO: [USF-XSim-2] XSim::Compile design
INFO: [USF-XSim-61] Executing 'COMPILE and ANALYZE' step in 'C:/Users/Public/Documents/PVSDRA/Lab_3/Lab_3.sim/sim_1/behav/xsim'
"xvhdl --incr --relax -prj FIR_tb_vhdl.prj"
INFO: [VRFC 10-163] Analyzing VHDL file "C:/Users/Public/Documents/PVSDRA/Lab_3/Lab_3.srcs/sources_1/new/FIR.vhd" into library xil_defaultlib
INFO: [VRFC 10-307] analyzing entity FIR
INFO: [VRFC 10-163] Analyzing VHDL file "C:/Users/Public/Documents/PVSDRA/Lab_3/Lab_3.srcs/sim_1/new/FIR_tb.vhd" into library xil_defaultlib
INFO: [VRFC 10-307] analyzing entity FIR_tb
INFO: [USF-XSim-69] 'compile' step finished in '1' seconds
INFO: [Vivado 12-5682] Launching behavioral simulation in 'C:/Users/Public/Documents/PVSDRA/Lab_3/Lab_3.sim/sim_1/behav/xsim'
INFO: [USF-XSim-3] XSim::Elaborate design
INFO: [USF-XSim-61] Executing 'ELABORATE' step in 'C:/Users/Public/Documents/PVSDRA/Lab_3/Lab_3.sim/sim_1/behav/xsim'
Vivado Simulator 2018.2
Copyright 1986-1999, 2001-2018 Xilinx, Inc. All Rights Reserved.
Running: D:/Xilinx/Vivado/2018.2/bin/unwrapped/win64.o/xelab.exe -wto ba93bc7316ac4ceb80ae35f65eb8577a --incr --debug typical --relax --mt 2 -L xil_defaultlib -L secureip --snapshot FIR_tb_behav xil_defaultlib.FIR_tb -log elaborate.log 
Using 2 slave threads.
Starting static elaboration
Completed static elaboration
Starting simulation data flow analysis
Completed simulation data flow analysis
Time Resolution for simulation is 1ps
Compiling package std.standard
Compiling package std.textio
Compiling package ieee.std_logic_1164
Compiling package ieee.numeric_std
Compiling package std.env
Compiling package ieee.std_logic_arith
Compiling package ieee.std_logic_unsigned
Compiling architecture behavioral of entity xil_defaultlib.FSM [fsm_default]
Compiling architecture behavioral of entity xil_defaultlib.ROM [rom_default]
Compiling architecture behavioral of entity xil_defaultlib.FIR [fir_default]
Compiling architecture behavioral of entity xil_defaultlib.fir_tb
Built simulation snapshot FIR_tb_behav
INFO: [USF-XSim-69] 'elaborate' step finished in '2' seconds
Vivado Simulator 2018.2
Time resolution is 1 ps
relaunch_sim: Time (s): cpu = 00:00:01 ; elapsed = 00:00:07 . Memory (MB): peak = 981.949 ; gain = 0.000
relaunch_sim
INFO: [Vivado 12-5682] Launching behavioral simulation in 'C:/Users/Public/Documents/PVSDRA/Lab_3/Lab_3.sim/sim_1/behav/xsim'
INFO: [SIM-utils-51] Simulation object is 'sim_1'
INFO: [SIM-utils-54] Inspecting design source files for 'FIR_tb' in fileset 'sim_1'...
INFO: [USF-XSim-97] Finding global include files...
INFO: [USF-XSim-98] Fetching design files from 'sim_1'...
INFO: [USF-XSim-2] XSim::Compile design
INFO: [USF-XSim-61] Executing 'COMPILE and ANALYZE' step in 'C:/Users/Public/Documents/PVSDRA/Lab_3/Lab_3.sim/sim_1/behav/xsim'
"xvhdl --incr --relax -prj FIR_tb_vhdl.prj"
INFO: [VRFC 10-163] Analyzing VHDL file "C:/Users/Public/Documents/PVSDRA/Lab_3/Lab_3.srcs/sources_1/new/FIR.vhd" into library xil_defaultlib
INFO: [VRFC 10-307] analyzing entity FIR
INFO: [VRFC 10-163] Analyzing VHDL file "C:/Users/Public/Documents/PVSDRA/Lab_3/Lab_3.srcs/sim_1/new/FIR_tb.vhd" into library xil_defaultlib
INFO: [VRFC 10-307] analyzing entity FIR_tb
INFO: [USF-XSim-69] 'compile' step finished in '1' seconds
INFO: [Vivado 12-5682] Launching behavioral simulation in 'C:/Users/Public/Documents/PVSDRA/Lab_3/Lab_3.sim/sim_1/behav/xsim'
INFO: [USF-XSim-3] XSim::Elaborate design
INFO: [USF-XSim-61] Executing 'ELABORATE' step in 'C:/Users/Public/Documents/PVSDRA/Lab_3/Lab_3.sim/sim_1/behav/xsim'
Vivado Simulator 2018.2
Copyright 1986-1999, 2001-2018 Xilinx, Inc. All Rights Reserved.
Running: D:/Xilinx/Vivado/2018.2/bin/unwrapped/win64.o/xelab.exe -wto ba93bc7316ac4ceb80ae35f65eb8577a --incr --debug typical --relax --mt 2 -L xil_defaultlib -L secureip --snapshot FIR_tb_behav xil_defaultlib.FIR_tb -log elaborate.log 
Using 2 slave threads.
Starting static elaboration
Completed static elaboration
Starting simulation data flow analysis
Completed simulation data flow analysis
Time Resolution for simulation is 1ps
Compiling package std.standard
Compiling package std.textio
Compiling package ieee.std_logic_1164
Compiling package ieee.numeric_std
Compiling package std.env
Compiling package ieee.std_logic_arith
Compiling package ieee.std_logic_unsigned
Compiling architecture behavioral of entity xil_defaultlib.FSM [fsm_default]
Compiling architecture behavioral of entity xil_defaultlib.ROM [rom_default]
Compiling architecture behavioral of entity xil_defaultlib.FIR [fir_default]
Compiling architecture behavioral of entity xil_defaultlib.fir_tb
Built simulation snapshot FIR_tb_behav
INFO: [USF-XSim-69] 'elaborate' step finished in '1' seconds
Vivado Simulator 2018.2
Time resolution is 1 ps
relaunch_sim: Time (s): cpu = 00:00:00 ; elapsed = 00:00:05 . Memory (MB): peak = 981.949 ; gain = 0.000
relaunch_sim
INFO: [Vivado 12-5682] Launching behavioral simulation in 'C:/Users/Public/Documents/PVSDRA/Lab_3/Lab_3.sim/sim_1/behav/xsim'
INFO: [SIM-utils-51] Simulation object is 'sim_1'
INFO: [SIM-utils-54] Inspecting design source files for 'FIR_tb' in fileset 'sim_1'...
INFO: [USF-XSim-97] Finding global include files...
INFO: [USF-XSim-98] Fetching design files from 'sim_1'...
INFO: [USF-XSim-2] XSim::Compile design
INFO: [USF-XSim-61] Executing 'COMPILE and ANALYZE' step in 'C:/Users/Public/Documents/PVSDRA/Lab_3/Lab_3.sim/sim_1/behav/xsim'
"xvhdl --incr --relax -prj FIR_tb_vhdl.prj"
INFO: [VRFC 10-163] Analyzing VHDL file "C:/Users/Public/Documents/PVSDRA/Lab_3/Lab_3.srcs/sources_1/new/FIR.vhd" into library xil_defaultlib
INFO: [VRFC 10-307] analyzing entity FIR
INFO: [VRFC 10-163] Analyzing VHDL file "C:/Users/Public/Documents/PVSDRA/Lab_3/Lab_3.srcs/sim_1/new/FIR_tb.vhd" into library xil_defaultlib
INFO: [VRFC 10-307] analyzing entity FIR_tb
INFO: [USF-XSim-69] 'compile' step finished in '1' seconds
INFO: [Vivado 12-5682] Launching behavioral simulation in 'C:/Users/Public/Documents/PVSDRA/Lab_3/Lab_3.sim/sim_1/behav/xsim'
INFO: [USF-XSim-3] XSim::Elaborate design
INFO: [USF-XSim-61] Executing 'ELABORATE' step in 'C:/Users/Public/Documents/PVSDRA/Lab_3/Lab_3.sim/sim_1/behav/xsim'
Vivado Simulator 2018.2
Copyright 1986-1999, 2001-2018 Xilinx, Inc. All Rights Reserved.
Running: D:/Xilinx/Vivado/2018.2/bin/unwrapped/win64.o/xelab.exe -wto ba93bc7316ac4ceb80ae35f65eb8577a --incr --debug typical --relax --mt 2 -L xil_defaultlib -L secureip --snapshot FIR_tb_behav xil_defaultlib.FIR_tb -log elaborate.log 
Using 2 slave threads.
Starting static elaboration
Completed static elaboration
Starting simulation data flow analysis
Completed simulation data flow analysis
Time Resolution for simulation is 1ps
Compiling package std.standard
Compiling package std.textio
Compiling package ieee.std_logic_1164
Compiling package ieee.numeric_std
Compiling package std.env
Compiling package ieee.std_logic_arith
Compiling package ieee.std_logic_unsigned
Compiling architecture behavioral of entity xil_defaultlib.FSM [fsm_default]
Compiling architecture behavioral of entity xil_defaultlib.ROM [rom_default]
Compiling architecture behavioral of entity xil_defaultlib.FIR [fir_default]
Compiling architecture behavioral of entity xil_defaultlib.fir_tb
Built simulation snapshot FIR_tb_behav
INFO: [USF-XSim-69] 'elaborate' step finished in '1' seconds
Vivado Simulator 2018.2
Time resolution is 1 ps
relaunch_sim: Time (s): cpu = 00:00:01 ; elapsed = 00:00:07 . Memory (MB): peak = 981.949 ; gain = 0.000
relaunch_sim
INFO: [Vivado 12-5682] Launching behavioral simulation in 'C:/Users/Public/Documents/PVSDRA/Lab_3/Lab_3.sim/sim_1/behav/xsim'
INFO: [SIM-utils-51] Simulation object is 'sim_1'
INFO: [SIM-utils-54] Inspecting design source files for 'FIR_tb' in fileset 'sim_1'...
INFO: [USF-XSim-97] Finding global include files...
INFO: [USF-XSim-98] Fetching design files from 'sim_1'...
INFO: [USF-XSim-2] XSim::Compile design
INFO: [USF-XSim-61] Executing 'COMPILE and ANALYZE' step in 'C:/Users/Public/Documents/PVSDRA/Lab_3/Lab_3.sim/sim_1/behav/xsim'
"xvhdl --incr --relax -prj FIR_tb_vhdl.prj"
INFO: [VRFC 10-163] Analyzing VHDL file "C:/Users/Public/Documents/PVSDRA/Lab_3/Lab_3.srcs/sources_1/new/FIR.vhd" into library xil_defaultlib
INFO: [VRFC 10-307] analyzing entity FIR
INFO: [VRFC 10-163] Analyzing VHDL file "C:/Users/Public/Documents/PVSDRA/Lab_3/Lab_3.srcs/sim_1/new/FIR_tb.vhd" into library xil_defaultlib
INFO: [VRFC 10-307] analyzing entity FIR_tb
INFO: [USF-XSim-69] 'compile' step finished in '1' seconds
INFO: [Vivado 12-5682] Launching behavioral simulation in 'C:/Users/Public/Documents/PVSDRA/Lab_3/Lab_3.sim/sim_1/behav/xsim'
INFO: [USF-XSim-3] XSim::Elaborate design
INFO: [USF-XSim-61] Executing 'ELABORATE' step in 'C:/Users/Public/Documents/PVSDRA/Lab_3/Lab_3.sim/sim_1/behav/xsim'
Vivado Simulator 2018.2
Copyright 1986-1999, 2001-2018 Xilinx, Inc. All Rights Reserved.
Running: D:/Xilinx/Vivado/2018.2/bin/unwrapped/win64.o/xelab.exe -wto ba93bc7316ac4ceb80ae35f65eb8577a --incr --debug typical --relax --mt 2 -L xil_defaultlib -L secureip --snapshot FIR_tb_behav xil_defaultlib.FIR_tb -log elaborate.log 
Using 2 slave threads.
Starting static elaboration
Completed static elaboration
Starting simulation data flow analysis
Completed simulation data flow analysis
Time Resolution for simulation is 1ps
Compiling package std.standard
Compiling package std.textio
Compiling package ieee.std_logic_1164
Compiling package ieee.numeric_std
Compiling package std.env
Compiling package ieee.std_logic_arith
Compiling package ieee.std_logic_unsigned
Compiling architecture behavioral of entity xil_defaultlib.FSM [fsm_default]
Compiling architecture behavioral of entity xil_defaultlib.ROM [rom_default]
Compiling architecture behavioral of entity xil_defaultlib.FIR [fir_default]
Compiling architecture behavioral of entity xil_defaultlib.fir_tb
Built simulation snapshot FIR_tb_behav
INFO: [USF-XSim-69] 'elaborate' step finished in '2' seconds
Vivado Simulator 2018.2
Time resolution is 1 ps
ERROR: Array sizes do not match, left array has 12 elements, right array has 13 elements
Time: 76 ns  Iteration: 1  Process: /FIR_tb/uut/accumulate
  File: C:/Users/Public/Documents/PVSDRA/Lab_3/Lab_3.srcs/sources_1/new/FIR.vhd

HDL Line: C:/Users/Public/Documents/PVSDRA/Lab_3/Lab_3.srcs/sources_1/new/FIR.vhd:95
relaunch_sim: Time (s): cpu = 00:00:01 ; elapsed = 00:00:05 . Memory (MB): peak = 982.363 ; gain = 0.414
relaunch_sim
INFO: [Vivado 12-5682] Launching behavioral simulation in 'C:/Users/Public/Documents/PVSDRA/Lab_3/Lab_3.sim/sim_1/behav/xsim'
INFO: [SIM-utils-51] Simulation object is 'sim_1'
INFO: [SIM-utils-54] Inspecting design source files for 'FIR_tb' in fileset 'sim_1'...
INFO: [USF-XSim-97] Finding global include files...
INFO: [USF-XSim-98] Fetching design files from 'sim_1'...
INFO: [USF-XSim-2] XSim::Compile design
INFO: [USF-XSim-61] Executing 'COMPILE and ANALYZE' step in 'C:/Users/Public/Documents/PVSDRA/Lab_3/Lab_3.sim/sim_1/behav/xsim'
"xvhdl --incr --relax -prj FIR_tb_vhdl.prj"
INFO: [VRFC 10-163] Analyzing VHDL file "C:/Users/Public/Documents/PVSDRA/Lab_3/Lab_3.srcs/sources_1/new/FIR.vhd" into library xil_defaultlib
INFO: [VRFC 10-307] analyzing entity FIR
INFO: [VRFC 10-163] Analyzing VHDL file "C:/Users/Public/Documents/PVSDRA/Lab_3/Lab_3.srcs/sim_1/new/FIR_tb.vhd" into library xil_defaultlib
INFO: [VRFC 10-307] analyzing entity FIR_tb
INFO: [USF-XSim-69] 'compile' step finished in '2' seconds
INFO: [Vivado 12-5682] Launching behavioral simulation in 'C:/Users/Public/Documents/PVSDRA/Lab_3/Lab_3.sim/sim_1/behav/xsim'
INFO: [USF-XSim-3] XSim::Elaborate design
INFO: [USF-XSim-61] Executing 'ELABORATE' step in 'C:/Users/Public/Documents/PVSDRA/Lab_3/Lab_3.sim/sim_1/behav/xsim'
Vivado Simulator 2018.2
Copyright 1986-1999, 2001-2018 Xilinx, Inc. All Rights Reserved.
Running: D:/Xilinx/Vivado/2018.2/bin/unwrapped/win64.o/xelab.exe -wto ba93bc7316ac4ceb80ae35f65eb8577a --incr --debug typical --relax --mt 2 -L xil_defaultlib -L secureip --snapshot FIR_tb_behav xil_defaultlib.FIR_tb -log elaborate.log 
Using 2 slave threads.
Starting static elaboration
Completed static elaboration
Starting simulation data flow analysis
Completed simulation data flow analysis
Time Resolution for simulation is 1ps
Compiling package std.standard
Compiling package std.textio
Compiling package ieee.std_logic_1164
Compiling package ieee.numeric_std
Compiling package std.env
Compiling package ieee.std_logic_arith
Compiling package ieee.std_logic_unsigned
Compiling architecture behavioral of entity xil_defaultlib.FSM [fsm_default]
Compiling architecture behavioral of entity xil_defaultlib.ROM [rom_default]
Compiling architecture behavioral of entity xil_defaultlib.FIR [fir_default]
Compiling architecture behavioral of entity xil_defaultlib.fir_tb
Built simulation snapshot FIR_tb_behav
INFO: [USF-XSim-69] 'elaborate' step finished in '1' seconds
Vivado Simulator 2018.2
Time resolution is 1 ps
ERROR: Array sizes do not match, left array has 12 elements, right array has 13 elements
Time: 76 ns  Iteration: 1  Process: /FIR_tb/uut/accumulate
  File: C:/Users/Public/Documents/PVSDRA/Lab_3/Lab_3.srcs/sources_1/new/FIR.vhd

HDL Line: C:/Users/Public/Documents/PVSDRA/Lab_3/Lab_3.srcs/sources_1/new/FIR.vhd:95
relaunch_sim
INFO: [Vivado 12-5682] Launching behavioral simulation in 'C:/Users/Public/Documents/PVSDRA/Lab_3/Lab_3.sim/sim_1/behav/xsim'
INFO: [SIM-utils-51] Simulation object is 'sim_1'
INFO: [SIM-utils-54] Inspecting design source files for 'FIR_tb' in fileset 'sim_1'...
INFO: [USF-XSim-97] Finding global include files...
INFO: [USF-XSim-98] Fetching design files from 'sim_1'...
INFO: [USF-XSim-2] XSim::Compile design
INFO: [USF-XSim-61] Executing 'COMPILE and ANALYZE' step in 'C:/Users/Public/Documents/PVSDRA/Lab_3/Lab_3.sim/sim_1/behav/xsim'
"xvhdl --incr --relax -prj FIR_tb_vhdl.prj"
INFO: [VRFC 10-163] Analyzing VHDL file "C:/Users/Public/Documents/PVSDRA/Lab_3/Lab_3.srcs/sources_1/new/FIR.vhd" into library xil_defaultlib
INFO: [VRFC 10-307] analyzing entity FIR
INFO: [VRFC 10-163] Analyzing VHDL file "C:/Users/Public/Documents/PVSDRA/Lab_3/Lab_3.srcs/sim_1/new/FIR_tb.vhd" into library xil_defaultlib
INFO: [VRFC 10-307] analyzing entity FIR_tb
INFO: [USF-XSim-69] 'compile' step finished in '1' seconds
INFO: [Vivado 12-5682] Launching behavioral simulation in 'C:/Users/Public/Documents/PVSDRA/Lab_3/Lab_3.sim/sim_1/behav/xsim'
INFO: [USF-XSim-3] XSim::Elaborate design
INFO: [USF-XSim-61] Executing 'ELABORATE' step in 'C:/Users/Public/Documents/PVSDRA/Lab_3/Lab_3.sim/sim_1/behav/xsim'
Vivado Simulator 2018.2
Copyright 1986-1999, 2001-2018 Xilinx, Inc. All Rights Reserved.
Running: D:/Xilinx/Vivado/2018.2/bin/unwrapped/win64.o/xelab.exe -wto ba93bc7316ac4ceb80ae35f65eb8577a --incr --debug typical --relax --mt 2 -L xil_defaultlib -L secureip --snapshot FIR_tb_behav xil_defaultlib.FIR_tb -log elaborate.log 
Using 2 slave threads.
Starting static elaboration
Completed static elaboration
Starting simulation data flow analysis
Completed simulation data flow analysis
Time Resolution for simulation is 1ps
Compiling package std.standard
Compiling package std.textio
Compiling package ieee.std_logic_1164
Compiling package ieee.numeric_std
Compiling package std.env
Compiling package ieee.std_logic_arith
Compiling package ieee.std_logic_unsigned
Compiling architecture behavioral of entity xil_defaultlib.FSM [fsm_default]
Compiling architecture behavioral of entity xil_defaultlib.ROM [rom_default]
Compiling architecture behavioral of entity xil_defaultlib.FIR [fir_default]
Compiling architecture behavioral of entity xil_defaultlib.fir_tb
Built simulation snapshot FIR_tb_behav
INFO: [USF-XSim-69] 'elaborate' step finished in '1' seconds
Vivado Simulator 2018.2
Time resolution is 1 ps
relaunch_sim
INFO: [Vivado 12-5682] Launching behavioral simulation in 'C:/Users/Public/Documents/PVSDRA/Lab_3/Lab_3.sim/sim_1/behav/xsim'
INFO: [SIM-utils-51] Simulation object is 'sim_1'
INFO: [SIM-utils-54] Inspecting design source files for 'FIR_tb' in fileset 'sim_1'...
INFO: [USF-XSim-97] Finding global include files...
INFO: [USF-XSim-98] Fetching design files from 'sim_1'...
INFO: [USF-XSim-2] XSim::Compile design
INFO: [USF-XSim-61] Executing 'COMPILE and ANALYZE' step in 'C:/Users/Public/Documents/PVSDRA/Lab_3/Lab_3.sim/sim_1/behav/xsim'
"xvhdl --incr --relax -prj FIR_tb_vhdl.prj"
INFO: [VRFC 10-163] Analyzing VHDL file "C:/Users/Public/Documents/PVSDRA/Lab_3/Lab_3.srcs/sources_1/new/FIR.vhd" into library xil_defaultlib
INFO: [VRFC 10-307] analyzing entity FIR
INFO: [VRFC 10-163] Analyzing VHDL file "C:/Users/Public/Documents/PVSDRA/Lab_3/Lab_3.srcs/sim_1/new/FIR_tb.vhd" into library xil_defaultlib
INFO: [VRFC 10-307] analyzing entity FIR_tb
INFO: [USF-XSim-69] 'compile' step finished in '1' seconds
INFO: [Vivado 12-5682] Launching behavioral simulation in 'C:/Users/Public/Documents/PVSDRA/Lab_3/Lab_3.sim/sim_1/behav/xsim'
INFO: [USF-XSim-3] XSim::Elaborate design
INFO: [USF-XSim-61] Executing 'ELABORATE' step in 'C:/Users/Public/Documents/PVSDRA/Lab_3/Lab_3.sim/sim_1/behav/xsim'
Vivado Simulator 2018.2
Copyright 1986-1999, 2001-2018 Xilinx, Inc. All Rights Reserved.
Running: D:/Xilinx/Vivado/2018.2/bin/unwrapped/win64.o/xelab.exe -wto ba93bc7316ac4ceb80ae35f65eb8577a --incr --debug typical --relax --mt 2 -L xil_defaultlib -L secureip --snapshot FIR_tb_behav xil_defaultlib.FIR_tb -log elaborate.log 
Using 2 slave threads.
Starting static elaboration
Completed static elaboration
Starting simulation data flow analysis
Completed simulation data flow analysis
Time Resolution for simulation is 1ps
Compiling package std.standard
Compiling package std.textio
Compiling package ieee.std_logic_1164
Compiling package ieee.numeric_std
Compiling package std.env
Compiling package ieee.std_logic_arith
Compiling package ieee.std_logic_unsigned
Compiling architecture behavioral of entity xil_defaultlib.FSM [fsm_default]
Compiling architecture behavioral of entity xil_defaultlib.ROM [rom_default]
Compiling architecture behavioral of entity xil_defaultlib.FIR [fir_default]
Compiling architecture behavioral of entity xil_defaultlib.fir_tb
Built simulation snapshot FIR_tb_behav
INFO: [USF-XSim-69] 'elaborate' step finished in '2' seconds
Vivado Simulator 2018.2
Time resolution is 1 ps
relaunch_sim: Time (s): cpu = 00:00:00 ; elapsed = 00:00:05 . Memory (MB): peak = 984.633 ; gain = 0.000
relaunch_sim
INFO: [Vivado 12-5682] Launching behavioral simulation in 'C:/Users/Public/Documents/PVSDRA/Lab_3/Lab_3.sim/sim_1/behav/xsim'
INFO: [SIM-utils-51] Simulation object is 'sim_1'
INFO: [SIM-utils-54] Inspecting design source files for 'FIR_tb' in fileset 'sim_1'...
INFO: [USF-XSim-97] Finding global include files...
INFO: [USF-XSim-98] Fetching design files from 'sim_1'...
INFO: [USF-XSim-2] XSim::Compile design
INFO: [USF-XSim-61] Executing 'COMPILE and ANALYZE' step in 'C:/Users/Public/Documents/PVSDRA/Lab_3/Lab_3.sim/sim_1/behav/xsim'
"xvhdl --incr --relax -prj FIR_tb_vhdl.prj"
INFO: [VRFC 10-163] Analyzing VHDL file "C:/Users/Public/Documents/PVSDRA/Lab_3/Lab_3.srcs/sources_1/new/FIR.vhd" into library xil_defaultlib
INFO: [VRFC 10-307] analyzing entity FIR
INFO: [VRFC 10-163] Analyzing VHDL file "C:/Users/Public/Documents/PVSDRA/Lab_3/Lab_3.srcs/sim_1/new/FIR_tb.vhd" into library xil_defaultlib
INFO: [VRFC 10-307] analyzing entity FIR_tb
INFO: [USF-XSim-69] 'compile' step finished in '2' seconds
INFO: [Vivado 12-5682] Launching behavioral simulation in 'C:/Users/Public/Documents/PVSDRA/Lab_3/Lab_3.sim/sim_1/behav/xsim'
INFO: [USF-XSim-3] XSim::Elaborate design
INFO: [USF-XSim-61] Executing 'ELABORATE' step in 'C:/Users/Public/Documents/PVSDRA/Lab_3/Lab_3.sim/sim_1/behav/xsim'
Vivado Simulator 2018.2
Copyright 1986-1999, 2001-2018 Xilinx, Inc. All Rights Reserved.
Running: D:/Xilinx/Vivado/2018.2/bin/unwrapped/win64.o/xelab.exe -wto ba93bc7316ac4ceb80ae35f65eb8577a --incr --debug typical --relax --mt 2 -L xil_defaultlib -L secureip --snapshot FIR_tb_behav xil_defaultlib.FIR_tb -log elaborate.log 
Using 2 slave threads.
Starting static elaboration
Completed static elaboration
Starting simulation data flow analysis
Completed simulation data flow analysis
Time Resolution for simulation is 1ps
Compiling package std.standard
Compiling package std.textio
Compiling package ieee.std_logic_1164
Compiling package ieee.numeric_std
Compiling package std.env
Compiling package ieee.std_logic_arith
Compiling package ieee.std_logic_unsigned
Compiling architecture behavioral of entity xil_defaultlib.FSM [fsm_default]
Compiling architecture behavioral of entity xil_defaultlib.ROM [rom_default]
Compiling architecture behavioral of entity xil_defaultlib.FIR [fir_default]
Compiling architecture behavioral of entity xil_defaultlib.fir_tb
Built simulation snapshot FIR_tb_behav
INFO: [USF-XSim-69] 'elaborate' step finished in '1' seconds
Vivado Simulator 2018.2
Time resolution is 1 ps
relaunch_sim: Time (s): cpu = 00:00:01 ; elapsed = 00:00:05 . Memory (MB): peak = 985.121 ; gain = 0.402
relaunch_sim
INFO: [Vivado 12-5682] Launching behavioral simulation in 'C:/Users/Public/Documents/PVSDRA/Lab_3/Lab_3.sim/sim_1/behav/xsim'
INFO: [SIM-utils-51] Simulation object is 'sim_1'
INFO: [SIM-utils-54] Inspecting design source files for 'FIR_tb' in fileset 'sim_1'...
INFO: [USF-XSim-97] Finding global include files...
INFO: [USF-XSim-98] Fetching design files from 'sim_1'...
INFO: [USF-XSim-2] XSim::Compile design
INFO: [USF-XSim-61] Executing 'COMPILE and ANALYZE' step in 'C:/Users/Public/Documents/PVSDRA/Lab_3/Lab_3.sim/sim_1/behav/xsim'
"xvhdl --incr --relax -prj FIR_tb_vhdl.prj"
INFO: [VRFC 10-163] Analyzing VHDL file "C:/Users/Public/Documents/PVSDRA/Lab_3/Lab_3.srcs/sources_1/new/FIR.vhd" into library xil_defaultlib
INFO: [VRFC 10-307] analyzing entity FIR
INFO: [VRFC 10-163] Analyzing VHDL file "C:/Users/Public/Documents/PVSDRA/Lab_3/Lab_3.srcs/sim_1/new/FIR_tb.vhd" into library xil_defaultlib
INFO: [VRFC 10-307] analyzing entity FIR_tb
INFO: [USF-XSim-69] 'compile' step finished in '1' seconds
INFO: [Vivado 12-5682] Launching behavioral simulation in 'C:/Users/Public/Documents/PVSDRA/Lab_3/Lab_3.sim/sim_1/behav/xsim'
INFO: [USF-XSim-3] XSim::Elaborate design
INFO: [USF-XSim-61] Executing 'ELABORATE' step in 'C:/Users/Public/Documents/PVSDRA/Lab_3/Lab_3.sim/sim_1/behav/xsim'
Vivado Simulator 2018.2
Copyright 1986-1999, 2001-2018 Xilinx, Inc. All Rights Reserved.
Running: D:/Xilinx/Vivado/2018.2/bin/unwrapped/win64.o/xelab.exe -wto ba93bc7316ac4ceb80ae35f65eb8577a --incr --debug typical --relax --mt 2 -L xil_defaultlib -L secureip --snapshot FIR_tb_behav xil_defaultlib.FIR_tb -log elaborate.log 
Using 2 slave threads.
Starting static elaboration
Completed static elaboration
Starting simulation data flow analysis
Completed simulation data flow analysis
Time Resolution for simulation is 1ps
Compiling package std.standard
Compiling package std.textio
Compiling package ieee.std_logic_1164
Compiling package ieee.numeric_std
Compiling package std.env
Compiling package ieee.std_logic_arith
Compiling package ieee.std_logic_unsigned
Compiling architecture behavioral of entity xil_defaultlib.FSM [fsm_default]
Compiling architecture behavioral of entity xil_defaultlib.ROM [rom_default]
Compiling architecture behavioral of entity xil_defaultlib.FIR [fir_default]
Compiling architecture behavioral of entity xil_defaultlib.fir_tb
Built simulation snapshot FIR_tb_behav
INFO: [USF-XSim-69] 'elaborate' step finished in '1' seconds
Vivado Simulator 2018.2
Time resolution is 1 ps
relaunch_sim: Time (s): cpu = 00:00:01 ; elapsed = 00:00:05 . Memory (MB): peak = 987.512 ; gain = 0.000
relaunch_sim
INFO: [Vivado 12-5682] Launching behavioral simulation in 'C:/Users/Public/Documents/PVSDRA/Lab_3/Lab_3.sim/sim_1/behav/xsim'
INFO: [SIM-utils-51] Simulation object is 'sim_1'
INFO: [SIM-utils-54] Inspecting design source files for 'FIR_tb' in fileset 'sim_1'...
INFO: [USF-XSim-97] Finding global include files...
INFO: [USF-XSim-98] Fetching design files from 'sim_1'...
INFO: [USF-XSim-2] XSim::Compile design
INFO: [USF-XSim-61] Executing 'COMPILE and ANALYZE' step in 'C:/Users/Public/Documents/PVSDRA/Lab_3/Lab_3.sim/sim_1/behav/xsim'
"xvhdl --incr --relax -prj FIR_tb_vhdl.prj"
INFO: [VRFC 10-163] Analyzing VHDL file "C:/Users/Public/Documents/PVSDRA/Lab_3/Lab_3.srcs/sources_1/new/FIR.vhd" into library xil_defaultlib
INFO: [VRFC 10-307] analyzing entity FIR
INFO: [VRFC 10-163] Analyzing VHDL file "C:/Users/Public/Documents/PVSDRA/Lab_3/Lab_3.srcs/sim_1/new/FIR_tb.vhd" into library xil_defaultlib
INFO: [VRFC 10-307] analyzing entity FIR_tb
INFO: [USF-XSim-69] 'compile' step finished in '1' seconds
INFO: [Vivado 12-5682] Launching behavioral simulation in 'C:/Users/Public/Documents/PVSDRA/Lab_3/Lab_3.sim/sim_1/behav/xsim'
INFO: [USF-XSim-3] XSim::Elaborate design
INFO: [USF-XSim-61] Executing 'ELABORATE' step in 'C:/Users/Public/Documents/PVSDRA/Lab_3/Lab_3.sim/sim_1/behav/xsim'
Vivado Simulator 2018.2
Copyright 1986-1999, 2001-2018 Xilinx, Inc. All Rights Reserved.
Running: D:/Xilinx/Vivado/2018.2/bin/unwrapped/win64.o/xelab.exe -wto ba93bc7316ac4ceb80ae35f65eb8577a --incr --debug typical --relax --mt 2 -L xil_defaultlib -L secureip --snapshot FIR_tb_behav xil_defaultlib.FIR_tb -log elaborate.log 
Using 2 slave threads.
Starting static elaboration
Completed static elaboration
Starting simulation data flow analysis
Completed simulation data flow analysis
Time Resolution for simulation is 1ps
Compiling package std.standard
Compiling package std.textio
Compiling package ieee.std_logic_1164
Compiling package ieee.numeric_std
Compiling package std.env
Compiling package ieee.std_logic_arith
Compiling package ieee.std_logic_unsigned
Compiling architecture behavioral of entity xil_defaultlib.FSM [fsm_default]
Compiling architecture behavioral of entity xil_defaultlib.ROM [rom_default]
Compiling architecture behavioral of entity xil_defaultlib.FIR [fir_default]
Compiling architecture behavioral of entity xil_defaultlib.fir_tb
Built simulation snapshot FIR_tb_behav
INFO: [USF-XSim-69] 'elaborate' step finished in '2' seconds
Vivado Simulator 2018.2
Time resolution is 1 ps
relaunch_sim: Time (s): cpu = 00:00:00 ; elapsed = 00:00:07 . Memory (MB): peak = 987.512 ; gain = 0.000
relaunch_sim
INFO: [Vivado 12-5682] Launching behavioral simulation in 'C:/Users/Public/Documents/PVSDRA/Lab_3/Lab_3.sim/sim_1/behav/xsim'
INFO: [SIM-utils-51] Simulation object is 'sim_1'
INFO: [SIM-utils-54] Inspecting design source files for 'FIR_tb' in fileset 'sim_1'...
INFO: [USF-XSim-97] Finding global include files...
INFO: [USF-XSim-98] Fetching design files from 'sim_1'...
INFO: [USF-XSim-2] XSim::Compile design
INFO: [USF-XSim-61] Executing 'COMPILE and ANALYZE' step in 'C:/Users/Public/Documents/PVSDRA/Lab_3/Lab_3.sim/sim_1/behav/xsim'
"xvhdl --incr --relax -prj FIR_tb_vhdl.prj"
INFO: [VRFC 10-163] Analyzing VHDL file "C:/Users/Public/Documents/PVSDRA/Lab_3/Lab_3.srcs/sources_1/new/FIR.vhd" into library xil_defaultlib
INFO: [VRFC 10-307] analyzing entity FIR
INFO: [VRFC 10-163] Analyzing VHDL file "C:/Users/Public/Documents/PVSDRA/Lab_3/Lab_3.srcs/sim_1/new/FIR_tb.vhd" into library xil_defaultlib
INFO: [VRFC 10-307] analyzing entity FIR_tb
INFO: [USF-XSim-69] 'compile' step finished in '1' seconds
INFO: [Vivado 12-5682] Launching behavioral simulation in 'C:/Users/Public/Documents/PVSDRA/Lab_3/Lab_3.sim/sim_1/behav/xsim'
INFO: [USF-XSim-3] XSim::Elaborate design
INFO: [USF-XSim-61] Executing 'ELABORATE' step in 'C:/Users/Public/Documents/PVSDRA/Lab_3/Lab_3.sim/sim_1/behav/xsim'
Vivado Simulator 2018.2
Copyright 1986-1999, 2001-2018 Xilinx, Inc. All Rights Reserved.
Running: D:/Xilinx/Vivado/2018.2/bin/unwrapped/win64.o/xelab.exe -wto ba93bc7316ac4ceb80ae35f65eb8577a --incr --debug typical --relax --mt 2 -L xil_defaultlib -L secureip --snapshot FIR_tb_behav xil_defaultlib.FIR_tb -log elaborate.log 
Using 2 slave threads.
Starting static elaboration
Completed static elaboration
Starting simulation data flow analysis
Completed simulation data flow analysis
Time Resolution for simulation is 1ps
Compiling package std.standard
Compiling package std.textio
Compiling package ieee.std_logic_1164
Compiling package ieee.numeric_std
Compiling package std.env
Compiling package ieee.std_logic_arith
Compiling package ieee.std_logic_unsigned
Compiling architecture behavioral of entity xil_defaultlib.FSM [fsm_default]
Compiling architecture behavioral of entity xil_defaultlib.ROM [rom_default]
Compiling architecture behavioral of entity xil_defaultlib.FIR [fir_default]
Compiling architecture behavioral of entity xil_defaultlib.fir_tb
Built simulation snapshot FIR_tb_behav
INFO: [USF-XSim-69] 'elaborate' step finished in '1' seconds
Vivado Simulator 2018.2
Time resolution is 1 ps
relaunch_sim: Time (s): cpu = 00:00:00 ; elapsed = 00:00:07 . Memory (MB): peak = 987.512 ; gain = 0.000
relaunch_sim
INFO: [Vivado 12-5682] Launching behavioral simulation in 'C:/Users/Public/Documents/PVSDRA/Lab_3/Lab_3.sim/sim_1/behav/xsim'
INFO: [SIM-utils-51] Simulation object is 'sim_1'
INFO: [SIM-utils-54] Inspecting design source files for 'FIR_tb' in fileset 'sim_1'...
INFO: [USF-XSim-97] Finding global include files...
INFO: [USF-XSim-98] Fetching design files from 'sim_1'...
INFO: [USF-XSim-2] XSim::Compile design
INFO: [USF-XSim-61] Executing 'COMPILE and ANALYZE' step in 'C:/Users/Public/Documents/PVSDRA/Lab_3/Lab_3.sim/sim_1/behav/xsim'
"xvhdl --incr --relax -prj FIR_tb_vhdl.prj"
INFO: [VRFC 10-163] Analyzing VHDL file "C:/Users/Public/Documents/PVSDRA/Lab_3/Lab_3.srcs/sources_1/new/FIR.vhd" into library xil_defaultlib
INFO: [VRFC 10-307] analyzing entity FIR
INFO: [VRFC 10-163] Analyzing VHDL file "C:/Users/Public/Documents/PVSDRA/Lab_3/Lab_3.srcs/sim_1/new/FIR_tb.vhd" into library xil_defaultlib
INFO: [VRFC 10-307] analyzing entity FIR_tb
INFO: [USF-XSim-69] 'compile' step finished in '1' seconds
INFO: [Vivado 12-5682] Launching behavioral simulation in 'C:/Users/Public/Documents/PVSDRA/Lab_3/Lab_3.sim/sim_1/behav/xsim'
INFO: [USF-XSim-3] XSim::Elaborate design
INFO: [USF-XSim-61] Executing 'ELABORATE' step in 'C:/Users/Public/Documents/PVSDRA/Lab_3/Lab_3.sim/sim_1/behav/xsim'
Vivado Simulator 2018.2
Copyright 1986-1999, 2001-2018 Xilinx, Inc. All Rights Reserved.
Running: D:/Xilinx/Vivado/2018.2/bin/unwrapped/win64.o/xelab.exe -wto ba93bc7316ac4ceb80ae35f65eb8577a --incr --debug typical --relax --mt 2 -L xil_defaultlib -L secureip --snapshot FIR_tb_behav xil_defaultlib.FIR_tb -log elaborate.log 
Using 2 slave threads.
Starting static elaboration
Completed static elaboration
Starting simulation data flow analysis
Completed simulation data flow analysis
Time Resolution for simulation is 1ps
Compiling package std.standard
Compiling package std.textio
Compiling package ieee.std_logic_1164
Compiling package ieee.numeric_std
Compiling package std.env
Compiling package ieee.std_logic_arith
Compiling package ieee.std_logic_unsigned
Compiling architecture behavioral of entity xil_defaultlib.FSM [fsm_default]
Compiling architecture behavioral of entity xil_defaultlib.ROM [rom_default]
Compiling architecture behavioral of entity xil_defaultlib.FIR [fir_default]
Compiling architecture behavioral of entity xil_defaultlib.fir_tb
Built simulation snapshot FIR_tb_behav
INFO: [USF-XSim-69] 'elaborate' step finished in '1' seconds
Vivado Simulator 2018.2
Time resolution is 1 ps
relaunch_sim: Time (s): cpu = 00:00:01 ; elapsed = 00:00:05 . Memory (MB): peak = 987.684 ; gain = 0.172
relaunch_sim
INFO: [Vivado 12-5682] Launching behavioral simulation in 'C:/Users/Public/Documents/PVSDRA/Lab_3/Lab_3.sim/sim_1/behav/xsim'
INFO: [SIM-utils-51] Simulation object is 'sim_1'
INFO: [SIM-utils-54] Inspecting design source files for 'FIR_tb' in fileset 'sim_1'...
INFO: [USF-XSim-97] Finding global include files...
INFO: [USF-XSim-98] Fetching design files from 'sim_1'...
INFO: [USF-XSim-2] XSim::Compile design
INFO: [USF-XSim-61] Executing 'COMPILE and ANALYZE' step in 'C:/Users/Public/Documents/PVSDRA/Lab_3/Lab_3.sim/sim_1/behav/xsim'
"xvhdl --incr --relax -prj FIR_tb_vhdl.prj"
INFO: [VRFC 10-163] Analyzing VHDL file "C:/Users/Public/Documents/PVSDRA/Lab_3/Lab_3.srcs/sources_1/new/FIR.vhd" into library xil_defaultlib
INFO: [VRFC 10-307] analyzing entity FIR
INFO: [VRFC 10-163] Analyzing VHDL file "C:/Users/Public/Documents/PVSDRA/Lab_3/Lab_3.srcs/sim_1/new/FIR_tb.vhd" into library xil_defaultlib
INFO: [VRFC 10-307] analyzing entity FIR_tb
INFO: [USF-XSim-69] 'compile' step finished in '1' seconds
INFO: [Vivado 12-5682] Launching behavioral simulation in 'C:/Users/Public/Documents/PVSDRA/Lab_3/Lab_3.sim/sim_1/behav/xsim'
INFO: [USF-XSim-3] XSim::Elaborate design
INFO: [USF-XSim-61] Executing 'ELABORATE' step in 'C:/Users/Public/Documents/PVSDRA/Lab_3/Lab_3.sim/sim_1/behav/xsim'
Vivado Simulator 2018.2
Copyright 1986-1999, 2001-2018 Xilinx, Inc. All Rights Reserved.
Running: D:/Xilinx/Vivado/2018.2/bin/unwrapped/win64.o/xelab.exe -wto ba93bc7316ac4ceb80ae35f65eb8577a --incr --debug typical --relax --mt 2 -L xil_defaultlib -L secureip --snapshot FIR_tb_behav xil_defaultlib.FIR_tb -log elaborate.log 
Using 2 slave threads.
Starting static elaboration
Completed static elaboration
Starting simulation data flow analysis
Completed simulation data flow analysis
Time Resolution for simulation is 1ps
Compiling package std.standard
Compiling package std.textio
Compiling package ieee.std_logic_1164
Compiling package ieee.numeric_std
Compiling package std.env
Compiling package ieee.std_logic_arith
Compiling package ieee.std_logic_unsigned
Compiling architecture behavioral of entity xil_defaultlib.FSM [fsm_default]
Compiling architecture behavioral of entity xil_defaultlib.ROM [rom_default]
Compiling architecture behavioral of entity xil_defaultlib.FIR [fir_default]
Compiling architecture behavioral of entity xil_defaultlib.fir_tb
Built simulation snapshot FIR_tb_behav
INFO: [USF-XSim-69] 'elaborate' step finished in '1' seconds
Vivado Simulator 2018.2
Time resolution is 1 ps
relaunch_sim: Time (s): cpu = 00:00:00 ; elapsed = 00:00:05 . Memory (MB): peak = 988.129 ; gain = 0.199
relaunch_sim
INFO: [Vivado 12-5682] Launching behavioral simulation in 'C:/Users/Public/Documents/PVSDRA/Lab_3/Lab_3.sim/sim_1/behav/xsim'
INFO: [SIM-utils-51] Simulation object is 'sim_1'
INFO: [SIM-utils-54] Inspecting design source files for 'FIR_tb' in fileset 'sim_1'...
INFO: [USF-XSim-97] Finding global include files...
INFO: [USF-XSim-98] Fetching design files from 'sim_1'...
INFO: [USF-XSim-2] XSim::Compile design
INFO: [USF-XSim-61] Executing 'COMPILE and ANALYZE' step in 'C:/Users/Public/Documents/PVSDRA/Lab_3/Lab_3.sim/sim_1/behav/xsim'
"xvhdl --incr --relax -prj FIR_tb_vhdl.prj"
INFO: [VRFC 10-163] Analyzing VHDL file "C:/Users/Public/Documents/PVSDRA/Lab_3/Lab_3.srcs/sources_1/new/FIR.vhd" into library xil_defaultlib
INFO: [VRFC 10-307] analyzing entity FIR
INFO: [VRFC 10-163] Analyzing VHDL file "C:/Users/Public/Documents/PVSDRA/Lab_3/Lab_3.srcs/sim_1/new/FIR_tb.vhd" into library xil_defaultlib
INFO: [VRFC 10-307] analyzing entity FIR_tb
INFO: [USF-XSim-69] 'compile' step finished in '1' seconds
INFO: [Vivado 12-5682] Launching behavioral simulation in 'C:/Users/Public/Documents/PVSDRA/Lab_3/Lab_3.sim/sim_1/behav/xsim'
INFO: [USF-XSim-3] XSim::Elaborate design
INFO: [USF-XSim-61] Executing 'ELABORATE' step in 'C:/Users/Public/Documents/PVSDRA/Lab_3/Lab_3.sim/sim_1/behav/xsim'
Vivado Simulator 2018.2
Copyright 1986-1999, 2001-2018 Xilinx, Inc. All Rights Reserved.
Running: D:/Xilinx/Vivado/2018.2/bin/unwrapped/win64.o/xelab.exe -wto ba93bc7316ac4ceb80ae35f65eb8577a --incr --debug typical --relax --mt 2 -L xil_defaultlib -L secureip --snapshot FIR_tb_behav xil_defaultlib.FIR_tb -log elaborate.log 
Using 2 slave threads.
Starting static elaboration
Completed static elaboration
Starting simulation data flow analysis
Completed simulation data flow analysis
Time Resolution for simulation is 1ps
Compiling package std.standard
Compiling package std.textio
Compiling package ieee.std_logic_1164
Compiling package ieee.numeric_std
Compiling package std.env
Compiling package ieee.std_logic_arith
Compiling package ieee.std_logic_unsigned
Compiling architecture behavioral of entity xil_defaultlib.FSM [fsm_default]
Compiling architecture behavioral of entity xil_defaultlib.ROM [rom_default]
Compiling architecture behavioral of entity xil_defaultlib.FIR [fir_default]
Compiling architecture behavioral of entity xil_defaultlib.fir_tb
Built simulation snapshot FIR_tb_behav
INFO: [USF-XSim-69] 'elaborate' step finished in '1' seconds
Vivado Simulator 2018.2
Time resolution is 1 ps
relaunch_sim: Time (s): cpu = 00:00:00 ; elapsed = 00:00:07 . Memory (MB): peak = 988.242 ; gain = 0.113
relaunch_sim
INFO: [Vivado 12-5682] Launching behavioral simulation in 'C:/Users/Public/Documents/PVSDRA/Lab_3/Lab_3.sim/sim_1/behav/xsim'
INFO: [SIM-utils-51] Simulation object is 'sim_1'
INFO: [SIM-utils-54] Inspecting design source files for 'FIR_tb' in fileset 'sim_1'...
INFO: [USF-XSim-97] Finding global include files...
INFO: [USF-XSim-98] Fetching design files from 'sim_1'...
INFO: [USF-XSim-2] XSim::Compile design
INFO: [USF-XSim-61] Executing 'COMPILE and ANALYZE' step in 'C:/Users/Public/Documents/PVSDRA/Lab_3/Lab_3.sim/sim_1/behav/xsim'
"xvhdl --incr --relax -prj FIR_tb_vhdl.prj"
INFO: [VRFC 10-163] Analyzing VHDL file "C:/Users/Public/Documents/PVSDRA/Lab_3/Lab_3.srcs/sources_1/new/FIR.vhd" into library xil_defaultlib
INFO: [VRFC 10-307] analyzing entity FIR
INFO: [VRFC 10-163] Analyzing VHDL file "C:/Users/Public/Documents/PVSDRA/Lab_3/Lab_3.srcs/sim_1/new/FIR_tb.vhd" into library xil_defaultlib
INFO: [VRFC 10-307] analyzing entity FIR_tb
INFO: [USF-XSim-69] 'compile' step finished in '1' seconds
INFO: [Vivado 12-5682] Launching behavioral simulation in 'C:/Users/Public/Documents/PVSDRA/Lab_3/Lab_3.sim/sim_1/behav/xsim'
INFO: [USF-XSim-3] XSim::Elaborate design
INFO: [USF-XSim-61] Executing 'ELABORATE' step in 'C:/Users/Public/Documents/PVSDRA/Lab_3/Lab_3.sim/sim_1/behav/xsim'
Vivado Simulator 2018.2
Copyright 1986-1999, 2001-2018 Xilinx, Inc. All Rights Reserved.
Running: D:/Xilinx/Vivado/2018.2/bin/unwrapped/win64.o/xelab.exe -wto ba93bc7316ac4ceb80ae35f65eb8577a --incr --debug typical --relax --mt 2 -L xil_defaultlib -L secureip --snapshot FIR_tb_behav xil_defaultlib.FIR_tb -log elaborate.log 
Using 2 slave threads.
Starting static elaboration
Completed static elaboration
Starting simulation data flow analysis
Completed simulation data flow analysis
Time Resolution for simulation is 1ps
Compiling package std.standard
Compiling package std.textio
Compiling package ieee.std_logic_1164
Compiling package ieee.numeric_std
Compiling package std.env
Compiling package ieee.std_logic_arith
Compiling package ieee.std_logic_unsigned
Compiling architecture behavioral of entity xil_defaultlib.FSM [fsm_default]
Compiling architecture behavioral of entity xil_defaultlib.ROM [rom_default]
Compiling architecture behavioral of entity xil_defaultlib.FIR [fir_default]
Compiling architecture behavioral of entity xil_defaultlib.fir_tb
Built simulation snapshot FIR_tb_behav
INFO: [USF-XSim-69] 'elaborate' step finished in '2' seconds
Vivado Simulator 2018.2
Time resolution is 1 ps
relaunch_sim: Time (s): cpu = 00:00:00 ; elapsed = 00:00:07 . Memory (MB): peak = 989.238 ; gain = 0.996
relaunch_sim
INFO: [Vivado 12-5682] Launching behavioral simulation in 'C:/Users/Public/Documents/PVSDRA/Lab_3/Lab_3.sim/sim_1/behav/xsim'
INFO: [SIM-utils-51] Simulation object is 'sim_1'
INFO: [SIM-utils-54] Inspecting design source files for 'FIR_tb' in fileset 'sim_1'...
INFO: [USF-XSim-97] Finding global include files...
INFO: [USF-XSim-98] Fetching design files from 'sim_1'...
INFO: [USF-XSim-2] XSim::Compile design
INFO: [USF-XSim-61] Executing 'COMPILE and ANALYZE' step in 'C:/Users/Public/Documents/PVSDRA/Lab_3/Lab_3.sim/sim_1/behav/xsim'
"xvhdl --incr --relax -prj FIR_tb_vhdl.prj"
INFO: [VRFC 10-163] Analyzing VHDL file "C:/Users/Public/Documents/PVSDRA/Lab_3/Lab_3.srcs/sources_1/new/FIR.vhd" into library xil_defaultlib
INFO: [VRFC 10-307] analyzing entity FIR
INFO: [VRFC 10-163] Analyzing VHDL file "C:/Users/Public/Documents/PVSDRA/Lab_3/Lab_3.srcs/sim_1/new/FIR_tb.vhd" into library xil_defaultlib
INFO: [VRFC 10-307] analyzing entity FIR_tb
INFO: [USF-XSim-69] 'compile' step finished in '1' seconds
INFO: [Vivado 12-5682] Launching behavioral simulation in 'C:/Users/Public/Documents/PVSDRA/Lab_3/Lab_3.sim/sim_1/behav/xsim'
INFO: [USF-XSim-3] XSim::Elaborate design
INFO: [USF-XSim-61] Executing 'ELABORATE' step in 'C:/Users/Public/Documents/PVSDRA/Lab_3/Lab_3.sim/sim_1/behav/xsim'
Vivado Simulator 2018.2
Copyright 1986-1999, 2001-2018 Xilinx, Inc. All Rights Reserved.
Running: D:/Xilinx/Vivado/2018.2/bin/unwrapped/win64.o/xelab.exe -wto ba93bc7316ac4ceb80ae35f65eb8577a --incr --debug typical --relax --mt 2 -L xil_defaultlib -L secureip --snapshot FIR_tb_behav xil_defaultlib.FIR_tb -log elaborate.log 
Using 2 slave threads.
Starting static elaboration
Completed static elaboration
Starting simulation data flow analysis
Completed simulation data flow analysis
Time Resolution for simulation is 1ps
Compiling package std.standard
Compiling package std.textio
Compiling package ieee.std_logic_1164
Compiling package ieee.numeric_std
Compiling package std.env
Compiling package ieee.std_logic_arith
Compiling package ieee.std_logic_unsigned
Compiling architecture behavioral of entity xil_defaultlib.FSM [fsm_default]
Compiling architecture behavioral of entity xil_defaultlib.ROM [rom_default]
Compiling architecture behavioral of entity xil_defaultlib.FIR [fir_default]
Compiling architecture behavioral of entity xil_defaultlib.fir_tb
Built simulation snapshot FIR_tb_behav
INFO: [USF-XSim-69] 'elaborate' step finished in '1' seconds
Vivado Simulator 2018.2
Time resolution is 1 ps
relaunch_sim: Time (s): cpu = 00:00:01 ; elapsed = 00:00:05 . Memory (MB): peak = 990.434 ; gain = 0.000
relaunch_sim
INFO: [Vivado 12-5682] Launching behavioral simulation in 'C:/Users/Public/Documents/PVSDRA/Lab_3/Lab_3.sim/sim_1/behav/xsim'
INFO: [SIM-utils-51] Simulation object is 'sim_1'
INFO: [SIM-utils-54] Inspecting design source files for 'FIR_tb' in fileset 'sim_1'...
INFO: [USF-XSim-97] Finding global include files...
INFO: [USF-XSim-98] Fetching design files from 'sim_1'...
INFO: [USF-XSim-2] XSim::Compile design
INFO: [USF-XSim-61] Executing 'COMPILE and ANALYZE' step in 'C:/Users/Public/Documents/PVSDRA/Lab_3/Lab_3.sim/sim_1/behav/xsim'
"xvhdl --incr --relax -prj FIR_tb_vhdl.prj"
INFO: [VRFC 10-163] Analyzing VHDL file "C:/Users/Public/Documents/PVSDRA/Lab_3/Lab_3.srcs/sources_1/new/FIR.vhd" into library xil_defaultlib
INFO: [VRFC 10-307] analyzing entity FIR
INFO: [VRFC 10-163] Analyzing VHDL file "C:/Users/Public/Documents/PVSDRA/Lab_3/Lab_3.srcs/sim_1/new/FIR_tb.vhd" into library xil_defaultlib
INFO: [VRFC 10-307] analyzing entity FIR_tb
INFO: [USF-XSim-69] 'compile' step finished in '1' seconds
INFO: [Vivado 12-5682] Launching behavioral simulation in 'C:/Users/Public/Documents/PVSDRA/Lab_3/Lab_3.sim/sim_1/behav/xsim'
INFO: [USF-XSim-3] XSim::Elaborate design
INFO: [USF-XSim-61] Executing 'ELABORATE' step in 'C:/Users/Public/Documents/PVSDRA/Lab_3/Lab_3.sim/sim_1/behav/xsim'
Vivado Simulator 2018.2
Copyright 1986-1999, 2001-2018 Xilinx, Inc. All Rights Reserved.
Running: D:/Xilinx/Vivado/2018.2/bin/unwrapped/win64.o/xelab.exe -wto ba93bc7316ac4ceb80ae35f65eb8577a --incr --debug typical --relax --mt 2 -L xil_defaultlib -L secureip --snapshot FIR_tb_behav xil_defaultlib.FIR_tb -log elaborate.log 
Using 2 slave threads.
Starting static elaboration
Completed static elaboration
Starting simulation data flow analysis
Completed simulation data flow analysis
Time Resolution for simulation is 1ps
Compiling package std.standard
Compiling package std.textio
Compiling package ieee.std_logic_1164
Compiling package ieee.numeric_std
Compiling package std.env
Compiling package ieee.std_logic_arith
Compiling package ieee.std_logic_unsigned
Compiling architecture behavioral of entity xil_defaultlib.FSM [fsm_default]
Compiling architecture behavioral of entity xil_defaultlib.ROM [rom_default]
Compiling architecture behavioral of entity xil_defaultlib.FIR [fir_default]
Compiling architecture behavioral of entity xil_defaultlib.fir_tb
Built simulation snapshot FIR_tb_behav
INFO: [USF-XSim-69] 'elaborate' step finished in '1' seconds
Vivado Simulator 2018.2
Time resolution is 1 ps
relaunch_sim: Time (s): cpu = 00:00:00 ; elapsed = 00:00:05 . Memory (MB): peak = 990.434 ; gain = 0.000
relaunch_sim
INFO: [Vivado 12-5682] Launching behavioral simulation in 'C:/Users/Public/Documents/PVSDRA/Lab_3/Lab_3.sim/sim_1/behav/xsim'
INFO: [SIM-utils-51] Simulation object is 'sim_1'
INFO: [SIM-utils-54] Inspecting design source files for 'FIR_tb' in fileset 'sim_1'...
INFO: [USF-XSim-97] Finding global include files...
INFO: [USF-XSim-98] Fetching design files from 'sim_1'...
INFO: [USF-XSim-2] XSim::Compile design
INFO: [USF-XSim-61] Executing 'COMPILE and ANALYZE' step in 'C:/Users/Public/Documents/PVSDRA/Lab_3/Lab_3.sim/sim_1/behav/xsim'
"xvhdl --incr --relax -prj FIR_tb_vhdl.prj"
INFO: [VRFC 10-163] Analyzing VHDL file "C:/Users/Public/Documents/PVSDRA/Lab_3/Lab_3.srcs/sources_1/new/FIR.vhd" into library xil_defaultlib
INFO: [VRFC 10-307] analyzing entity FIR
INFO: [VRFC 10-163] Analyzing VHDL file "C:/Users/Public/Documents/PVSDRA/Lab_3/Lab_3.srcs/sim_1/new/FIR_tb.vhd" into library xil_defaultlib
INFO: [VRFC 10-307] analyzing entity FIR_tb
INFO: [USF-XSim-69] 'compile' step finished in '1' seconds
INFO: [Vivado 12-5682] Launching behavioral simulation in 'C:/Users/Public/Documents/PVSDRA/Lab_3/Lab_3.sim/sim_1/behav/xsim'
INFO: [USF-XSim-3] XSim::Elaborate design
INFO: [USF-XSim-61] Executing 'ELABORATE' step in 'C:/Users/Public/Documents/PVSDRA/Lab_3/Lab_3.sim/sim_1/behav/xsim'
Vivado Simulator 2018.2
Copyright 1986-1999, 2001-2018 Xilinx, Inc. All Rights Reserved.
Running: D:/Xilinx/Vivado/2018.2/bin/unwrapped/win64.o/xelab.exe -wto ba93bc7316ac4ceb80ae35f65eb8577a --incr --debug typical --relax --mt 2 -L xil_defaultlib -L secureip --snapshot FIR_tb_behav xil_defaultlib.FIR_tb -log elaborate.log 
Using 2 slave threads.
Starting static elaboration
Completed static elaboration
Starting simulation data flow analysis
Completed simulation data flow analysis
Time Resolution for simulation is 1ps
Compiling package std.standard
Compiling package std.textio
Compiling package ieee.std_logic_1164
Compiling package ieee.numeric_std
Compiling package std.env
Compiling package ieee.std_logic_arith
Compiling package ieee.std_logic_unsigned
Compiling architecture behavioral of entity xil_defaultlib.FSM [fsm_default]
Compiling architecture behavioral of entity xil_defaultlib.ROM [rom_default]
Compiling architecture behavioral of entity xil_defaultlib.FIR [fir_default]
Compiling architecture behavioral of entity xil_defaultlib.fir_tb
Built simulation snapshot FIR_tb_behav
INFO: [USF-XSim-69] 'elaborate' step finished in '1' seconds
Vivado Simulator 2018.2
Time resolution is 1 ps
relaunch_sim: Time (s): cpu = 00:00:00 ; elapsed = 00:00:05 . Memory (MB): peak = 991.008 ; gain = 0.574
relaunch_sim
INFO: [Vivado 12-5682] Launching behavioral simulation in 'C:/Users/Public/Documents/PVSDRA/Lab_3/Lab_3.sim/sim_1/behav/xsim'
INFO: [SIM-utils-51] Simulation object is 'sim_1'
INFO: [SIM-utils-54] Inspecting design source files for 'FIR_tb' in fileset 'sim_1'...
INFO: [USF-XSim-97] Finding global include files...
INFO: [USF-XSim-98] Fetching design files from 'sim_1'...
INFO: [USF-XSim-2] XSim::Compile design
INFO: [USF-XSim-61] Executing 'COMPILE and ANALYZE' step in 'C:/Users/Public/Documents/PVSDRA/Lab_3/Lab_3.sim/sim_1/behav/xsim'
"xvhdl --incr --relax -prj FIR_tb_vhdl.prj"
INFO: [VRFC 10-163] Analyzing VHDL file "C:/Users/Public/Documents/PVSDRA/Lab_3/Lab_3.srcs/sources_1/new/FIR.vhd" into library xil_defaultlib
INFO: [VRFC 10-307] analyzing entity FIR
INFO: [VRFC 10-163] Analyzing VHDL file "C:/Users/Public/Documents/PVSDRA/Lab_3/Lab_3.srcs/sim_1/new/FIR_tb.vhd" into library xil_defaultlib
INFO: [VRFC 10-307] analyzing entity FIR_tb
INFO: [USF-XSim-69] 'compile' step finished in '1' seconds
INFO: [Vivado 12-5682] Launching behavioral simulation in 'C:/Users/Public/Documents/PVSDRA/Lab_3/Lab_3.sim/sim_1/behav/xsim'
INFO: [USF-XSim-3] XSim::Elaborate design
INFO: [USF-XSim-61] Executing 'ELABORATE' step in 'C:/Users/Public/Documents/PVSDRA/Lab_3/Lab_3.sim/sim_1/behav/xsim'
Vivado Simulator 2018.2
Copyright 1986-1999, 2001-2018 Xilinx, Inc. All Rights Reserved.
Running: D:/Xilinx/Vivado/2018.2/bin/unwrapped/win64.o/xelab.exe -wto ba93bc7316ac4ceb80ae35f65eb8577a --incr --debug typical --relax --mt 2 -L xil_defaultlib -L secureip --snapshot FIR_tb_behav xil_defaultlib.FIR_tb -log elaborate.log 
Using 2 slave threads.
Starting static elaboration
Completed static elaboration
Starting simulation data flow analysis
Completed simulation data flow analysis
Time Resolution for simulation is 1ps
Compiling package std.standard
Compiling package std.textio
Compiling package ieee.std_logic_1164
Compiling package ieee.numeric_std
Compiling package std.env
Compiling package ieee.std_logic_arith
Compiling package ieee.std_logic_unsigned
Compiling architecture behavioral of entity xil_defaultlib.FSM [fsm_default]
Compiling architecture behavioral of entity xil_defaultlib.ROM [rom_default]
Compiling architecture behavioral of entity xil_defaultlib.FIR [fir_default]
Compiling architecture behavioral of entity xil_defaultlib.fir_tb
Built simulation snapshot FIR_tb_behav
INFO: [USF-XSim-69] 'elaborate' step finished in '1' seconds
Vivado Simulator 2018.2
Time resolution is 1 ps
relaunch_sim: Time (s): cpu = 00:00:00 ; elapsed = 00:00:05 . Memory (MB): peak = 991.211 ; gain = 0.203
relaunch_sim
INFO: [Vivado 12-5682] Launching behavioral simulation in 'C:/Users/Public/Documents/PVSDRA/Lab_3/Lab_3.sim/sim_1/behav/xsim'
INFO: [SIM-utils-51] Simulation object is 'sim_1'
INFO: [SIM-utils-54] Inspecting design source files for 'FIR_tb' in fileset 'sim_1'...
INFO: [USF-XSim-97] Finding global include files...
INFO: [USF-XSim-98] Fetching design files from 'sim_1'...
INFO: [USF-XSim-2] XSim::Compile design
INFO: [USF-XSim-61] Executing 'COMPILE and ANALYZE' step in 'C:/Users/Public/Documents/PVSDRA/Lab_3/Lab_3.sim/sim_1/behav/xsim'
"xvhdl --incr --relax -prj FIR_tb_vhdl.prj"
INFO: [VRFC 10-163] Analyzing VHDL file "C:/Users/Public/Documents/PVSDRA/Lab_3/Lab_3.srcs/sources_1/new/FIR.vhd" into library xil_defaultlib
INFO: [VRFC 10-307] analyzing entity FIR
INFO: [VRFC 10-163] Analyzing VHDL file "C:/Users/Public/Documents/PVSDRA/Lab_3/Lab_3.srcs/sim_1/new/FIR_tb.vhd" into library xil_defaultlib
INFO: [VRFC 10-307] analyzing entity FIR_tb
INFO: [USF-XSim-69] 'compile' step finished in '1' seconds
INFO: [Vivado 12-5682] Launching behavioral simulation in 'C:/Users/Public/Documents/PVSDRA/Lab_3/Lab_3.sim/sim_1/behav/xsim'
INFO: [USF-XSim-3] XSim::Elaborate design
INFO: [USF-XSim-61] Executing 'ELABORATE' step in 'C:/Users/Public/Documents/PVSDRA/Lab_3/Lab_3.sim/sim_1/behav/xsim'
Vivado Simulator 2018.2
Copyright 1986-1999, 2001-2018 Xilinx, Inc. All Rights Reserved.
Running: D:/Xilinx/Vivado/2018.2/bin/unwrapped/win64.o/xelab.exe -wto ba93bc7316ac4ceb80ae35f65eb8577a --incr --debug typical --relax --mt 2 -L xil_defaultlib -L secureip --snapshot FIR_tb_behav xil_defaultlib.FIR_tb -log elaborate.log 
Using 2 slave threads.
Starting static elaboration
Completed static elaboration
Starting simulation data flow analysis
Completed simulation data flow analysis
Time Resolution for simulation is 1ps
Compiling package std.standard
Compiling package std.textio
Compiling package ieee.std_logic_1164
Compiling package ieee.numeric_std
Compiling package std.env
Compiling package ieee.std_logic_arith
Compiling package ieee.std_logic_unsigned
Compiling architecture behavioral of entity xil_defaultlib.FSM [fsm_default]
Compiling architecture behavioral of entity xil_defaultlib.ROM [rom_default]
Compiling architecture behavioral of entity xil_defaultlib.FIR [fir_default]
Compiling architecture behavioral of entity xil_defaultlib.fir_tb
Built simulation snapshot FIR_tb_behav
INFO: [USF-XSim-69] 'elaborate' step finished in '2' seconds
Vivado Simulator 2018.2
Time resolution is 1 ps
relaunch_sim: Time (s): cpu = 00:00:00 ; elapsed = 00:00:05 . Memory (MB): peak = 991.715 ; gain = 0.344
relaunch_sim
INFO: [Vivado 12-5682] Launching behavioral simulation in 'C:/Users/Public/Documents/PVSDRA/Lab_3/Lab_3.sim/sim_1/behav/xsim'
INFO: [SIM-utils-51] Simulation object is 'sim_1'
INFO: [SIM-utils-54] Inspecting design source files for 'FIR_tb' in fileset 'sim_1'...
INFO: [USF-XSim-97] Finding global include files...
INFO: [USF-XSim-98] Fetching design files from 'sim_1'...
INFO: [USF-XSim-2] XSim::Compile design
INFO: [USF-XSim-61] Executing 'COMPILE and ANALYZE' step in 'C:/Users/Public/Documents/PVSDRA/Lab_3/Lab_3.sim/sim_1/behav/xsim'
"xvhdl --incr --relax -prj FIR_tb_vhdl.prj"
INFO: [VRFC 10-163] Analyzing VHDL file "C:/Users/Public/Documents/PVSDRA/Lab_3/Lab_3.srcs/sources_1/new/FIR.vhd" into library xil_defaultlib
INFO: [VRFC 10-307] analyzing entity FIR
INFO: [VRFC 10-163] Analyzing VHDL file "C:/Users/Public/Documents/PVSDRA/Lab_3/Lab_3.srcs/sim_1/new/FIR_tb.vhd" into library xil_defaultlib
INFO: [VRFC 10-307] analyzing entity FIR_tb
INFO: [USF-XSim-69] 'compile' step finished in '1' seconds
INFO: [Vivado 12-5682] Launching behavioral simulation in 'C:/Users/Public/Documents/PVSDRA/Lab_3/Lab_3.sim/sim_1/behav/xsim'
INFO: [USF-XSim-3] XSim::Elaborate design
INFO: [USF-XSim-61] Executing 'ELABORATE' step in 'C:/Users/Public/Documents/PVSDRA/Lab_3/Lab_3.sim/sim_1/behav/xsim'
Vivado Simulator 2018.2
Copyright 1986-1999, 2001-2018 Xilinx, Inc. All Rights Reserved.
Running: D:/Xilinx/Vivado/2018.2/bin/unwrapped/win64.o/xelab.exe -wto ba93bc7316ac4ceb80ae35f65eb8577a --incr --debug typical --relax --mt 2 -L xil_defaultlib -L secureip --snapshot FIR_tb_behav xil_defaultlib.FIR_tb -log elaborate.log 
Using 2 slave threads.
Starting static elaboration
Completed static elaboration
Starting simulation data flow analysis
Completed simulation data flow analysis
Time Resolution for simulation is 1ps
Compiling package std.standard
Compiling package std.textio
Compiling package ieee.std_logic_1164
Compiling package ieee.numeric_std
Compiling package std.env
Compiling package ieee.std_logic_arith
Compiling package ieee.std_logic_unsigned
Compiling architecture behavioral of entity xil_defaultlib.FSM [fsm_default]
Compiling architecture behavioral of entity xil_defaultlib.ROM [rom_default]
Compiling architecture behavioral of entity xil_defaultlib.FIR [fir_default]
Compiling architecture behavioral of entity xil_defaultlib.fir_tb
Built simulation snapshot FIR_tb_behav
INFO: [USF-XSim-69] 'elaborate' step finished in '1' seconds
Vivado Simulator 2018.2
Time resolution is 1 ps
relaunch_sim
INFO: [Vivado 12-5682] Launching behavioral simulation in 'C:/Users/Public/Documents/PVSDRA/Lab_3/Lab_3.sim/sim_1/behav/xsim'
INFO: [SIM-utils-51] Simulation object is 'sim_1'
INFO: [SIM-utils-54] Inspecting design source files for 'FIR_tb' in fileset 'sim_1'...
INFO: [USF-XSim-97] Finding global include files...
INFO: [USF-XSim-98] Fetching design files from 'sim_1'...
INFO: [USF-XSim-2] XSim::Compile design
INFO: [USF-XSim-61] Executing 'COMPILE and ANALYZE' step in 'C:/Users/Public/Documents/PVSDRA/Lab_3/Lab_3.sim/sim_1/behav/xsim'
"xvhdl --incr --relax -prj FIR_tb_vhdl.prj"
INFO: [VRFC 10-163] Analyzing VHDL file "C:/Users/Public/Documents/PVSDRA/Lab_3/Lab_3.srcs/sources_1/new/FIR.vhd" into library xil_defaultlib
INFO: [VRFC 10-307] analyzing entity FIR
INFO: [VRFC 10-163] Analyzing VHDL file "C:/Users/Public/Documents/PVSDRA/Lab_3/Lab_3.srcs/sim_1/new/FIR_tb.vhd" into library xil_defaultlib
INFO: [VRFC 10-307] analyzing entity FIR_tb
INFO: [USF-XSim-69] 'compile' step finished in '1' seconds
INFO: [Vivado 12-5682] Launching behavioral simulation in 'C:/Users/Public/Documents/PVSDRA/Lab_3/Lab_3.sim/sim_1/behav/xsim'
INFO: [USF-XSim-3] XSim::Elaborate design
INFO: [USF-XSim-61] Executing 'ELABORATE' step in 'C:/Users/Public/Documents/PVSDRA/Lab_3/Lab_3.sim/sim_1/behav/xsim'
Vivado Simulator 2018.2
Copyright 1986-1999, 2001-2018 Xilinx, Inc. All Rights Reserved.
Running: D:/Xilinx/Vivado/2018.2/bin/unwrapped/win64.o/xelab.exe -wto ba93bc7316ac4ceb80ae35f65eb8577a --incr --debug typical --relax --mt 2 -L xil_defaultlib -L secureip --snapshot FIR_tb_behav xil_defaultlib.FIR_tb -log elaborate.log 
Using 2 slave threads.
Starting static elaboration
Completed static elaboration
Starting simulation data flow analysis
Completed simulation data flow analysis
Time Resolution for simulation is 1ps
Compiling package std.standard
Compiling package std.textio
Compiling package ieee.std_logic_1164
Compiling package ieee.numeric_std
Compiling package std.env
Compiling package ieee.std_logic_arith
Compiling package ieee.std_logic_unsigned
Compiling architecture behavioral of entity xil_defaultlib.FSM [fsm_default]
Compiling architecture behavioral of entity xil_defaultlib.ROM [rom_default]
Compiling architecture behavioral of entity xil_defaultlib.FIR [fir_default]
Compiling architecture behavioral of entity xil_defaultlib.fir_tb
Built simulation snapshot FIR_tb_behav
INFO: [USF-XSim-69] 'elaborate' step finished in '1' seconds
Vivado Simulator 2018.2
Time resolution is 1 ps
relaunch_sim
INFO: [Vivado 12-5682] Launching behavioral simulation in 'C:/Users/Public/Documents/PVSDRA/Lab_3/Lab_3.sim/sim_1/behav/xsim'
INFO: [SIM-utils-51] Simulation object is 'sim_1'
INFO: [SIM-utils-54] Inspecting design source files for 'FIR_tb' in fileset 'sim_1'...
INFO: [USF-XSim-97] Finding global include files...
INFO: [USF-XSim-98] Fetching design files from 'sim_1'...
INFO: [USF-XSim-2] XSim::Compile design
INFO: [USF-XSim-61] Executing 'COMPILE and ANALYZE' step in 'C:/Users/Public/Documents/PVSDRA/Lab_3/Lab_3.sim/sim_1/behav/xsim'
"xvhdl --incr --relax -prj FIR_tb_vhdl.prj"
INFO: [VRFC 10-163] Analyzing VHDL file "C:/Users/Public/Documents/PVSDRA/Lab_3/Lab_3.srcs/sources_1/new/FIR.vhd" into library xil_defaultlib
INFO: [VRFC 10-307] analyzing entity FIR
INFO: [VRFC 10-163] Analyzing VHDL file "C:/Users/Public/Documents/PVSDRA/Lab_3/Lab_3.srcs/sim_1/new/FIR_tb.vhd" into library xil_defaultlib
INFO: [VRFC 10-307] analyzing entity FIR_tb
INFO: [USF-XSim-69] 'compile' step finished in '1' seconds
INFO: [Vivado 12-5682] Launching behavioral simulation in 'C:/Users/Public/Documents/PVSDRA/Lab_3/Lab_3.sim/sim_1/behav/xsim'
INFO: [USF-XSim-3] XSim::Elaborate design
INFO: [USF-XSim-61] Executing 'ELABORATE' step in 'C:/Users/Public/Documents/PVSDRA/Lab_3/Lab_3.sim/sim_1/behav/xsim'
Vivado Simulator 2018.2
Copyright 1986-1999, 2001-2018 Xilinx, Inc. All Rights Reserved.
Running: D:/Xilinx/Vivado/2018.2/bin/unwrapped/win64.o/xelab.exe -wto ba93bc7316ac4ceb80ae35f65eb8577a --incr --debug typical --relax --mt 2 -L xil_defaultlib -L secureip --snapshot FIR_tb_behav xil_defaultlib.FIR_tb -log elaborate.log 
Using 2 slave threads.
Starting static elaboration
Completed static elaboration
Starting simulation data flow analysis
Completed simulation data flow analysis
Time Resolution for simulation is 1ps
Compiling package std.standard
Compiling package std.textio
Compiling package ieee.std_logic_1164
Compiling package ieee.numeric_std
Compiling package std.env
Compiling package ieee.std_logic_arith
Compiling package ieee.std_logic_unsigned
Compiling architecture behavioral of entity xil_defaultlib.FSM [fsm_default]
Compiling architecture behavioral of entity xil_defaultlib.ROM [rom_default]
Compiling architecture behavioral of entity xil_defaultlib.FIR [fir_default]
Compiling architecture behavioral of entity xil_defaultlib.fir_tb
Built simulation snapshot FIR_tb_behav
INFO: [USF-XSim-69] 'elaborate' step finished in '2' seconds
Vivado Simulator 2018.2
Time resolution is 1 ps
relaunch_sim: Time (s): cpu = 00:00:01 ; elapsed = 00:00:05 . Memory (MB): peak = 993.871 ; gain = 0.473
relaunch_sim
INFO: [Vivado 12-5682] Launching behavioral simulation in 'C:/Users/Public/Documents/PVSDRA/Lab_3/Lab_3.sim/sim_1/behav/xsim'
INFO: [SIM-utils-51] Simulation object is 'sim_1'
INFO: [SIM-utils-54] Inspecting design source files for 'FIR_tb' in fileset 'sim_1'...
INFO: [USF-XSim-97] Finding global include files...
INFO: [USF-XSim-98] Fetching design files from 'sim_1'...
INFO: [USF-XSim-2] XSim::Compile design
INFO: [USF-XSim-61] Executing 'COMPILE and ANALYZE' step in 'C:/Users/Public/Documents/PVSDRA/Lab_3/Lab_3.sim/sim_1/behav/xsim'
"xvhdl --incr --relax -prj FIR_tb_vhdl.prj"
INFO: [VRFC 10-163] Analyzing VHDL file "C:/Users/Public/Documents/PVSDRA/Lab_3/Lab_3.srcs/sources_1/new/FIR.vhd" into library xil_defaultlib
INFO: [VRFC 10-307] analyzing entity FIR
INFO: [VRFC 10-163] Analyzing VHDL file "C:/Users/Public/Documents/PVSDRA/Lab_3/Lab_3.srcs/sim_1/new/FIR_tb.vhd" into library xil_defaultlib
INFO: [VRFC 10-307] analyzing entity FIR_tb
INFO: [USF-XSim-69] 'compile' step finished in '1' seconds
INFO: [Vivado 12-5682] Launching behavioral simulation in 'C:/Users/Public/Documents/PVSDRA/Lab_3/Lab_3.sim/sim_1/behav/xsim'
INFO: [USF-XSim-3] XSim::Elaborate design
INFO: [USF-XSim-61] Executing 'ELABORATE' step in 'C:/Users/Public/Documents/PVSDRA/Lab_3/Lab_3.sim/sim_1/behav/xsim'
Vivado Simulator 2018.2
Copyright 1986-1999, 2001-2018 Xilinx, Inc. All Rights Reserved.
Running: D:/Xilinx/Vivado/2018.2/bin/unwrapped/win64.o/xelab.exe -wto ba93bc7316ac4ceb80ae35f65eb8577a --incr --debug typical --relax --mt 2 -L xil_defaultlib -L secureip --snapshot FIR_tb_behav xil_defaultlib.FIR_tb -log elaborate.log 
Using 2 slave threads.
Starting static elaboration
Completed static elaboration
Starting simulation data flow analysis
Completed simulation data flow analysis
Time Resolution for simulation is 1ps
Compiling package std.standard
Compiling package std.textio
Compiling package ieee.std_logic_1164
Compiling package ieee.numeric_std
Compiling package std.env
Compiling package ieee.std_logic_arith
Compiling package ieee.std_logic_unsigned
Compiling architecture behavioral of entity xil_defaultlib.FSM [fsm_default]
Compiling architecture behavioral of entity xil_defaultlib.ROM [rom_default]
Compiling architecture behavioral of entity xil_defaultlib.FIR [fir_default]
Compiling architecture behavioral of entity xil_defaultlib.fir_tb
Built simulation snapshot FIR_tb_behav
INFO: [USF-XSim-69] 'elaborate' step finished in '1' seconds
Vivado Simulator 2018.2
Time resolution is 1 ps
relaunch_sim
INFO: [Vivado 12-5682] Launching behavioral simulation in 'C:/Users/Public/Documents/PVSDRA/Lab_3/Lab_3.sim/sim_1/behav/xsim'
INFO: [SIM-utils-51] Simulation object is 'sim_1'
INFO: [SIM-utils-54] Inspecting design source files for 'FIR_tb' in fileset 'sim_1'...
INFO: [USF-XSim-97] Finding global include files...
INFO: [USF-XSim-98] Fetching design files from 'sim_1'...
INFO: [USF-XSim-2] XSim::Compile design
INFO: [USF-XSim-61] Executing 'COMPILE and ANALYZE' step in 'C:/Users/Public/Documents/PVSDRA/Lab_3/Lab_3.sim/sim_1/behav/xsim'
"xvhdl --incr --relax -prj FIR_tb_vhdl.prj"
INFO: [VRFC 10-163] Analyzing VHDL file "C:/Users/Public/Documents/PVSDRA/Lab_3/Lab_3.srcs/sources_1/new/FIR.vhd" into library xil_defaultlib
INFO: [VRFC 10-307] analyzing entity FIR
INFO: [VRFC 10-163] Analyzing VHDL file "C:/Users/Public/Documents/PVSDRA/Lab_3/Lab_3.srcs/sim_1/new/FIR_tb.vhd" into library xil_defaultlib
INFO: [VRFC 10-307] analyzing entity FIR_tb
INFO: [USF-XSim-69] 'compile' step finished in '1' seconds
INFO: [Vivado 12-5682] Launching behavioral simulation in 'C:/Users/Public/Documents/PVSDRA/Lab_3/Lab_3.sim/sim_1/behav/xsim'
INFO: [USF-XSim-3] XSim::Elaborate design
INFO: [USF-XSim-61] Executing 'ELABORATE' step in 'C:/Users/Public/Documents/PVSDRA/Lab_3/Lab_3.sim/sim_1/behav/xsim'
Vivado Simulator 2018.2
Copyright 1986-1999, 2001-2018 Xilinx, Inc. All Rights Reserved.
Running: D:/Xilinx/Vivado/2018.2/bin/unwrapped/win64.o/xelab.exe -wto ba93bc7316ac4ceb80ae35f65eb8577a --incr --debug typical --relax --mt 2 -L xil_defaultlib -L secureip --snapshot FIR_tb_behav xil_defaultlib.FIR_tb -log elaborate.log 
Using 2 slave threads.
Starting static elaboration
Completed static elaboration
Starting simulation data flow analysis
Completed simulation data flow analysis
Time Resolution for simulation is 1ps
Compiling package std.standard
Compiling package std.textio
Compiling package ieee.std_logic_1164
Compiling package ieee.numeric_std
Compiling package std.env
Compiling package ieee.std_logic_arith
Compiling package ieee.std_logic_unsigned
Compiling architecture behavioral of entity xil_defaultlib.FSM [fsm_default]
Compiling architecture behavioral of entity xil_defaultlib.ROM [rom_default]
Compiling architecture behavioral of entity xil_defaultlib.FIR [fir_default]
Compiling architecture behavioral of entity xil_defaultlib.fir_tb
Built simulation snapshot FIR_tb_behav
INFO: [USF-XSim-69] 'elaborate' step finished in '2' seconds
Vivado Simulator 2018.2
Time resolution is 1 ps
relaunch_sim: Time (s): cpu = 00:00:00 ; elapsed = 00:00:05 . Memory (MB): peak = 995.051 ; gain = 0.000
relaunch_sim
INFO: [Vivado 12-5682] Launching behavioral simulation in 'C:/Users/Public/Documents/PVSDRA/Lab_3/Lab_3.sim/sim_1/behav/xsim'
INFO: [SIM-utils-51] Simulation object is 'sim_1'
INFO: [SIM-utils-54] Inspecting design source files for 'FIR_tb' in fileset 'sim_1'...
INFO: [USF-XSim-97] Finding global include files...
INFO: [USF-XSim-98] Fetching design files from 'sim_1'...
INFO: [USF-XSim-2] XSim::Compile design
INFO: [USF-XSim-61] Executing 'COMPILE and ANALYZE' step in 'C:/Users/Public/Documents/PVSDRA/Lab_3/Lab_3.sim/sim_1/behav/xsim'
"xvhdl --incr --relax -prj FIR_tb_vhdl.prj"
INFO: [VRFC 10-163] Analyzing VHDL file "C:/Users/Public/Documents/PVSDRA/Lab_3/Lab_3.srcs/sources_1/new/FIR.vhd" into library xil_defaultlib
INFO: [VRFC 10-307] analyzing entity FIR
INFO: [VRFC 10-163] Analyzing VHDL file "C:/Users/Public/Documents/PVSDRA/Lab_3/Lab_3.srcs/sim_1/new/FIR_tb.vhd" into library xil_defaultlib
INFO: [VRFC 10-307] analyzing entity FIR_tb
INFO: [USF-XSim-69] 'compile' step finished in '1' seconds
INFO: [Vivado 12-5682] Launching behavioral simulation in 'C:/Users/Public/Documents/PVSDRA/Lab_3/Lab_3.sim/sim_1/behav/xsim'
INFO: [USF-XSim-3] XSim::Elaborate design
INFO: [USF-XSim-61] Executing 'ELABORATE' step in 'C:/Users/Public/Documents/PVSDRA/Lab_3/Lab_3.sim/sim_1/behav/xsim'
Vivado Simulator 2018.2
Copyright 1986-1999, 2001-2018 Xilinx, Inc. All Rights Reserved.
Running: D:/Xilinx/Vivado/2018.2/bin/unwrapped/win64.o/xelab.exe -wto ba93bc7316ac4ceb80ae35f65eb8577a --incr --debug typical --relax --mt 2 -L xil_defaultlib -L secureip --snapshot FIR_tb_behav xil_defaultlib.FIR_tb -log elaborate.log 
Using 2 slave threads.
Starting static elaboration
Completed static elaboration
Starting simulation data flow analysis
Completed simulation data flow analysis
Time Resolution for simulation is 1ps
Compiling package std.standard
Compiling package std.textio
Compiling package ieee.std_logic_1164
Compiling package ieee.numeric_std
Compiling package std.env
Compiling package ieee.std_logic_arith
Compiling package ieee.std_logic_unsigned
Compiling architecture behavioral of entity xil_defaultlib.FSM [fsm_default]
Compiling architecture behavioral of entity xil_defaultlib.ROM [rom_default]
Compiling architecture behavioral of entity xil_defaultlib.FIR [fir_default]
Compiling architecture behavioral of entity xil_defaultlib.fir_tb
Built simulation snapshot FIR_tb_behav
INFO: [USF-XSim-69] 'elaborate' step finished in '1' seconds
Vivado Simulator 2018.2
Time resolution is 1 ps
relaunch_sim: Time (s): cpu = 00:00:00 ; elapsed = 00:00:07 . Memory (MB): peak = 995.051 ; gain = 0.000
relaunch_sim
INFO: [Vivado 12-5682] Launching behavioral simulation in 'C:/Users/Public/Documents/PVSDRA/Lab_3/Lab_3.sim/sim_1/behav/xsim'
INFO: [SIM-utils-51] Simulation object is 'sim_1'
INFO: [SIM-utils-54] Inspecting design source files for 'FIR_tb' in fileset 'sim_1'...
INFO: [USF-XSim-97] Finding global include files...
INFO: [USF-XSim-98] Fetching design files from 'sim_1'...
INFO: [USF-XSim-2] XSim::Compile design
INFO: [USF-XSim-61] Executing 'COMPILE and ANALYZE' step in 'C:/Users/Public/Documents/PVSDRA/Lab_3/Lab_3.sim/sim_1/behav/xsim'
"xvhdl --incr --relax -prj FIR_tb_vhdl.prj"
INFO: [VRFC 10-163] Analyzing VHDL file "C:/Users/Public/Documents/PVSDRA/Lab_3/Lab_3.srcs/sources_1/new/FIR.vhd" into library xil_defaultlib
INFO: [VRFC 10-307] analyzing entity FIR
INFO: [VRFC 10-163] Analyzing VHDL file "C:/Users/Public/Documents/PVSDRA/Lab_3/Lab_3.srcs/sim_1/new/FIR_tb.vhd" into library xil_defaultlib
INFO: [VRFC 10-307] analyzing entity FIR_tb
INFO: [USF-XSim-69] 'compile' step finished in '1' seconds
INFO: [Vivado 12-5682] Launching behavioral simulation in 'C:/Users/Public/Documents/PVSDRA/Lab_3/Lab_3.sim/sim_1/behav/xsim'
INFO: [USF-XSim-3] XSim::Elaborate design
INFO: [USF-XSim-61] Executing 'ELABORATE' step in 'C:/Users/Public/Documents/PVSDRA/Lab_3/Lab_3.sim/sim_1/behav/xsim'
Vivado Simulator 2018.2
Copyright 1986-1999, 2001-2018 Xilinx, Inc. All Rights Reserved.
Running: D:/Xilinx/Vivado/2018.2/bin/unwrapped/win64.o/xelab.exe -wto ba93bc7316ac4ceb80ae35f65eb8577a --incr --debug typical --relax --mt 2 -L xil_defaultlib -L secureip --snapshot FIR_tb_behav xil_defaultlib.FIR_tb -log elaborate.log 
Using 2 slave threads.
Starting static elaboration
Completed static elaboration
Starting simulation data flow analysis
Completed simulation data flow analysis
Time Resolution for simulation is 1ps
Compiling package std.standard
Compiling package std.textio
Compiling package ieee.std_logic_1164
Compiling package ieee.numeric_std
Compiling package std.env
Compiling package ieee.std_logic_arith
Compiling package ieee.std_logic_unsigned
Compiling architecture behavioral of entity xil_defaultlib.FSM [fsm_default]
Compiling architecture behavioral of entity xil_defaultlib.ROM [rom_default]
Compiling architecture behavioral of entity xil_defaultlib.FIR [fir_default]
Compiling architecture behavioral of entity xil_defaultlib.fir_tb
Built simulation snapshot FIR_tb_behav
INFO: [USF-XSim-69] 'elaborate' step finished in '2' seconds
Vivado Simulator 2018.2
Time resolution is 1 ps
relaunch_sim: Time (s): cpu = 00:00:00 ; elapsed = 00:00:07 . Memory (MB): peak = 995.262 ; gain = 0.211
relaunch_sim
INFO: [Vivado 12-5682] Launching behavioral simulation in 'C:/Users/Public/Documents/PVSDRA/Lab_3/Lab_3.sim/sim_1/behav/xsim'
INFO: [SIM-utils-51] Simulation object is 'sim_1'
INFO: [SIM-utils-54] Inspecting design source files for 'FIR_tb' in fileset 'sim_1'...
INFO: [USF-XSim-97] Finding global include files...
INFO: [USF-XSim-98] Fetching design files from 'sim_1'...
INFO: [USF-XSim-2] XSim::Compile design
INFO: [USF-XSim-61] Executing 'COMPILE and ANALYZE' step in 'C:/Users/Public/Documents/PVSDRA/Lab_3/Lab_3.sim/sim_1/behav/xsim'
"xvhdl --incr --relax -prj FIR_tb_vhdl.prj"
INFO: [VRFC 10-163] Analyzing VHDL file "C:/Users/Public/Documents/PVSDRA/Lab_3/Lab_3.srcs/sources_1/new/FIR.vhd" into library xil_defaultlib
INFO: [VRFC 10-307] analyzing entity FIR
INFO: [VRFC 10-163] Analyzing VHDL file "C:/Users/Public/Documents/PVSDRA/Lab_3/Lab_3.srcs/sim_1/new/FIR_tb.vhd" into library xil_defaultlib
INFO: [VRFC 10-307] analyzing entity FIR_tb
INFO: [USF-XSim-69] 'compile' step finished in '1' seconds
INFO: [Vivado 12-5682] Launching behavioral simulation in 'C:/Users/Public/Documents/PVSDRA/Lab_3/Lab_3.sim/sim_1/behav/xsim'
INFO: [USF-XSim-3] XSim::Elaborate design
INFO: [USF-XSim-61] Executing 'ELABORATE' step in 'C:/Users/Public/Documents/PVSDRA/Lab_3/Lab_3.sim/sim_1/behav/xsim'
Vivado Simulator 2018.2
Copyright 1986-1999, 2001-2018 Xilinx, Inc. All Rights Reserved.
Running: D:/Xilinx/Vivado/2018.2/bin/unwrapped/win64.o/xelab.exe -wto ba93bc7316ac4ceb80ae35f65eb8577a --incr --debug typical --relax --mt 2 -L xil_defaultlib -L secureip --snapshot FIR_tb_behav xil_defaultlib.FIR_tb -log elaborate.log 
Using 2 slave threads.
Starting static elaboration
Completed static elaboration
Starting simulation data flow analysis
Completed simulation data flow analysis
Time Resolution for simulation is 1ps
Compiling package std.standard
Compiling package std.textio
Compiling package ieee.std_logic_1164
Compiling package ieee.numeric_std
Compiling package std.env
Compiling package ieee.std_logic_arith
Compiling package ieee.std_logic_unsigned
Compiling architecture behavioral of entity xil_defaultlib.FSM [fsm_default]
Compiling architecture behavioral of entity xil_defaultlib.ROM [rom_default]
Compiling architecture behavioral of entity xil_defaultlib.FIR [fir_default]
Compiling architecture behavioral of entity xil_defaultlib.fir_tb
Built simulation snapshot FIR_tb_behav
INFO: [USF-XSim-69] 'elaborate' step finished in '2' seconds
Vivado Simulator 2018.2
Time resolution is 1 ps
relaunch_sim: Time (s): cpu = 00:00:00 ; elapsed = 00:00:05 . Memory (MB): peak = 995.832 ; gain = 0.383
relaunch_sim
INFO: [Vivado 12-5682] Launching behavioral simulation in 'C:/Users/Public/Documents/PVSDRA/Lab_3/Lab_3.sim/sim_1/behav/xsim'
INFO: [SIM-utils-51] Simulation object is 'sim_1'
INFO: [SIM-utils-54] Inspecting design source files for 'FIR_tb' in fileset 'sim_1'...
INFO: [USF-XSim-97] Finding global include files...
INFO: [USF-XSim-98] Fetching design files from 'sim_1'...
INFO: [USF-XSim-2] XSim::Compile design
INFO: [USF-XSim-61] Executing 'COMPILE and ANALYZE' step in 'C:/Users/Public/Documents/PVSDRA/Lab_3/Lab_3.sim/sim_1/behav/xsim'
"xvhdl --incr --relax -prj FIR_tb_vhdl.prj"
INFO: [VRFC 10-163] Analyzing VHDL file "C:/Users/Public/Documents/PVSDRA/Lab_3/Lab_3.srcs/sources_1/new/FIR.vhd" into library xil_defaultlib
INFO: [VRFC 10-307] analyzing entity FIR
INFO: [VRFC 10-163] Analyzing VHDL file "C:/Users/Public/Documents/PVSDRA/Lab_3/Lab_3.srcs/sim_1/new/FIR_tb.vhd" into library xil_defaultlib
INFO: [VRFC 10-307] analyzing entity FIR_tb
INFO: [USF-XSim-69] 'compile' step finished in '1' seconds
INFO: [Vivado 12-5682] Launching behavioral simulation in 'C:/Users/Public/Documents/PVSDRA/Lab_3/Lab_3.sim/sim_1/behav/xsim'
INFO: [USF-XSim-3] XSim::Elaborate design
INFO: [USF-XSim-61] Executing 'ELABORATE' step in 'C:/Users/Public/Documents/PVSDRA/Lab_3/Lab_3.sim/sim_1/behav/xsim'
Vivado Simulator 2018.2
Copyright 1986-1999, 2001-2018 Xilinx, Inc. All Rights Reserved.
Running: D:/Xilinx/Vivado/2018.2/bin/unwrapped/win64.o/xelab.exe -wto ba93bc7316ac4ceb80ae35f65eb8577a --incr --debug typical --relax --mt 2 -L xil_defaultlib -L secureip --snapshot FIR_tb_behav xil_defaultlib.FIR_tb -log elaborate.log 
Using 2 slave threads.
Starting static elaboration
Completed static elaboration
Starting simulation data flow analysis
Completed simulation data flow analysis
Time Resolution for simulation is 1ps
Compiling package std.standard
Compiling package std.textio
Compiling package ieee.std_logic_1164
Compiling package ieee.numeric_std
Compiling package std.env
Compiling package ieee.std_logic_arith
Compiling package ieee.std_logic_unsigned
Compiling architecture behavioral of entity xil_defaultlib.FSM [fsm_default]
Compiling architecture behavioral of entity xil_defaultlib.ROM [rom_default]
Compiling architecture behavioral of entity xil_defaultlib.FIR [fir_default]
Compiling architecture behavioral of entity xil_defaultlib.fir_tb
Built simulation snapshot FIR_tb_behav
INFO: [USF-XSim-69] 'elaborate' step finished in '2' seconds
Vivado Simulator 2018.2
Time resolution is 1 ps
ERROR: Array sizes do not match, left array has 12 elements, right array has 13 elements
Time: 76 ns  Iteration: 1  Process: /FIR_tb/uut/accumulate
  File: C:/Users/Public/Documents/PVSDRA/Lab_3/Lab_3.srcs/sources_1/new/FIR.vhd

HDL Line: C:/Users/Public/Documents/PVSDRA/Lab_3/Lab_3.srcs/sources_1/new/FIR.vhd:95
relaunch_sim: Time (s): cpu = 00:00:00 ; elapsed = 00:00:05 . Memory (MB): peak = 996.824 ; gain = 0.000
relaunch_sim
INFO: [Vivado 12-5682] Launching behavioral simulation in 'C:/Users/Public/Documents/PVSDRA/Lab_3/Lab_3.sim/sim_1/behav/xsim'
INFO: [SIM-utils-51] Simulation object is 'sim_1'
INFO: [SIM-utils-54] Inspecting design source files for 'FIR_tb' in fileset 'sim_1'...
INFO: [USF-XSim-97] Finding global include files...
INFO: [USF-XSim-98] Fetching design files from 'sim_1'...
INFO: [USF-XSim-2] XSim::Compile design
INFO: [USF-XSim-61] Executing 'COMPILE and ANALYZE' step in 'C:/Users/Public/Documents/PVSDRA/Lab_3/Lab_3.sim/sim_1/behav/xsim'
"xvhdl --incr --relax -prj FIR_tb_vhdl.prj"
INFO: [VRFC 10-163] Analyzing VHDL file "C:/Users/Public/Documents/PVSDRA/Lab_3/Lab_3.srcs/sources_1/new/FIR.vhd" into library xil_defaultlib
INFO: [VRFC 10-307] analyzing entity FIR
INFO: [VRFC 10-163] Analyzing VHDL file "C:/Users/Public/Documents/PVSDRA/Lab_3/Lab_3.srcs/sim_1/new/FIR_tb.vhd" into library xil_defaultlib
INFO: [VRFC 10-307] analyzing entity FIR_tb
INFO: [USF-XSim-69] 'compile' step finished in '1' seconds
INFO: [Vivado 12-5682] Launching behavioral simulation in 'C:/Users/Public/Documents/PVSDRA/Lab_3/Lab_3.sim/sim_1/behav/xsim'
INFO: [USF-XSim-3] XSim::Elaborate design
INFO: [USF-XSim-61] Executing 'ELABORATE' step in 'C:/Users/Public/Documents/PVSDRA/Lab_3/Lab_3.sim/sim_1/behav/xsim'
Vivado Simulator 2018.2
Copyright 1986-1999, 2001-2018 Xilinx, Inc. All Rights Reserved.
Running: D:/Xilinx/Vivado/2018.2/bin/unwrapped/win64.o/xelab.exe -wto ba93bc7316ac4ceb80ae35f65eb8577a --incr --debug typical --relax --mt 2 -L xil_defaultlib -L secureip --snapshot FIR_tb_behav xil_defaultlib.FIR_tb -log elaborate.log 
Using 2 slave threads.
Starting static elaboration
Completed static elaboration
Starting simulation data flow analysis
Completed simulation data flow analysis
Time Resolution for simulation is 1ps
Compiling package std.standard
Compiling package std.textio
Compiling package ieee.std_logic_1164
Compiling package ieee.numeric_std
Compiling package std.env
Compiling package ieee.std_logic_arith
Compiling package ieee.std_logic_unsigned
Compiling architecture behavioral of entity xil_defaultlib.FSM [fsm_default]
Compiling architecture behavioral of entity xil_defaultlib.ROM [rom_default]
Compiling architecture behavioral of entity xil_defaultlib.FIR [fir_default]
Compiling architecture behavioral of entity xil_defaultlib.fir_tb
Built simulation snapshot FIR_tb_behav
INFO: [USF-XSim-69] 'elaborate' step finished in '2' seconds
Vivado Simulator 2018.2
Time resolution is 1 ps
relaunch_sim: Time (s): cpu = 00:00:00 ; elapsed = 00:00:07 . Memory (MB): peak = 997.004 ; gain = 0.180
relaunch_sim
INFO: [Vivado 12-5682] Launching behavioral simulation in 'C:/Users/Public/Documents/PVSDRA/Lab_3/Lab_3.sim/sim_1/behav/xsim'
INFO: [SIM-utils-51] Simulation object is 'sim_1'
INFO: [SIM-utils-54] Inspecting design source files for 'FIR_tb' in fileset 'sim_1'...
INFO: [USF-XSim-97] Finding global include files...
INFO: [USF-XSim-98] Fetching design files from 'sim_1'...
INFO: [USF-XSim-2] XSim::Compile design
INFO: [USF-XSim-61] Executing 'COMPILE and ANALYZE' step in 'C:/Users/Public/Documents/PVSDRA/Lab_3/Lab_3.sim/sim_1/behav/xsim'
"xvhdl --incr --relax -prj FIR_tb_vhdl.prj"
INFO: [VRFC 10-163] Analyzing VHDL file "C:/Users/Public/Documents/PVSDRA/Lab_3/Lab_3.srcs/sources_1/new/FIR.vhd" into library xil_defaultlib
INFO: [VRFC 10-307] analyzing entity FIR
INFO: [VRFC 10-163] Analyzing VHDL file "C:/Users/Public/Documents/PVSDRA/Lab_3/Lab_3.srcs/sim_1/new/FIR_tb.vhd" into library xil_defaultlib
INFO: [VRFC 10-307] analyzing entity FIR_tb
INFO: [USF-XSim-69] 'compile' step finished in '1' seconds
INFO: [Vivado 12-5682] Launching behavioral simulation in 'C:/Users/Public/Documents/PVSDRA/Lab_3/Lab_3.sim/sim_1/behav/xsim'
INFO: [USF-XSim-3] XSim::Elaborate design
INFO: [USF-XSim-61] Executing 'ELABORATE' step in 'C:/Users/Public/Documents/PVSDRA/Lab_3/Lab_3.sim/sim_1/behav/xsim'
Vivado Simulator 2018.2
Copyright 1986-1999, 2001-2018 Xilinx, Inc. All Rights Reserved.
Running: D:/Xilinx/Vivado/2018.2/bin/unwrapped/win64.o/xelab.exe -wto ba93bc7316ac4ceb80ae35f65eb8577a --incr --debug typical --relax --mt 2 -L xil_defaultlib -L secureip --snapshot FIR_tb_behav xil_defaultlib.FIR_tb -log elaborate.log 
Using 2 slave threads.
Starting static elaboration
Completed static elaboration
Starting simulation data flow analysis
Completed simulation data flow analysis
Time Resolution for simulation is 1ps
Compiling package std.standard
Compiling package std.textio
Compiling package ieee.std_logic_1164
Compiling package ieee.numeric_std
Compiling package std.env
Compiling package ieee.std_logic_arith
Compiling package ieee.std_logic_unsigned
Compiling architecture behavioral of entity xil_defaultlib.FSM [fsm_default]
Compiling architecture behavioral of entity xil_defaultlib.ROM [rom_default]
Compiling architecture behavioral of entity xil_defaultlib.FIR [fir_default]
Compiling architecture behavioral of entity xil_defaultlib.fir_tb
Built simulation snapshot FIR_tb_behav
INFO: [USF-XSim-69] 'elaborate' step finished in '2' seconds
Vivado Simulator 2018.2
Time resolution is 1 ps
relaunch_sim
INFO: [Vivado 12-5682] Launching behavioral simulation in 'C:/Users/Public/Documents/PVSDRA/Lab_3/Lab_3.sim/sim_1/behav/xsim'
INFO: [SIM-utils-51] Simulation object is 'sim_1'
INFO: [SIM-utils-54] Inspecting design source files for 'FIR_tb' in fileset 'sim_1'...
INFO: [USF-XSim-97] Finding global include files...
INFO: [USF-XSim-98] Fetching design files from 'sim_1'...
INFO: [USF-XSim-2] XSim::Compile design
INFO: [USF-XSim-61] Executing 'COMPILE and ANALYZE' step in 'C:/Users/Public/Documents/PVSDRA/Lab_3/Lab_3.sim/sim_1/behav/xsim'
"xvhdl --incr --relax -prj FIR_tb_vhdl.prj"
INFO: [VRFC 10-163] Analyzing VHDL file "C:/Users/Public/Documents/PVSDRA/Lab_3/Lab_3.srcs/sources_1/new/FIR.vhd" into library xil_defaultlib
INFO: [VRFC 10-307] analyzing entity FIR
INFO: [VRFC 10-163] Analyzing VHDL file "C:/Users/Public/Documents/PVSDRA/Lab_3/Lab_3.srcs/sim_1/new/FIR_tb.vhd" into library xil_defaultlib
INFO: [VRFC 10-307] analyzing entity FIR_tb
INFO: [USF-XSim-69] 'compile' step finished in '1' seconds
INFO: [Vivado 12-5682] Launching behavioral simulation in 'C:/Users/Public/Documents/PVSDRA/Lab_3/Lab_3.sim/sim_1/behav/xsim'
INFO: [USF-XSim-3] XSim::Elaborate design
INFO: [USF-XSim-61] Executing 'ELABORATE' step in 'C:/Users/Public/Documents/PVSDRA/Lab_3/Lab_3.sim/sim_1/behav/xsim'
Vivado Simulator 2018.2
Copyright 1986-1999, 2001-2018 Xilinx, Inc. All Rights Reserved.
Running: D:/Xilinx/Vivado/2018.2/bin/unwrapped/win64.o/xelab.exe -wto ba93bc7316ac4ceb80ae35f65eb8577a --incr --debug typical --relax --mt 2 -L xil_defaultlib -L secureip --snapshot FIR_tb_behav xil_defaultlib.FIR_tb -log elaborate.log 
Using 2 slave threads.
Starting static elaboration
Completed static elaboration
Starting simulation data flow analysis
Completed simulation data flow analysis
Time Resolution for simulation is 1ps
Compiling package std.standard
Compiling package std.textio
Compiling package ieee.std_logic_1164
Compiling package ieee.numeric_std
Compiling package std.env
Compiling package ieee.std_logic_arith
Compiling package ieee.std_logic_unsigned
Compiling architecture behavioral of entity xil_defaultlib.FSM [fsm_default]
Compiling architecture behavioral of entity xil_defaultlib.ROM [rom_default]
Compiling architecture behavioral of entity xil_defaultlib.FIR [fir_default]
Compiling architecture behavioral of entity xil_defaultlib.fir_tb
Built simulation snapshot FIR_tb_behav
INFO: [USF-XSim-69] 'elaborate' step finished in '1' seconds
Vivado Simulator 2018.2
Time resolution is 1 ps
relaunch_sim
INFO: [Vivado 12-5682] Launching behavioral simulation in 'C:/Users/Public/Documents/PVSDRA/Lab_3/Lab_3.sim/sim_1/behav/xsim'
INFO: [SIM-utils-51] Simulation object is 'sim_1'
INFO: [SIM-utils-54] Inspecting design source files for 'FIR_tb' in fileset 'sim_1'...
INFO: [USF-XSim-97] Finding global include files...
INFO: [USF-XSim-98] Fetching design files from 'sim_1'...
INFO: [USF-XSim-2] XSim::Compile design
INFO: [USF-XSim-61] Executing 'COMPILE and ANALYZE' step in 'C:/Users/Public/Documents/PVSDRA/Lab_3/Lab_3.sim/sim_1/behav/xsim'
"xvhdl --incr --relax -prj FIR_tb_vhdl.prj"
INFO: [VRFC 10-163] Analyzing VHDL file "C:/Users/Public/Documents/PVSDRA/Lab_3/Lab_3.srcs/sources_1/new/FIR.vhd" into library xil_defaultlib
INFO: [VRFC 10-307] analyzing entity FIR
INFO: [VRFC 10-163] Analyzing VHDL file "C:/Users/Public/Documents/PVSDRA/Lab_3/Lab_3.srcs/sim_1/new/FIR_tb.vhd" into library xil_defaultlib
INFO: [VRFC 10-307] analyzing entity FIR_tb
INFO: [USF-XSim-69] 'compile' step finished in '1' seconds
INFO: [Vivado 12-5682] Launching behavioral simulation in 'C:/Users/Public/Documents/PVSDRA/Lab_3/Lab_3.sim/sim_1/behav/xsim'
INFO: [USF-XSim-3] XSim::Elaborate design
INFO: [USF-XSim-61] Executing 'ELABORATE' step in 'C:/Users/Public/Documents/PVSDRA/Lab_3/Lab_3.sim/sim_1/behav/xsim'
Vivado Simulator 2018.2
Copyright 1986-1999, 2001-2018 Xilinx, Inc. All Rights Reserved.
Running: D:/Xilinx/Vivado/2018.2/bin/unwrapped/win64.o/xelab.exe -wto ba93bc7316ac4ceb80ae35f65eb8577a --incr --debug typical --relax --mt 2 -L xil_defaultlib -L secureip --snapshot FIR_tb_behav xil_defaultlib.FIR_tb -log elaborate.log 
Using 2 slave threads.
Starting static elaboration
Completed static elaboration
Starting simulation data flow analysis
Completed simulation data flow analysis
Time Resolution for simulation is 1ps
Compiling package std.standard
Compiling package std.textio
Compiling package ieee.std_logic_1164
Compiling package ieee.numeric_std
Compiling package std.env
Compiling package ieee.std_logic_arith
Compiling package ieee.std_logic_unsigned
Compiling architecture behavioral of entity xil_defaultlib.FSM [fsm_default]
Compiling architecture behavioral of entity xil_defaultlib.ROM [rom_default]
Compiling architecture behavioral of entity xil_defaultlib.FIR [fir_default]
Compiling architecture behavioral of entity xil_defaultlib.fir_tb
Built simulation snapshot FIR_tb_behav
INFO: [USF-XSim-69] 'elaborate' step finished in '1' seconds
Vivado Simulator 2018.2
Time resolution is 1 ps
relaunch_sim: Time (s): cpu = 00:00:01 ; elapsed = 00:00:05 . Memory (MB): peak = 1000.285 ; gain = 0.000
relaunch_sim
INFO: [Vivado 12-5682] Launching behavioral simulation in 'C:/Users/Public/Documents/PVSDRA/Lab_3/Lab_3.sim/sim_1/behav/xsim'
INFO: [SIM-utils-51] Simulation object is 'sim_1'
INFO: [SIM-utils-54] Inspecting design source files for 'FIR_tb' in fileset 'sim_1'...
INFO: [USF-XSim-97] Finding global include files...
INFO: [USF-XSim-98] Fetching design files from 'sim_1'...
INFO: [USF-XSim-2] XSim::Compile design
INFO: [USF-XSim-61] Executing 'COMPILE and ANALYZE' step in 'C:/Users/Public/Documents/PVSDRA/Lab_3/Lab_3.sim/sim_1/behav/xsim'
"xvhdl --incr --relax -prj FIR_tb_vhdl.prj"
INFO: [VRFC 10-163] Analyzing VHDL file "C:/Users/Public/Documents/PVSDRA/Lab_3/Lab_3.srcs/sources_1/new/FIR.vhd" into library xil_defaultlib
INFO: [VRFC 10-307] analyzing entity FIR
INFO: [VRFC 10-163] Analyzing VHDL file "C:/Users/Public/Documents/PVSDRA/Lab_3/Lab_3.srcs/sim_1/new/FIR_tb.vhd" into library xil_defaultlib
INFO: [VRFC 10-307] analyzing entity FIR_tb
INFO: [USF-XSim-69] 'compile' step finished in '1' seconds
INFO: [Vivado 12-5682] Launching behavioral simulation in 'C:/Users/Public/Documents/PVSDRA/Lab_3/Lab_3.sim/sim_1/behav/xsim'
INFO: [USF-XSim-3] XSim::Elaborate design
INFO: [USF-XSim-61] Executing 'ELABORATE' step in 'C:/Users/Public/Documents/PVSDRA/Lab_3/Lab_3.sim/sim_1/behav/xsim'
Vivado Simulator 2018.2
Copyright 1986-1999, 2001-2018 Xilinx, Inc. All Rights Reserved.
Running: D:/Xilinx/Vivado/2018.2/bin/unwrapped/win64.o/xelab.exe -wto ba93bc7316ac4ceb80ae35f65eb8577a --incr --debug typical --relax --mt 2 -L xil_defaultlib -L secureip --snapshot FIR_tb_behav xil_defaultlib.FIR_tb -log elaborate.log 
Using 2 slave threads.
Starting static elaboration
Completed static elaboration
Starting simulation data flow analysis
Completed simulation data flow analysis
Time Resolution for simulation is 1ps
Compiling package std.standard
Compiling package std.textio
Compiling package ieee.std_logic_1164
Compiling package ieee.numeric_std
Compiling package std.env
Compiling package ieee.std_logic_arith
Compiling package ieee.std_logic_unsigned
Compiling architecture behavioral of entity xil_defaultlib.FSM [fsm_default]
Compiling architecture behavioral of entity xil_defaultlib.ROM [rom_default]
Compiling architecture behavioral of entity xil_defaultlib.FIR [fir_default]
Compiling architecture behavioral of entity xil_defaultlib.fir_tb
Built simulation snapshot FIR_tb_behav
INFO: [USF-XSim-69] 'elaborate' step finished in '1' seconds
Vivado Simulator 2018.2
Time resolution is 1 ps
ERROR: Array sizes do not match, left array has 12 elements, right array has 23 elements
Time: 84 ns  Iteration: 2  Process: /FIR_tb/uut/line__120
  File: C:/Users/Public/Documents/PVSDRA/Lab_3/Lab_3.srcs/sources_1/new/FIR.vhd

HDL Line: C:/Users/Public/Documents/PVSDRA/Lab_3/Lab_3.srcs/sources_1/new/FIR.vhd:120
run all
ERROR: [Simulator 45-1] A fatal run-time error was detected.  Simulation cannot continue.
relaunch_sim
INFO: [Vivado 12-5682] Launching behavioral simulation in 'C:/Users/Public/Documents/PVSDRA/Lab_3/Lab_3.sim/sim_1/behav/xsim'
INFO: [SIM-utils-51] Simulation object is 'sim_1'
INFO: [SIM-utils-54] Inspecting design source files for 'FIR_tb' in fileset 'sim_1'...
INFO: [USF-XSim-97] Finding global include files...
INFO: [USF-XSim-98] Fetching design files from 'sim_1'...
INFO: [USF-XSim-2] XSim::Compile design
INFO: [USF-XSim-61] Executing 'COMPILE and ANALYZE' step in 'C:/Users/Public/Documents/PVSDRA/Lab_3/Lab_3.sim/sim_1/behav/xsim'
"xvhdl --incr --relax -prj FIR_tb_vhdl.prj"
INFO: [VRFC 10-163] Analyzing VHDL file "C:/Users/Public/Documents/PVSDRA/Lab_3/Lab_3.srcs/sources_1/new/FIR.vhd" into library xil_defaultlib
INFO: [VRFC 10-307] analyzing entity FIR
INFO: [VRFC 10-163] Analyzing VHDL file "C:/Users/Public/Documents/PVSDRA/Lab_3/Lab_3.srcs/sim_1/new/FIR_tb.vhd" into library xil_defaultlib
INFO: [VRFC 10-307] analyzing entity FIR_tb
INFO: [USF-XSim-69] 'compile' step finished in '1' seconds
INFO: [Vivado 12-5682] Launching behavioral simulation in 'C:/Users/Public/Documents/PVSDRA/Lab_3/Lab_3.sim/sim_1/behav/xsim'
INFO: [USF-XSim-3] XSim::Elaborate design
INFO: [USF-XSim-61] Executing 'ELABORATE' step in 'C:/Users/Public/Documents/PVSDRA/Lab_3/Lab_3.sim/sim_1/behav/xsim'
Vivado Simulator 2018.2
Copyright 1986-1999, 2001-2018 Xilinx, Inc. All Rights Reserved.
Running: D:/Xilinx/Vivado/2018.2/bin/unwrapped/win64.o/xelab.exe -wto ba93bc7316ac4ceb80ae35f65eb8577a --incr --debug typical --relax --mt 2 -L xil_defaultlib -L secureip --snapshot FIR_tb_behav xil_defaultlib.FIR_tb -log elaborate.log 
Using 2 slave threads.
Starting static elaboration
Completed static elaboration
Starting simulation data flow analysis
Completed simulation data flow analysis
Time Resolution for simulation is 1ps
Compiling package std.standard
Compiling package std.textio
Compiling package ieee.std_logic_1164
Compiling package ieee.numeric_std
Compiling package std.env
Compiling package ieee.std_logic_arith
Compiling package ieee.std_logic_unsigned
Compiling architecture behavioral of entity xil_defaultlib.FSM [fsm_default]
Compiling architecture behavioral of entity xil_defaultlib.ROM [rom_default]
Compiling architecture behavioral of entity xil_defaultlib.FIR [fir_default]
Compiling architecture behavioral of entity xil_defaultlib.fir_tb
Built simulation snapshot FIR_tb_behav
INFO: [USF-XSim-69] 'elaborate' step finished in '1' seconds
Vivado Simulator 2018.2
Time resolution is 1 ps
relaunch_sim: Time (s): cpu = 00:00:00 ; elapsed = 00:00:05 . Memory (MB): peak = 1000.285 ; gain = 0.000
close_sim
INFO: [Simtcl 6-16] Simulation closed
exit
INFO: [Common 17-206] Exiting Vivado at Mon Nov 17 23:10:32 2025...
