#-----------------------------------------------------------
# Vivado v2018.2 (64-bit)
# SW Build 2258646 on Thu Jun 14 20:03:12 MDT 2018
# IP Build 2256618 on Thu Jun 14 22:10:49 MDT 2018
# Start of session at: Sun Nov 23 12:18:00 2025
# Process ID: 2112
# Current directory: C:/Users/Public/Documents/PVSDRA/Lab_3
# Command line: vivado.exe -gui_launcher_event rodinguilauncherevent10268 C:\Users\Public\Documents\PVSDRA\Lab_3\Lab_3.xpr
# Log file: C:/Users/Public/Documents/PVSDRA/Lab_3/vivado.log
# Journal file: C:/Users/Public/Documents/PVSDRA/Lab_3\vivado.jou
#-----------------------------------------------------------
start_gui
open_project C:/Users/Public/Documents/PVSDRA/Lab_3/Lab_3.xpr
Scanning sources...
Finished scanning sources
INFO: [IP_Flow 19-234] Refreshing IP repositories
INFO: [IP_Flow 19-1704] No user IP repositories specified
INFO: [IP_Flow 19-2313] Loaded Vivado IP repository 'D:/Xilinx/Vivado/2018.2/data/ip'.
open_project: Time (s): cpu = 00:00:07 ; elapsed = 00:00:17 . Memory (MB): peak = 841.270 ; gain = 168.699
update_compile_order -fileset sources_1
launch_simulation
INFO: [Vivado 12-5682] Launching behavioral simulation in 'C:/Users/Public/Documents/PVSDRA/Lab_3/Lab_3.sim/sim_1/behav/xsim'
INFO: [SIM-utils-51] Simulation object is 'sim_1'
INFO: [SIM-utils-54] Inspecting design source files for 'FIR_tb' in fileset 'sim_1'...
INFO: [USF-XSim-97] Finding global include files...
INFO: [USF-XSim-98] Fetching design files from 'sim_1'...
INFO: [USF-XSim-2] XSim::Compile design
INFO: [USF-XSim-61] Executing 'COMPILE and ANALYZE' step in 'C:/Users/Public/Documents/PVSDRA/Lab_3/Lab_3.sim/sim_1/behav/xsim'
"xvhdl --incr --relax -prj FIR_tb_vhdl.prj"
INFO: [VRFC 10-163] Analyzing VHDL file "C:/Users/Public/Documents/PVSDRA/Lab_3/Lab_3.srcs/sources_1/new/FIR.vhd" into library xil_defaultlib
INFO: [VRFC 10-307] analyzing entity FIR
INFO: [VRFC 10-163] Analyzing VHDL file "C:/Users/Public/Documents/PVSDRA/Lab_3/Lab_3.srcs/sim_1/new/FIR_tb.vhd" into library xil_defaultlib
INFO: [VRFC 10-307] analyzing entity FIR_tb
INFO: [USF-XSim-69] 'compile' step finished in '3' seconds
INFO: [USF-XSim-3] XSim::Elaborate design
INFO: [USF-XSim-61] Executing 'ELABORATE' step in 'C:/Users/Public/Documents/PVSDRA/Lab_3/Lab_3.sim/sim_1/behav/xsim'
Vivado Simulator 2018.2
Copyright 1986-1999, 2001-2018 Xilinx, Inc. All Rights Reserved.
Running: D:/Xilinx/Vivado/2018.2/bin/unwrapped/win64.o/xelab.exe -wto ba93bc7316ac4ceb80ae35f65eb8577a --incr --debug typical --relax --mt 2 -L xil_defaultlib -L secureip --snapshot FIR_tb_behav xil_defaultlib.FIR_tb -log elaborate.log 
Using 2 slave threads.
Starting static elaboration
Completed static elaboration
Starting simulation data flow analysis
Completed simulation data flow analysis
Time Resolution for simulation is 1ps
Compiling package std.standard
Compiling package std.textio
Compiling package ieee.std_logic_1164
Compiling package ieee.numeric_std
Compiling package std.env
Compiling package ieee.std_logic_arith
Compiling package ieee.std_logic_unsigned
Compiling architecture behavioral of entity xil_defaultlib.ROM [rom_default]
Compiling architecture behavioral of entity xil_defaultlib.FSM [fsm_default]
Compiling architecture behavioral of entity xil_defaultlib.FIR [fir_default]
Compiling architecture behavioral of entity xil_defaultlib.fir_tb
Built simulation snapshot FIR_tb_behav
INFO: [USF-XSim-69] 'elaborate' step finished in '3' seconds
INFO: [USF-XSim-4] XSim::Simulate design
INFO: [USF-XSim-61] Executing 'SIMULATE' step in 'C:/Users/Public/Documents/PVSDRA/Lab_3/Lab_3.sim/sim_1/behav/xsim'
INFO: [USF-XSim-98] *** Running xsim
   with args "FIR_tb_behav -key {Behavioral:sim_1:Functional:FIR_tb} -tclbatch {FIR_tb.tcl} -log {simulate.log}"
INFO: [USF-XSim-8] Loading simulator feature
Vivado Simulator 2018.2
Time resolution is 1 ps
source FIR_tb.tcl
# set curr_wave [current_wave_config]
# if { [string length $curr_wave] == 0 } {
#   if { [llength [get_objects]] > 0} {
#     add_wave /
#     set_property needs_save false [current_wave_config]
#   } else {
#      send_msg_id Add_Wave-1 WARNING "No top level signals found. Simulator will start without a wave window. If you want to open a wave window go to 'File->New Waveform Configuration' or type 'create_wave_config' in the TCL console."
#   }
# }
# run 1000ns
INFO: [USF-XSim-96] XSim completed. Design snapshot 'FIR_tb_behav' loaded.
INFO: [USF-XSim-97] XSim simulation ran for 1000ns
launch_simulation: Time (s): cpu = 00:00:01 ; elapsed = 00:00:10 . Memory (MB): peak = 871.957 ; gain = 9.625
relaunch_sim
INFO: [Vivado 12-5682] Launching behavioral simulation in 'C:/Users/Public/Documents/PVSDRA/Lab_3/Lab_3.sim/sim_1/behav/xsim'
INFO: [SIM-utils-51] Simulation object is 'sim_1'
INFO: [SIM-utils-54] Inspecting design source files for 'FIR_tb' in fileset 'sim_1'...
INFO: [USF-XSim-97] Finding global include files...
INFO: [USF-XSim-98] Fetching design files from 'sim_1'...
INFO: [USF-XSim-2] XSim::Compile design
INFO: [USF-XSim-61] Executing 'COMPILE and ANALYZE' step in 'C:/Users/Public/Documents/PVSDRA/Lab_3/Lab_3.sim/sim_1/behav/xsim'
"xvhdl --incr --relax -prj FIR_tb_vhdl.prj"
INFO: [VRFC 10-163] Analyzing VHDL file "C:/Users/Public/Documents/PVSDRA/Lab_3/Lab_3.srcs/sim_1/new/FIR_tb.vhd" into library xil_defaultlib
INFO: [VRFC 10-307] analyzing entity FIR_tb
INFO: [USF-XSim-69] 'compile' step finished in '1' seconds
INFO: [Vivado 12-5682] Launching behavioral simulation in 'C:/Users/Public/Documents/PVSDRA/Lab_3/Lab_3.sim/sim_1/behav/xsim'
INFO: [USF-XSim-3] XSim::Elaborate design
INFO: [USF-XSim-61] Executing 'ELABORATE' step in 'C:/Users/Public/Documents/PVSDRA/Lab_3/Lab_3.sim/sim_1/behav/xsim'
Vivado Simulator 2018.2
Copyright 1986-1999, 2001-2018 Xilinx, Inc. All Rights Reserved.
Running: D:/Xilinx/Vivado/2018.2/bin/unwrapped/win64.o/xelab.exe -wto ba93bc7316ac4ceb80ae35f65eb8577a --incr --debug typical --relax --mt 2 -L xil_defaultlib -L secureip --snapshot FIR_tb_behav xil_defaultlib.FIR_tb -log elaborate.log 
Using 2 slave threads.
Starting static elaboration
Completed static elaboration
Starting simulation data flow analysis
Completed simulation data flow analysis
Time Resolution for simulation is 1ps
Compiling package std.standard
Compiling package std.textio
Compiling package ieee.std_logic_1164
Compiling package ieee.numeric_std
Compiling package std.env
Compiling package ieee.std_logic_arith
Compiling package ieee.std_logic_unsigned
Compiling architecture behavioral of entity xil_defaultlib.ROM [rom_default]
Compiling architecture behavioral of entity xil_defaultlib.FSM [\FSM(baat=12)\]
Compiling architecture behavioral of entity xil_defaultlib.FIR [\FIR(baat=12)\]
Compiling architecture behavioral of entity xil_defaultlib.fir_tb
Built simulation snapshot FIR_tb_behav
INFO: [USF-XSim-69] 'elaborate' step finished in '1' seconds
Vivado Simulator 2018.2
Time resolution is 1 ps
relaunch_sim
INFO: [Vivado 12-5682] Launching behavioral simulation in 'C:/Users/Public/Documents/PVSDRA/Lab_3/Lab_3.sim/sim_1/behav/xsim'
INFO: [SIM-utils-51] Simulation object is 'sim_1'
INFO: [SIM-utils-54] Inspecting design source files for 'FIR_tb' in fileset 'sim_1'...
INFO: [USF-XSim-97] Finding global include files...
INFO: [USF-XSim-98] Fetching design files from 'sim_1'...
INFO: [USF-XSim-2] XSim::Compile design
INFO: [USF-XSim-61] Executing 'COMPILE and ANALYZE' step in 'C:/Users/Public/Documents/PVSDRA/Lab_3/Lab_3.sim/sim_1/behav/xsim'
"xvhdl --incr --relax -prj FIR_tb_vhdl.prj"
INFO: [VRFC 10-163] Analyzing VHDL file "C:/Users/Public/Documents/PVSDRA/Lab_3/Lab_3.srcs/sim_1/new/FIR_tb.vhd" into library xil_defaultlib
INFO: [VRFC 10-307] analyzing entity FIR_tb
INFO: [USF-XSim-69] 'compile' step finished in '1' seconds
INFO: [Vivado 12-5682] Launching behavioral simulation in 'C:/Users/Public/Documents/PVSDRA/Lab_3/Lab_3.sim/sim_1/behav/xsim'
INFO: [USF-XSim-3] XSim::Elaborate design
INFO: [USF-XSim-61] Executing 'ELABORATE' step in 'C:/Users/Public/Documents/PVSDRA/Lab_3/Lab_3.sim/sim_1/behav/xsim'
Vivado Simulator 2018.2
Copyright 1986-1999, 2001-2018 Xilinx, Inc. All Rights Reserved.
Running: D:/Xilinx/Vivado/2018.2/bin/unwrapped/win64.o/xelab.exe -wto ba93bc7316ac4ceb80ae35f65eb8577a --incr --debug typical --relax --mt 2 -L xil_defaultlib -L secureip --snapshot FIR_tb_behav xil_defaultlib.FIR_tb -log elaborate.log 
Using 2 slave threads.
Starting static elaboration
Completed static elaboration
Starting simulation data flow analysis
Completed simulation data flow analysis
Time Resolution for simulation is 1ps
Compiling package std.standard
Compiling package std.textio
Compiling package ieee.std_logic_1164
Compiling package ieee.numeric_std
Compiling package std.env
Compiling package ieee.std_logic_arith
Compiling package ieee.std_logic_unsigned
Compiling architecture behavioral of entity xil_defaultlib.ROM [rom_default]
Compiling architecture behavioral of entity xil_defaultlib.FSM [\FSM(baat=6)\]
Compiling architecture behavioral of entity xil_defaultlib.FIR [\FIR(baat=6)\]
Compiling architecture behavioral of entity xil_defaultlib.fir_tb
Built simulation snapshot FIR_tb_behav
INFO: [USF-XSim-69] 'elaborate' step finished in '2' seconds
Vivado Simulator 2018.2
Time resolution is 1 ps
relaunch_sim
INFO: [Vivado 12-5682] Launching behavioral simulation in 'C:/Users/Public/Documents/PVSDRA/Lab_3/Lab_3.sim/sim_1/behav/xsim'
INFO: [SIM-utils-51] Simulation object is 'sim_1'
INFO: [SIM-utils-54] Inspecting design source files for 'FIR_tb' in fileset 'sim_1'...
INFO: [USF-XSim-97] Finding global include files...
INFO: [USF-XSim-98] Fetching design files from 'sim_1'...
INFO: [USF-XSim-2] XSim::Compile design
INFO: [USF-XSim-61] Executing 'COMPILE and ANALYZE' step in 'C:/Users/Public/Documents/PVSDRA/Lab_3/Lab_3.sim/sim_1/behav/xsim'
"xvhdl --incr --relax -prj FIR_tb_vhdl.prj"
INFO: [VRFC 10-163] Analyzing VHDL file "C:/Users/Public/Documents/PVSDRA/Lab_3/Lab_3.srcs/sim_1/new/FIR_tb.vhd" into library xil_defaultlib
INFO: [VRFC 10-307] analyzing entity FIR_tb
INFO: [USF-XSim-69] 'compile' step finished in '1' seconds
INFO: [Vivado 12-5682] Launching behavioral simulation in 'C:/Users/Public/Documents/PVSDRA/Lab_3/Lab_3.sim/sim_1/behav/xsim'
INFO: [USF-XSim-3] XSim::Elaborate design
INFO: [USF-XSim-61] Executing 'ELABORATE' step in 'C:/Users/Public/Documents/PVSDRA/Lab_3/Lab_3.sim/sim_1/behav/xsim'
Vivado Simulator 2018.2
Copyright 1986-1999, 2001-2018 Xilinx, Inc. All Rights Reserved.
Running: D:/Xilinx/Vivado/2018.2/bin/unwrapped/win64.o/xelab.exe -wto ba93bc7316ac4ceb80ae35f65eb8577a --incr --debug typical --relax --mt 2 -L xil_defaultlib -L secureip --snapshot FIR_tb_behav xil_defaultlib.FIR_tb -log elaborate.log 
Using 2 slave threads.
Starting static elaboration
Completed static elaboration
Starting simulation data flow analysis
Completed simulation data flow analysis
Time Resolution for simulation is 1ps
Compiling package std.standard
Compiling package std.textio
Compiling package ieee.std_logic_1164
Compiling package ieee.numeric_std
Compiling package std.env
Compiling package ieee.std_logic_arith
Compiling package ieee.std_logic_unsigned
Compiling architecture behavioral of entity xil_defaultlib.ROM [rom_default]
Compiling architecture behavioral of entity xil_defaultlib.FSM [\FSM(baat=4)\]
Compiling architecture behavioral of entity xil_defaultlib.FIR [\FIR(baat=4)\]
Compiling architecture behavioral of entity xil_defaultlib.fir_tb
Built simulation snapshot FIR_tb_behav
INFO: [USF-XSim-69] 'elaborate' step finished in '2' seconds
Vivado Simulator 2018.2
Time resolution is 1 ps
relaunch_sim: Time (s): cpu = 00:00:00 ; elapsed = 00:00:06 . Memory (MB): peak = 894.191 ; gain = 0.000
relaunch_sim
INFO: [Vivado 12-5682] Launching behavioral simulation in 'C:/Users/Public/Documents/PVSDRA/Lab_3/Lab_3.sim/sim_1/behav/xsim'
INFO: [SIM-utils-51] Simulation object is 'sim_1'
INFO: [SIM-utils-54] Inspecting design source files for 'FIR_tb' in fileset 'sim_1'...
INFO: [USF-XSim-97] Finding global include files...
INFO: [USF-XSim-98] Fetching design files from 'sim_1'...
INFO: [USF-XSim-2] XSim::Compile design
INFO: [USF-XSim-61] Executing 'COMPILE and ANALYZE' step in 'C:/Users/Public/Documents/PVSDRA/Lab_3/Lab_3.sim/sim_1/behav/xsim'
"xvhdl --incr --relax -prj FIR_tb_vhdl.prj"
INFO: [VRFC 10-163] Analyzing VHDL file "C:/Users/Public/Documents/PVSDRA/Lab_3/Lab_3.srcs/sim_1/new/FIR_tb.vhd" into library xil_defaultlib
INFO: [VRFC 10-307] analyzing entity FIR_tb
INFO: [USF-XSim-69] 'compile' step finished in '1' seconds
INFO: [Vivado 12-5682] Launching behavioral simulation in 'C:/Users/Public/Documents/PVSDRA/Lab_3/Lab_3.sim/sim_1/behav/xsim'
INFO: [USF-XSim-3] XSim::Elaborate design
INFO: [USF-XSim-61] Executing 'ELABORATE' step in 'C:/Users/Public/Documents/PVSDRA/Lab_3/Lab_3.sim/sim_1/behav/xsim'
Vivado Simulator 2018.2
Copyright 1986-1999, 2001-2018 Xilinx, Inc. All Rights Reserved.
Running: D:/Xilinx/Vivado/2018.2/bin/unwrapped/win64.o/xelab.exe -wto ba93bc7316ac4ceb80ae35f65eb8577a --incr --debug typical --relax --mt 2 -L xil_defaultlib -L secureip --snapshot FIR_tb_behav xil_defaultlib.FIR_tb -log elaborate.log 
Using 2 slave threads.
Starting static elaboration
Completed static elaboration
Starting simulation data flow analysis
Completed simulation data flow analysis
Time Resolution for simulation is 1ps
Compiling package std.standard
Compiling package std.textio
Compiling package ieee.std_logic_1164
Compiling package ieee.numeric_std
Compiling package std.env
Compiling package ieee.std_logic_arith
Compiling package ieee.std_logic_unsigned
Compiling architecture behavioral of entity xil_defaultlib.ROM [rom_default]
Compiling architecture behavioral of entity xil_defaultlib.FSM [\FSM(baat=1)\]
Compiling architecture behavioral of entity xil_defaultlib.FIR [\FIR(baat=1)\]
Compiling architecture behavioral of entity xil_defaultlib.fir_tb
Built simulation snapshot FIR_tb_behav
INFO: [USF-XSim-69] 'elaborate' step finished in '2' seconds
Vivado Simulator 2018.2
Time resolution is 1 ps
relaunch_sim
INFO: [Vivado 12-5682] Launching behavioral simulation in 'C:/Users/Public/Documents/PVSDRA/Lab_3/Lab_3.sim/sim_1/behav/xsim'
INFO: [SIM-utils-51] Simulation object is 'sim_1'
INFO: [SIM-utils-54] Inspecting design source files for 'FIR_tb' in fileset 'sim_1'...
INFO: [USF-XSim-97] Finding global include files...
INFO: [USF-XSim-98] Fetching design files from 'sim_1'...
INFO: [USF-XSim-2] XSim::Compile design
INFO: [USF-XSim-61] Executing 'COMPILE and ANALYZE' step in 'C:/Users/Public/Documents/PVSDRA/Lab_3/Lab_3.sim/sim_1/behav/xsim'
"xvhdl --incr --relax -prj FIR_tb_vhdl.prj"
INFO: [VRFC 10-163] Analyzing VHDL file "C:/Users/Public/Documents/PVSDRA/Lab_3/Lab_3.srcs/sim_1/new/FIR_tb.vhd" into library xil_defaultlib
INFO: [VRFC 10-307] analyzing entity FIR_tb
INFO: [USF-XSim-69] 'compile' step finished in '1' seconds
INFO: [Vivado 12-5682] Launching behavioral simulation in 'C:/Users/Public/Documents/PVSDRA/Lab_3/Lab_3.sim/sim_1/behav/xsim'
INFO: [USF-XSim-3] XSim::Elaborate design
INFO: [USF-XSim-61] Executing 'ELABORATE' step in 'C:/Users/Public/Documents/PVSDRA/Lab_3/Lab_3.sim/sim_1/behav/xsim'
Vivado Simulator 2018.2
Copyright 1986-1999, 2001-2018 Xilinx, Inc. All Rights Reserved.
Running: D:/Xilinx/Vivado/2018.2/bin/unwrapped/win64.o/xelab.exe -wto ba93bc7316ac4ceb80ae35f65eb8577a --incr --debug typical --relax --mt 2 -L xil_defaultlib -L secureip --snapshot FIR_tb_behav xil_defaultlib.FIR_tb -log elaborate.log 
Using 2 slave threads.
Starting static elaboration
Completed static elaboration
Starting simulation data flow analysis
Completed simulation data flow analysis
Time Resolution for simulation is 1ps
Compiling package std.standard
Compiling package std.textio
Compiling package ieee.std_logic_1164
Compiling package ieee.numeric_std
Compiling package std.env
Compiling package ieee.std_logic_arith
Compiling package ieee.std_logic_unsigned
Compiling architecture behavioral of entity xil_defaultlib.ROM [rom_default]
Compiling architecture behavioral of entity xil_defaultlib.FSM [fsm_default]
Compiling architecture behavioral of entity xil_defaultlib.FIR [fir_default]
Compiling architecture behavioral of entity xil_defaultlib.fir_tb
Built simulation snapshot FIR_tb_behav
INFO: [USF-XSim-69] 'elaborate' step finished in '1' seconds
Vivado Simulator 2018.2
Time resolution is 1 ps
relaunch_sim: Time (s): cpu = 00:00:00 ; elapsed = 00:00:06 . Memory (MB): peak = 894.191 ; gain = 0.000
relaunch_sim
INFO: [Vivado 12-5682] Launching behavioral simulation in 'C:/Users/Public/Documents/PVSDRA/Lab_3/Lab_3.sim/sim_1/behav/xsim'
INFO: [SIM-utils-51] Simulation object is 'sim_1'
INFO: [SIM-utils-54] Inspecting design source files for 'FIR_tb' in fileset 'sim_1'...
INFO: [USF-XSim-97] Finding global include files...
INFO: [USF-XSim-98] Fetching design files from 'sim_1'...
INFO: [USF-XSim-2] XSim::Compile design
INFO: [USF-XSim-61] Executing 'COMPILE and ANALYZE' step in 'C:/Users/Public/Documents/PVSDRA/Lab_3/Lab_3.sim/sim_1/behav/xsim'
"xvhdl --incr --relax -prj FIR_tb_vhdl.prj"
INFO: [VRFC 10-163] Analyzing VHDL file "C:/Users/Public/Documents/PVSDRA/Lab_3/Lab_3.srcs/sources_1/new/FSM.vhd" into library xil_defaultlib
INFO: [VRFC 10-307] analyzing entity FSM
INFO: [VRFC 10-163] Analyzing VHDL file "C:/Users/Public/Documents/PVSDRA/Lab_3/Lab_3.srcs/sources_1/new/FIR.vhd" into library xil_defaultlib
INFO: [VRFC 10-307] analyzing entity FIR
INFO: [VRFC 10-163] Analyzing VHDL file "C:/Users/Public/Documents/PVSDRA/Lab_3/Lab_3.srcs/sim_1/new/FIR_tb.vhd" into library xil_defaultlib
INFO: [VRFC 10-307] analyzing entity FIR_tb
INFO: [USF-XSim-69] 'compile' step finished in '1' seconds
INFO: [Vivado 12-5682] Launching behavioral simulation in 'C:/Users/Public/Documents/PVSDRA/Lab_3/Lab_3.sim/sim_1/behav/xsim'
INFO: [USF-XSim-3] XSim::Elaborate design
INFO: [USF-XSim-61] Executing 'ELABORATE' step in 'C:/Users/Public/Documents/PVSDRA/Lab_3/Lab_3.sim/sim_1/behav/xsim'
Vivado Simulator 2018.2
Copyright 1986-1999, 2001-2018 Xilinx, Inc. All Rights Reserved.
Running: D:/Xilinx/Vivado/2018.2/bin/unwrapped/win64.o/xelab.exe -wto ba93bc7316ac4ceb80ae35f65eb8577a --incr --debug typical --relax --mt 2 -L xil_defaultlib -L secureip --snapshot FIR_tb_behav xil_defaultlib.FIR_tb -log elaborate.log 
Using 2 slave threads.
Starting static elaboration
Completed static elaboration
Starting simulation data flow analysis
Completed simulation data flow analysis
Time Resolution for simulation is 1ps
Compiling package std.standard
Compiling package std.textio
Compiling package ieee.std_logic_1164
Compiling package ieee.numeric_std
Compiling package std.env
Compiling package ieee.std_logic_arith
Compiling package ieee.std_logic_unsigned
Compiling architecture behavioral of entity xil_defaultlib.ROM [rom_default]
Compiling architecture behavioral of entity xil_defaultlib.FSM [fsm_default]
Compiling architecture behavioral of entity xil_defaultlib.FIR [fir_default]
Compiling architecture behavioral of entity xil_defaultlib.fir_tb
Built simulation snapshot FIR_tb_behav
INFO: [USF-XSim-69] 'elaborate' step finished in '1' seconds
Vivado Simulator 2018.2
Time resolution is 1 ps
current_wave_config {Untitled 1}
Untitled 1
add_wave {{/FIR_tb/uut/bit_idx}} 
current_wave_config {Untitled 1}
Untitled 1
add_wave {{/FIR_tb/uut/ts}} 
restart
INFO: [Simtcl 6-17] Simulation restarted
run 10 us
relaunch_sim
INFO: [Vivado 12-5682] Launching behavioral simulation in 'C:/Users/Public/Documents/PVSDRA/Lab_3/Lab_3.sim/sim_1/behav/xsim'
INFO: [SIM-utils-51] Simulation object is 'sim_1'
INFO: [SIM-utils-54] Inspecting design source files for 'FIR_tb' in fileset 'sim_1'...
INFO: [USF-XSim-97] Finding global include files...
INFO: [USF-XSim-98] Fetching design files from 'sim_1'...
INFO: [USF-XSim-2] XSim::Compile design
INFO: [USF-XSim-61] Executing 'COMPILE and ANALYZE' step in 'C:/Users/Public/Documents/PVSDRA/Lab_3/Lab_3.sim/sim_1/behav/xsim'
"xvhdl --incr --relax -prj FIR_tb_vhdl.prj"
INFO: [VRFC 10-163] Analyzing VHDL file "C:/Users/Public/Documents/PVSDRA/Lab_3/Lab_3.srcs/sources_1/new/FSM.vhd" into library xil_defaultlib
INFO: [VRFC 10-307] analyzing entity FSM
ERROR: [VRFC 10-1412] syntax error near ' [C:/Users/Public/Documents/PVSDRA/Lab_3/Lab_3.srcs/sources_1/new/FSM.vhd:21]
ERROR: [VRFC 10-1504] unit behavioral ignored due to previous errors [C:/Users/Public/Documents/PVSDRA/Lab_3/Lab_3.srcs/sources_1/new/FSM.vhd:17]
INFO: [VRFC 10-240] VHDL file C:/Users/Public/Documents/PVSDRA/Lab_3/Lab_3.srcs/sources_1/new/FSM.vhd ignored due to errors
INFO: [USF-XSim-69] 'compile' step finished in '1' seconds
INFO: [USF-XSim-99] Step results log file:'C:/Users/Public/Documents/PVSDRA/Lab_3/Lab_3.sim/sim_1/behav/xsim/xvhdl.log'
ERROR: [USF-XSim-62] 'compile' step failed with error(s). Please check the Tcl console output or 'C:/Users/Public/Documents/PVSDRA/Lab_3/Lab_3.sim/sim_1/behav/xsim/xvhdl.log' file for more information.
ERROR: [Vivado 12-4473] Detected error while running simulation. Please correct the issue and retry this operation.
ERROR: [Common 17-39] 'launch_simulation' failed due to earlier errors.
ERROR: [Common 17-69] Command failed: ERROR: [Common 17-39] 'launch_simulation' failed due to earlier errors.

relaunch_sim
INFO: [Vivado 12-5682] Launching behavioral simulation in 'C:/Users/Public/Documents/PVSDRA/Lab_3/Lab_3.sim/sim_1/behav/xsim'
INFO: [SIM-utils-51] Simulation object is 'sim_1'
INFO: [SIM-utils-54] Inspecting design source files for 'FIR_tb' in fileset 'sim_1'...
INFO: [USF-XSim-97] Finding global include files...
INFO: [USF-XSim-98] Fetching design files from 'sim_1'...
INFO: [USF-XSim-2] XSim::Compile design
INFO: [USF-XSim-61] Executing 'COMPILE and ANALYZE' step in 'C:/Users/Public/Documents/PVSDRA/Lab_3/Lab_3.sim/sim_1/behav/xsim'
"xvhdl --incr --relax -prj FIR_tb_vhdl.prj"
INFO: [VRFC 10-163] Analyzing VHDL file "C:/Users/Public/Documents/PVSDRA/Lab_3/Lab_3.srcs/sources_1/new/FSM.vhd" into library xil_defaultlib
INFO: [VRFC 10-307] analyzing entity FSM
INFO: [VRFC 10-163] Analyzing VHDL file "C:/Users/Public/Documents/PVSDRA/Lab_3/Lab_3.srcs/sources_1/new/FIR.vhd" into library xil_defaultlib
INFO: [VRFC 10-307] analyzing entity FIR
INFO: [VRFC 10-163] Analyzing VHDL file "C:/Users/Public/Documents/PVSDRA/Lab_3/Lab_3.srcs/sim_1/new/FIR_tb.vhd" into library xil_defaultlib
INFO: [VRFC 10-307] analyzing entity FIR_tb
INFO: [USF-XSim-69] 'compile' step finished in '1' seconds
INFO: [Vivado 12-5682] Launching behavioral simulation in 'C:/Users/Public/Documents/PVSDRA/Lab_3/Lab_3.sim/sim_1/behav/xsim'
INFO: [USF-XSim-3] XSim::Elaborate design
INFO: [USF-XSim-61] Executing 'ELABORATE' step in 'C:/Users/Public/Documents/PVSDRA/Lab_3/Lab_3.sim/sim_1/behav/xsim'
Vivado Simulator 2018.2
Copyright 1986-1999, 2001-2018 Xilinx, Inc. All Rights Reserved.
Running: D:/Xilinx/Vivado/2018.2/bin/unwrapped/win64.o/xelab.exe -wto ba93bc7316ac4ceb80ae35f65eb8577a --incr --debug typical --relax --mt 2 -L xil_defaultlib -L secureip --snapshot FIR_tb_behav xil_defaultlib.FIR_tb -log elaborate.log 
Using 2 slave threads.
Starting static elaboration
Completed static elaboration
Starting simulation data flow analysis
Completed simulation data flow analysis
Time Resolution for simulation is 1ps
Compiling package std.standard
Compiling package std.textio
Compiling package ieee.std_logic_1164
Compiling package ieee.numeric_std
Compiling package std.env
Compiling package ieee.std_logic_arith
Compiling package ieee.std_logic_unsigned
Compiling architecture behavioral of entity xil_defaultlib.ROM [rom_default]
Compiling architecture behavioral of entity xil_defaultlib.FSM [fsm_default]
Compiling architecture behavioral of entity xil_defaultlib.FIR [fir_default]
Compiling architecture behavioral of entity xil_defaultlib.fir_tb
Built simulation snapshot FIR_tb_behav
INFO: [USF-XSim-69] 'elaborate' step finished in '1' seconds
Vivado Simulator 2018.2
Time resolution is 1 ps
relaunch_sim
INFO: [Vivado 12-5682] Launching behavioral simulation in 'C:/Users/Public/Documents/PVSDRA/Lab_3/Lab_3.sim/sim_1/behav/xsim'
INFO: [SIM-utils-51] Simulation object is 'sim_1'
INFO: [SIM-utils-54] Inspecting design source files for 'FIR_tb' in fileset 'sim_1'...
INFO: [USF-XSim-97] Finding global include files...
INFO: [USF-XSim-98] Fetching design files from 'sim_1'...
INFO: [USF-XSim-2] XSim::Compile design
INFO: [USF-XSim-61] Executing 'COMPILE and ANALYZE' step in 'C:/Users/Public/Documents/PVSDRA/Lab_3/Lab_3.sim/sim_1/behav/xsim'
"xvhdl --incr --relax -prj FIR_tb_vhdl.prj"
INFO: [VRFC 10-163] Analyzing VHDL file "C:/Users/Public/Documents/PVSDRA/Lab_3/Lab_3.srcs/sources_1/new/FIR.vhd" into library xil_defaultlib
INFO: [VRFC 10-307] analyzing entity FIR
INFO: [VRFC 10-163] Analyzing VHDL file "C:/Users/Public/Documents/PVSDRA/Lab_3/Lab_3.srcs/sim_1/new/FIR_tb.vhd" into library xil_defaultlib
INFO: [VRFC 10-307] analyzing entity FIR_tb
INFO: [USF-XSim-69] 'compile' step finished in '1' seconds
INFO: [Vivado 12-5682] Launching behavioral simulation in 'C:/Users/Public/Documents/PVSDRA/Lab_3/Lab_3.sim/sim_1/behav/xsim'
INFO: [USF-XSim-3] XSim::Elaborate design
INFO: [USF-XSim-61] Executing 'ELABORATE' step in 'C:/Users/Public/Documents/PVSDRA/Lab_3/Lab_3.sim/sim_1/behav/xsim'
Vivado Simulator 2018.2
Copyright 1986-1999, 2001-2018 Xilinx, Inc. All Rights Reserved.
Running: D:/Xilinx/Vivado/2018.2/bin/unwrapped/win64.o/xelab.exe -wto ba93bc7316ac4ceb80ae35f65eb8577a --incr --debug typical --relax --mt 2 -L xil_defaultlib -L secureip --snapshot FIR_tb_behav xil_defaultlib.FIR_tb -log elaborate.log 
Using 2 slave threads.
Starting static elaboration
Completed static elaboration
Starting simulation data flow analysis
Completed simulation data flow analysis
Time Resolution for simulation is 1ps
Compiling package std.standard
Compiling package std.textio
Compiling package ieee.std_logic_1164
Compiling package ieee.numeric_std
Compiling package std.env
Compiling package ieee.std_logic_arith
Compiling package ieee.std_logic_unsigned
Compiling architecture behavioral of entity xil_defaultlib.ROM [rom_default]
Compiling architecture behavioral of entity xil_defaultlib.FSM [\FSM(baat=2)\]
Compiling architecture behavioral of entity xil_defaultlib.FIR [\FIR(baat=2)\]
Compiling architecture behavioral of entity xil_defaultlib.fir_tb
Built simulation snapshot FIR_tb_behav
INFO: [USF-XSim-69] 'elaborate' step finished in '1' seconds
Vivado Simulator 2018.2
Time resolution is 1 ps
relaunch_sim
INFO: [Vivado 12-5682] Launching behavioral simulation in 'C:/Users/Public/Documents/PVSDRA/Lab_3/Lab_3.sim/sim_1/behav/xsim'
INFO: [SIM-utils-51] Simulation object is 'sim_1'
INFO: [SIM-utils-54] Inspecting design source files for 'FIR_tb' in fileset 'sim_1'...
INFO: [USF-XSim-97] Finding global include files...
INFO: [USF-XSim-98] Fetching design files from 'sim_1'...
INFO: [USF-XSim-2] XSim::Compile design
INFO: [USF-XSim-61] Executing 'COMPILE and ANALYZE' step in 'C:/Users/Public/Documents/PVSDRA/Lab_3/Lab_3.sim/sim_1/behav/xsim'
"xvhdl --incr --relax -prj FIR_tb_vhdl.prj"
INFO: [VRFC 10-163] Analyzing VHDL file "C:/Users/Public/Documents/PVSDRA/Lab_3/Lab_3.srcs/sim_1/new/FIR_tb.vhd" into library xil_defaultlib
INFO: [VRFC 10-307] analyzing entity FIR_tb
INFO: [USF-XSim-69] 'compile' step finished in '1' seconds
INFO: [Vivado 12-5682] Launching behavioral simulation in 'C:/Users/Public/Documents/PVSDRA/Lab_3/Lab_3.sim/sim_1/behav/xsim'
INFO: [USF-XSim-3] XSim::Elaborate design
INFO: [USF-XSim-61] Executing 'ELABORATE' step in 'C:/Users/Public/Documents/PVSDRA/Lab_3/Lab_3.sim/sim_1/behav/xsim'
Vivado Simulator 2018.2
Copyright 1986-1999, 2001-2018 Xilinx, Inc. All Rights Reserved.
Running: D:/Xilinx/Vivado/2018.2/bin/unwrapped/win64.o/xelab.exe -wto ba93bc7316ac4ceb80ae35f65eb8577a --incr --debug typical --relax --mt 2 -L xil_defaultlib -L secureip --snapshot FIR_tb_behav xil_defaultlib.FIR_tb -log elaborate.log 
Using 2 slave threads.
Starting static elaboration
Completed static elaboration
Starting simulation data flow analysis
Completed simulation data flow analysis
Time Resolution for simulation is 1ps
Compiling package std.standard
Compiling package std.textio
Compiling package ieee.std_logic_1164
Compiling package ieee.numeric_std
Compiling package std.env
Compiling package ieee.std_logic_arith
Compiling package ieee.std_logic_unsigned
Compiling architecture behavioral of entity xil_defaultlib.ROM [rom_default]
Compiling architecture behavioral of entity xil_defaultlib.FSM [\FSM(baat=6)\]
Compiling architecture behavioral of entity xil_defaultlib.FIR [\FIR(baat=6)\]
Compiling architecture behavioral of entity xil_defaultlib.fir_tb
Built simulation snapshot FIR_tb_behav
INFO: [USF-XSim-69] 'elaborate' step finished in '1' seconds
Vivado Simulator 2018.2
Time resolution is 1 ps
relaunch_sim
INFO: [Vivado 12-5682] Launching behavioral simulation in 'C:/Users/Public/Documents/PVSDRA/Lab_3/Lab_3.sim/sim_1/behav/xsim'
INFO: [SIM-utils-51] Simulation object is 'sim_1'
INFO: [SIM-utils-54] Inspecting design source files for 'FIR_tb' in fileset 'sim_1'...
INFO: [USF-XSim-97] Finding global include files...
INFO: [USF-XSim-98] Fetching design files from 'sim_1'...
INFO: [USF-XSim-2] XSim::Compile design
INFO: [USF-XSim-61] Executing 'COMPILE and ANALYZE' step in 'C:/Users/Public/Documents/PVSDRA/Lab_3/Lab_3.sim/sim_1/behav/xsim'
"xvhdl --incr --relax -prj FIR_tb_vhdl.prj"
INFO: [VRFC 10-163] Analyzing VHDL file "C:/Users/Public/Documents/PVSDRA/Lab_3/Lab_3.srcs/sim_1/new/FIR_tb.vhd" into library xil_defaultlib
INFO: [VRFC 10-307] analyzing entity FIR_tb
INFO: [USF-XSim-69] 'compile' step finished in '1' seconds
INFO: [Vivado 12-5682] Launching behavioral simulation in 'C:/Users/Public/Documents/PVSDRA/Lab_3/Lab_3.sim/sim_1/behav/xsim'
INFO: [USF-XSim-3] XSim::Elaborate design
INFO: [USF-XSim-61] Executing 'ELABORATE' step in 'C:/Users/Public/Documents/PVSDRA/Lab_3/Lab_3.sim/sim_1/behav/xsim'
Vivado Simulator 2018.2
Copyright 1986-1999, 2001-2018 Xilinx, Inc. All Rights Reserved.
Running: D:/Xilinx/Vivado/2018.2/bin/unwrapped/win64.o/xelab.exe -wto ba93bc7316ac4ceb80ae35f65eb8577a --incr --debug typical --relax --mt 2 -L xil_defaultlib -L secureip --snapshot FIR_tb_behav xil_defaultlib.FIR_tb -log elaborate.log 
Using 2 slave threads.
Starting static elaboration
Completed static elaboration
Starting simulation data flow analysis
Completed simulation data flow analysis
Time Resolution for simulation is 1ps
Compiling package std.standard
Compiling package std.textio
Compiling package ieee.std_logic_1164
Compiling package ieee.numeric_std
Compiling package std.env
Compiling package ieee.std_logic_arith
Compiling package ieee.std_logic_unsigned
Compiling architecture behavioral of entity xil_defaultlib.ROM [rom_default]
Compiling architecture behavioral of entity xil_defaultlib.FSM [\FSM(baat=12)\]
Compiling architecture behavioral of entity xil_defaultlib.FIR [\FIR(baat=12)\]
Compiling architecture behavioral of entity xil_defaultlib.fir_tb
Built simulation snapshot FIR_tb_behav
INFO: [USF-XSim-69] 'elaborate' step finished in '1' seconds
Vivado Simulator 2018.2
Time resolution is 1 ps
relaunch_sim
INFO: [Vivado 12-5682] Launching behavioral simulation in 'C:/Users/Public/Documents/PVSDRA/Lab_3/Lab_3.sim/sim_1/behav/xsim'
INFO: [SIM-utils-51] Simulation object is 'sim_1'
INFO: [SIM-utils-54] Inspecting design source files for 'FIR_tb' in fileset 'sim_1'...
INFO: [USF-XSim-97] Finding global include files...
INFO: [USF-XSim-98] Fetching design files from 'sim_1'...
INFO: [USF-XSim-2] XSim::Compile design
INFO: [USF-XSim-61] Executing 'COMPILE and ANALYZE' step in 'C:/Users/Public/Documents/PVSDRA/Lab_3/Lab_3.sim/sim_1/behav/xsim'
"xvhdl --incr --relax -prj FIR_tb_vhdl.prj"
INFO: [VRFC 10-163] Analyzing VHDL file "C:/Users/Public/Documents/PVSDRA/Lab_3/Lab_3.srcs/sources_1/new/FIR.vhd" into library xil_defaultlib
INFO: [VRFC 10-307] analyzing entity FIR
INFO: [VRFC 10-163] Analyzing VHDL file "C:/Users/Public/Documents/PVSDRA/Lab_3/Lab_3.srcs/sim_1/new/FIR_tb.vhd" into library xil_defaultlib
INFO: [VRFC 10-307] analyzing entity FIR_tb
INFO: [USF-XSim-69] 'compile' step finished in '1' seconds
INFO: [Vivado 12-5682] Launching behavioral simulation in 'C:/Users/Public/Documents/PVSDRA/Lab_3/Lab_3.sim/sim_1/behav/xsim'
INFO: [USF-XSim-3] XSim::Elaborate design
INFO: [USF-XSim-61] Executing 'ELABORATE' step in 'C:/Users/Public/Documents/PVSDRA/Lab_3/Lab_3.sim/sim_1/behav/xsim'
Vivado Simulator 2018.2
Copyright 1986-1999, 2001-2018 Xilinx, Inc. All Rights Reserved.
Running: D:/Xilinx/Vivado/2018.2/bin/unwrapped/win64.o/xelab.exe -wto ba93bc7316ac4ceb80ae35f65eb8577a --incr --debug typical --relax --mt 2 -L xil_defaultlib -L secureip --snapshot FIR_tb_behav xil_defaultlib.FIR_tb -log elaborate.log 
Using 2 slave threads.
Starting static elaboration
Completed static elaboration
Starting simulation data flow analysis
Completed simulation data flow analysis
Time Resolution for simulation is 1ps
Compiling package std.standard
Compiling package std.textio
Compiling package ieee.std_logic_1164
Compiling package ieee.numeric_std
Compiling package std.env
Compiling package ieee.std_logic_arith
Compiling package ieee.std_logic_unsigned
Compiling architecture behavioral of entity xil_defaultlib.ROM [rom_default]
Compiling architecture behavioral of entity xil_defaultlib.FSM [\FSM(baat=12)\]
Compiling architecture behavioral of entity xil_defaultlib.FIR [\FIR(baat=12)\]
Compiling architecture behavioral of entity xil_defaultlib.fir_tb
Built simulation snapshot FIR_tb_behav
INFO: [USF-XSim-69] 'elaborate' step finished in '1' seconds
Vivado Simulator 2018.2
Time resolution is 1 ps
relaunch_sim
INFO: [Vivado 12-5682] Launching behavioral simulation in 'C:/Users/Public/Documents/PVSDRA/Lab_3/Lab_3.sim/sim_1/behav/xsim'
INFO: [SIM-utils-51] Simulation object is 'sim_1'
INFO: [SIM-utils-54] Inspecting design source files for 'FIR_tb' in fileset 'sim_1'...
INFO: [USF-XSim-97] Finding global include files...
INFO: [USF-XSim-98] Fetching design files from 'sim_1'...
INFO: [USF-XSim-2] XSim::Compile design
INFO: [USF-XSim-61] Executing 'COMPILE and ANALYZE' step in 'C:/Users/Public/Documents/PVSDRA/Lab_3/Lab_3.sim/sim_1/behav/xsim'
"xvhdl --incr --relax -prj FIR_tb_vhdl.prj"
INFO: [VRFC 10-163] Analyzing VHDL file "C:/Users/Public/Documents/PVSDRA/Lab_3/Lab_3.srcs/sources_1/new/FIR.vhd" into library xil_defaultlib
INFO: [VRFC 10-307] analyzing entity FIR
INFO: [VRFC 10-163] Analyzing VHDL file "C:/Users/Public/Documents/PVSDRA/Lab_3/Lab_3.srcs/sim_1/new/FIR_tb.vhd" into library xil_defaultlib
INFO: [VRFC 10-307] analyzing entity FIR_tb
INFO: [USF-XSim-69] 'compile' step finished in '1' seconds
INFO: [Vivado 12-5682] Launching behavioral simulation in 'C:/Users/Public/Documents/PVSDRA/Lab_3/Lab_3.sim/sim_1/behav/xsim'
INFO: [USF-XSim-3] XSim::Elaborate design
INFO: [USF-XSim-61] Executing 'ELABORATE' step in 'C:/Users/Public/Documents/PVSDRA/Lab_3/Lab_3.sim/sim_1/behav/xsim'
Vivado Simulator 2018.2
Copyright 1986-1999, 2001-2018 Xilinx, Inc. All Rights Reserved.
Running: D:/Xilinx/Vivado/2018.2/bin/unwrapped/win64.o/xelab.exe -wto ba93bc7316ac4ceb80ae35f65eb8577a --incr --debug typical --relax --mt 2 -L xil_defaultlib -L secureip --snapshot FIR_tb_behav xil_defaultlib.FIR_tb -log elaborate.log 
Using 2 slave threads.
Starting static elaboration
Completed static elaboration
Starting simulation data flow analysis
Completed simulation data flow analysis
Time Resolution for simulation is 1ps
Compiling package std.standard
Compiling package std.textio
Compiling package ieee.std_logic_1164
Compiling package ieee.numeric_std
Compiling package std.env
Compiling package ieee.std_logic_arith
Compiling package ieee.std_logic_unsigned
Compiling architecture behavioral of entity xil_defaultlib.ROM [rom_default]
Compiling architecture behavioral of entity xil_defaultlib.FSM [\FSM(baat=1)\]
Compiling architecture behavioral of entity xil_defaultlib.FIR [\FIR(baat=1)\]
Compiling architecture behavioral of entity xil_defaultlib.fir_tb
Built simulation snapshot FIR_tb_behav
INFO: [USF-XSim-69] 'elaborate' step finished in '2' seconds
Vivado Simulator 2018.2
Time resolution is 1 ps
relaunch_sim
INFO: [Vivado 12-5682] Launching behavioral simulation in 'C:/Users/Public/Documents/PVSDRA/Lab_3/Lab_3.sim/sim_1/behav/xsim'
INFO: [SIM-utils-51] Simulation object is 'sim_1'
INFO: [SIM-utils-54] Inspecting design source files for 'FIR_tb' in fileset 'sim_1'...
INFO: [USF-XSim-97] Finding global include files...
INFO: [USF-XSim-98] Fetching design files from 'sim_1'...
INFO: [USF-XSim-2] XSim::Compile design
INFO: [USF-XSim-61] Executing 'COMPILE and ANALYZE' step in 'C:/Users/Public/Documents/PVSDRA/Lab_3/Lab_3.sim/sim_1/behav/xsim'
"xvhdl --incr --relax -prj FIR_tb_vhdl.prj"
INFO: [VRFC 10-163] Analyzing VHDL file "C:/Users/Public/Documents/PVSDRA/Lab_3/Lab_3.srcs/sim_1/new/FIR_tb.vhd" into library xil_defaultlib
INFO: [VRFC 10-307] analyzing entity FIR_tb
INFO: [USF-XSim-69] 'compile' step finished in '1' seconds
INFO: [Vivado 12-5682] Launching behavioral simulation in 'C:/Users/Public/Documents/PVSDRA/Lab_3/Lab_3.sim/sim_1/behav/xsim'
INFO: [USF-XSim-3] XSim::Elaborate design
INFO: [USF-XSim-61] Executing 'ELABORATE' step in 'C:/Users/Public/Documents/PVSDRA/Lab_3/Lab_3.sim/sim_1/behav/xsim'
Vivado Simulator 2018.2
Copyright 1986-1999, 2001-2018 Xilinx, Inc. All Rights Reserved.
Running: D:/Xilinx/Vivado/2018.2/bin/unwrapped/win64.o/xelab.exe -wto ba93bc7316ac4ceb80ae35f65eb8577a --incr --debug typical --relax --mt 2 -L xil_defaultlib -L secureip --snapshot FIR_tb_behav xil_defaultlib.FIR_tb -log elaborate.log 
Using 2 slave threads.
Starting static elaboration
Completed static elaboration
Starting simulation data flow analysis
Completed simulation data flow analysis
Time Resolution for simulation is 1ps
Compiling package std.standard
Compiling package std.textio
Compiling package ieee.std_logic_1164
Compiling package ieee.numeric_std
Compiling package std.env
Compiling package ieee.std_logic_arith
Compiling package ieee.std_logic_unsigned
Compiling architecture behavioral of entity xil_defaultlib.ROM [rom_default]
Compiling architecture behavioral of entity xil_defaultlib.FSM [fsm_default]
Compiling architecture behavioral of entity xil_defaultlib.FIR [fir_default]
Compiling architecture behavioral of entity xil_defaultlib.fir_tb
Built simulation snapshot FIR_tb_behav
INFO: [USF-XSim-69] 'elaborate' step finished in '1' seconds
Vivado Simulator 2018.2
Time resolution is 1 ps
relaunch_sim: Time (s): cpu = 00:00:00 ; elapsed = 00:00:06 . Memory (MB): peak = 929.852 ; gain = 0.000
relaunch_sim
INFO: [Vivado 12-5682] Launching behavioral simulation in 'C:/Users/Public/Documents/PVSDRA/Lab_3/Lab_3.sim/sim_1/behav/xsim'
INFO: [SIM-utils-51] Simulation object is 'sim_1'
INFO: [SIM-utils-54] Inspecting design source files for 'FIR_tb' in fileset 'sim_1'...
INFO: [USF-XSim-97] Finding global include files...
INFO: [USF-XSim-98] Fetching design files from 'sim_1'...
INFO: [USF-XSim-2] XSim::Compile design
INFO: [USF-XSim-61] Executing 'COMPILE and ANALYZE' step in 'C:/Users/Public/Documents/PVSDRA/Lab_3/Lab_3.sim/sim_1/behav/xsim'
"xvhdl --incr --relax -prj FIR_tb_vhdl.prj"
INFO: [VRFC 10-163] Analyzing VHDL file "C:/Users/Public/Documents/PVSDRA/Lab_3/Lab_3.srcs/sources_1/new/FIR.vhd" into library xil_defaultlib
INFO: [VRFC 10-307] analyzing entity FIR
INFO: [VRFC 10-163] Analyzing VHDL file "C:/Users/Public/Documents/PVSDRA/Lab_3/Lab_3.srcs/sim_1/new/FIR_tb.vhd" into library xil_defaultlib
INFO: [VRFC 10-307] analyzing entity FIR_tb
INFO: [USF-XSim-69] 'compile' step finished in '1' seconds
INFO: [Vivado 12-5682] Launching behavioral simulation in 'C:/Users/Public/Documents/PVSDRA/Lab_3/Lab_3.sim/sim_1/behav/xsim'
INFO: [USF-XSim-3] XSim::Elaborate design
INFO: [USF-XSim-61] Executing 'ELABORATE' step in 'C:/Users/Public/Documents/PVSDRA/Lab_3/Lab_3.sim/sim_1/behav/xsim'
Vivado Simulator 2018.2
Copyright 1986-1999, 2001-2018 Xilinx, Inc. All Rights Reserved.
Running: D:/Xilinx/Vivado/2018.2/bin/unwrapped/win64.o/xelab.exe -wto ba93bc7316ac4ceb80ae35f65eb8577a --incr --debug typical --relax --mt 2 -L xil_defaultlib -L secureip --snapshot FIR_tb_behav xil_defaultlib.FIR_tb -log elaborate.log 
Using 2 slave threads.
Starting static elaboration
Completed static elaboration
Starting simulation data flow analysis
Completed simulation data flow analysis
Time Resolution for simulation is 1ps
Compiling package std.standard
Compiling package std.textio
Compiling package ieee.std_logic_1164
Compiling package ieee.numeric_std
Compiling package std.env
Compiling package ieee.std_logic_arith
Compiling package ieee.std_logic_unsigned
Compiling architecture behavioral of entity xil_defaultlib.ROM [rom_default]
Compiling architecture behavioral of entity xil_defaultlib.FSM [fsm_default]
Compiling architecture behavioral of entity xil_defaultlib.FIR [fir_default]
Compiling architecture behavioral of entity xil_defaultlib.fir_tb
Built simulation snapshot FIR_tb_behav
INFO: [USF-XSim-69] 'elaborate' step finished in '2' seconds
Vivado Simulator 2018.2
Time resolution is 1 ps
relaunch_sim
INFO: [Vivado 12-5682] Launching behavioral simulation in 'C:/Users/Public/Documents/PVSDRA/Lab_3/Lab_3.sim/sim_1/behav/xsim'
INFO: [SIM-utils-51] Simulation object is 'sim_1'
INFO: [SIM-utils-54] Inspecting design source files for 'FIR_tb' in fileset 'sim_1'...
INFO: [USF-XSim-97] Finding global include files...
INFO: [USF-XSim-98] Fetching design files from 'sim_1'...
INFO: [USF-XSim-2] XSim::Compile design
INFO: [USF-XSim-61] Executing 'COMPILE and ANALYZE' step in 'C:/Users/Public/Documents/PVSDRA/Lab_3/Lab_3.sim/sim_1/behav/xsim'
"xvhdl --incr --relax -prj FIR_tb_vhdl.prj"
INFO: [VRFC 10-163] Analyzing VHDL file "C:/Users/Public/Documents/PVSDRA/Lab_3/Lab_3.srcs/sources_1/new/FIR.vhd" into library xil_defaultlib
INFO: [VRFC 10-307] analyzing entity FIR
INFO: [VRFC 10-163] Analyzing VHDL file "C:/Users/Public/Documents/PVSDRA/Lab_3/Lab_3.srcs/sim_1/new/FIR_tb.vhd" into library xil_defaultlib
INFO: [VRFC 10-307] analyzing entity FIR_tb
INFO: [USF-XSim-69] 'compile' step finished in '1' seconds
INFO: [Vivado 12-5682] Launching behavioral simulation in 'C:/Users/Public/Documents/PVSDRA/Lab_3/Lab_3.sim/sim_1/behav/xsim'
INFO: [USF-XSim-3] XSim::Elaborate design
INFO: [USF-XSim-61] Executing 'ELABORATE' step in 'C:/Users/Public/Documents/PVSDRA/Lab_3/Lab_3.sim/sim_1/behav/xsim'
Vivado Simulator 2018.2
Copyright 1986-1999, 2001-2018 Xilinx, Inc. All Rights Reserved.
Running: D:/Xilinx/Vivado/2018.2/bin/unwrapped/win64.o/xelab.exe -wto ba93bc7316ac4ceb80ae35f65eb8577a --incr --debug typical --relax --mt 2 -L xil_defaultlib -L secureip --snapshot FIR_tb_behav xil_defaultlib.FIR_tb -log elaborate.log 
Using 2 slave threads.
Starting static elaboration
Completed static elaboration
Starting simulation data flow analysis
Completed simulation data flow analysis
Time Resolution for simulation is 1ps
Compiling package std.standard
Compiling package std.textio
Compiling package ieee.std_logic_1164
Compiling package ieee.numeric_std
Compiling package std.env
Compiling package ieee.std_logic_arith
Compiling package ieee.std_logic_unsigned
Compiling architecture behavioral of entity xil_defaultlib.ROM [rom_default]
Compiling architecture behavioral of entity xil_defaultlib.FSM [fsm_default]
Compiling architecture behavioral of entity xil_defaultlib.FIR [fir_default]
Compiling architecture behavioral of entity xil_defaultlib.fir_tb
Built simulation snapshot FIR_tb_behav
INFO: [USF-XSim-69] 'elaborate' step finished in '1' seconds
Vivado Simulator 2018.2
Time resolution is 1 ps
relaunch_sim
INFO: [Vivado 12-5682] Launching behavioral simulation in 'C:/Users/Public/Documents/PVSDRA/Lab_3/Lab_3.sim/sim_1/behav/xsim'
INFO: [SIM-utils-51] Simulation object is 'sim_1'
INFO: [SIM-utils-54] Inspecting design source files for 'FIR_tb' in fileset 'sim_1'...
INFO: [USF-XSim-97] Finding global include files...
INFO: [USF-XSim-98] Fetching design files from 'sim_1'...
INFO: [USF-XSim-2] XSim::Compile design
INFO: [USF-XSim-61] Executing 'COMPILE and ANALYZE' step in 'C:/Users/Public/Documents/PVSDRA/Lab_3/Lab_3.sim/sim_1/behav/xsim'
"xvhdl --incr --relax -prj FIR_tb_vhdl.prj"
INFO: [VRFC 10-163] Analyzing VHDL file "C:/Users/Public/Documents/PVSDRA/Lab_3/Lab_3.srcs/sim_1/new/FIR_tb.vhd" into library xil_defaultlib
INFO: [VRFC 10-307] analyzing entity FIR_tb
INFO: [USF-XSim-69] 'compile' step finished in '1' seconds
INFO: [Vivado 12-5682] Launching behavioral simulation in 'C:/Users/Public/Documents/PVSDRA/Lab_3/Lab_3.sim/sim_1/behav/xsim'
INFO: [USF-XSim-3] XSim::Elaborate design
INFO: [USF-XSim-61] Executing 'ELABORATE' step in 'C:/Users/Public/Documents/PVSDRA/Lab_3/Lab_3.sim/sim_1/behav/xsim'
Vivado Simulator 2018.2
Copyright 1986-1999, 2001-2018 Xilinx, Inc. All Rights Reserved.
Running: D:/Xilinx/Vivado/2018.2/bin/unwrapped/win64.o/xelab.exe -wto ba93bc7316ac4ceb80ae35f65eb8577a --incr --debug typical --relax --mt 2 -L xil_defaultlib -L secureip --snapshot FIR_tb_behav xil_defaultlib.FIR_tb -log elaborate.log 
Using 2 slave threads.
Starting static elaboration
Completed static elaboration
Starting simulation data flow analysis
Completed simulation data flow analysis
Time Resolution for simulation is 1ps
Compiling package std.standard
Compiling package std.textio
Compiling package ieee.std_logic_1164
Compiling package ieee.numeric_std
Compiling package std.env
Compiling package ieee.std_logic_arith
Compiling package ieee.std_logic_unsigned
Compiling architecture behavioral of entity xil_defaultlib.ROM [rom_default]
Compiling architecture behavioral of entity xil_defaultlib.FSM [fsm_default]
Compiling architecture behavioral of entity xil_defaultlib.FIR [fir_default]
Compiling architecture behavioral of entity xil_defaultlib.fir_tb
Built simulation snapshot FIR_tb_behav
INFO: [USF-XSim-69] 'elaborate' step finished in '2' seconds
Vivado Simulator 2018.2
Time resolution is 1 ps
relaunch_sim
INFO: [Vivado 12-5682] Launching behavioral simulation in 'C:/Users/Public/Documents/PVSDRA/Lab_3/Lab_3.sim/sim_1/behav/xsim'
INFO: [SIM-utils-51] Simulation object is 'sim_1'
INFO: [SIM-utils-54] Inspecting design source files for 'FIR_tb' in fileset 'sim_1'...
INFO: [USF-XSim-97] Finding global include files...
INFO: [USF-XSim-98] Fetching design files from 'sim_1'...
INFO: [USF-XSim-2] XSim::Compile design
INFO: [USF-XSim-61] Executing 'COMPILE and ANALYZE' step in 'C:/Users/Public/Documents/PVSDRA/Lab_3/Lab_3.sim/sim_1/behav/xsim'
"xvhdl --incr --relax -prj FIR_tb_vhdl.prj"
INFO: [VRFC 10-163] Analyzing VHDL file "C:/Users/Public/Documents/PVSDRA/Lab_3/Lab_3.srcs/sources_1/new/ROM.vhd" into library xil_defaultlib
INFO: [VRFC 10-307] analyzing entity ROM
INFO: [VRFC 10-163] Analyzing VHDL file "C:/Users/Public/Documents/PVSDRA/Lab_3/Lab_3.srcs/sources_1/new/FIR.vhd" into library xil_defaultlib
INFO: [VRFC 10-307] analyzing entity FIR
INFO: [VRFC 10-163] Analyzing VHDL file "C:/Users/Public/Documents/PVSDRA/Lab_3/Lab_3.srcs/sim_1/new/FIR_tb.vhd" into library xil_defaultlib
INFO: [VRFC 10-307] analyzing entity FIR_tb
INFO: [USF-XSim-69] 'compile' step finished in '1' seconds
INFO: [Vivado 12-5682] Launching behavioral simulation in 'C:/Users/Public/Documents/PVSDRA/Lab_3/Lab_3.sim/sim_1/behav/xsim'
INFO: [USF-XSim-3] XSim::Elaborate design
INFO: [USF-XSim-61] Executing 'ELABORATE' step in 'C:/Users/Public/Documents/PVSDRA/Lab_3/Lab_3.sim/sim_1/behav/xsim'
Vivado Simulator 2018.2
Copyright 1986-1999, 2001-2018 Xilinx, Inc. All Rights Reserved.
Running: D:/Xilinx/Vivado/2018.2/bin/unwrapped/win64.o/xelab.exe -wto ba93bc7316ac4ceb80ae35f65eb8577a --incr --debug typical --relax --mt 2 -L xil_defaultlib -L secureip --snapshot FIR_tb_behav xil_defaultlib.FIR_tb -log elaborate.log 
Using 2 slave threads.
Starting static elaboration
Completed static elaboration
Starting simulation data flow analysis
Completed simulation data flow analysis
Time Resolution for simulation is 1ps
Compiling package std.standard
Compiling package std.textio
Compiling package ieee.std_logic_1164
Compiling package ieee.numeric_std
Compiling package std.env
Compiling package ieee.std_logic_arith
Compiling package ieee.std_logic_unsigned
Compiling architecture behavioral of entity xil_defaultlib.ROM [rom_default]
Compiling architecture behavioral of entity xil_defaultlib.FSM [fsm_default]
Compiling architecture behavioral of entity xil_defaultlib.FIR [fir_default]
Compiling architecture behavioral of entity xil_defaultlib.fir_tb
Built simulation snapshot FIR_tb_behav
INFO: [USF-XSim-69] 'elaborate' step finished in '1' seconds
Vivado Simulator 2018.2
Time resolution is 1 ps
current_wave_config {Untitled 1}
Untitled 1
add_wave {{/FIR_tb/uut/addr1}} 
current_wave_config {Untitled 1}
Untitled 1
add_wave {{/FIR_tb/uut/addr2}} 
restart
INFO: [Simtcl 6-17] Simulation restarted
run 10 us
current_wave_config {Untitled 1}
Untitled 1
add_wave {{/FIR_tb/uut/reg}} 
restart
INFO: [Simtcl 6-17] Simulation restarted
run 10 us
relaunch_sim
INFO: [Vivado 12-5682] Launching behavioral simulation in 'C:/Users/Public/Documents/PVSDRA/Lab_3/Lab_3.sim/sim_1/behav/xsim'
INFO: [SIM-utils-51] Simulation object is 'sim_1'
INFO: [SIM-utils-54] Inspecting design source files for 'FIR_tb' in fileset 'sim_1'...
INFO: [USF-XSim-97] Finding global include files...
INFO: [USF-XSim-98] Fetching design files from 'sim_1'...
INFO: [USF-XSim-2] XSim::Compile design
INFO: [USF-XSim-61] Executing 'COMPILE and ANALYZE' step in 'C:/Users/Public/Documents/PVSDRA/Lab_3/Lab_3.sim/sim_1/behav/xsim'
"xvhdl --incr --relax -prj FIR_tb_vhdl.prj"
INFO: [VRFC 10-163] Analyzing VHDL file "C:/Users/Public/Documents/PVSDRA/Lab_3/Lab_3.srcs/sources_1/new/FIR.vhd" into library xil_defaultlib
INFO: [VRFC 10-307] analyzing entity FIR
INFO: [VRFC 10-163] Analyzing VHDL file "C:/Users/Public/Documents/PVSDRA/Lab_3/Lab_3.srcs/sim_1/new/FIR_tb.vhd" into library xil_defaultlib
INFO: [VRFC 10-307] analyzing entity FIR_tb
INFO: [USF-XSim-69] 'compile' step finished in '1' seconds
INFO: [Vivado 12-5682] Launching behavioral simulation in 'C:/Users/Public/Documents/PVSDRA/Lab_3/Lab_3.sim/sim_1/behav/xsim'
INFO: [USF-XSim-3] XSim::Elaborate design
INFO: [USF-XSim-61] Executing 'ELABORATE' step in 'C:/Users/Public/Documents/PVSDRA/Lab_3/Lab_3.sim/sim_1/behav/xsim'
Vivado Simulator 2018.2
Copyright 1986-1999, 2001-2018 Xilinx, Inc. All Rights Reserved.
Running: D:/Xilinx/Vivado/2018.2/bin/unwrapped/win64.o/xelab.exe -wto ba93bc7316ac4ceb80ae35f65eb8577a --incr --debug typical --relax --mt 2 -L xil_defaultlib -L secureip --snapshot FIR_tb_behav xil_defaultlib.FIR_tb -log elaborate.log 
Using 2 slave threads.
Starting static elaboration
Completed static elaboration
Starting simulation data flow analysis
Completed simulation data flow analysis
Time Resolution for simulation is 1ps
Compiling package std.standard
Compiling package std.textio
Compiling package ieee.std_logic_1164
Compiling package ieee.numeric_std
Compiling package std.env
Compiling package ieee.std_logic_arith
Compiling package ieee.std_logic_unsigned
Compiling architecture behavioral of entity xil_defaultlib.ROM [rom_default]
Compiling architecture behavioral of entity xil_defaultlib.FSM [fsm_default]
Compiling architecture behavioral of entity xil_defaultlib.FIR [fir_default]
Compiling architecture behavioral of entity xil_defaultlib.fir_tb
Built simulation snapshot FIR_tb_behav
INFO: [USF-XSim-69] 'elaborate' step finished in '2' seconds
Vivado Simulator 2018.2
Time resolution is 1 ps
relaunch_sim: Time (s): cpu = 00:00:01 ; elapsed = 00:00:05 . Memory (MB): peak = 929.852 ; gain = 0.000
relaunch_sim
INFO: [Vivado 12-5682] Launching behavioral simulation in 'C:/Users/Public/Documents/PVSDRA/Lab_3/Lab_3.sim/sim_1/behav/xsim'
INFO: [SIM-utils-51] Simulation object is 'sim_1'
INFO: [SIM-utils-54] Inspecting design source files for 'FIR_tb' in fileset 'sim_1'...
INFO: [USF-XSim-97] Finding global include files...
INFO: [USF-XSim-98] Fetching design files from 'sim_1'...
INFO: [USF-XSim-2] XSim::Compile design
INFO: [USF-XSim-61] Executing 'COMPILE and ANALYZE' step in 'C:/Users/Public/Documents/PVSDRA/Lab_3/Lab_3.sim/sim_1/behav/xsim'
"xvhdl --incr --relax -prj FIR_tb_vhdl.prj"
INFO: [VRFC 10-163] Analyzing VHDL file "C:/Users/Public/Documents/PVSDRA/Lab_3/Lab_3.srcs/sources_1/new/FIR.vhd" into library xil_defaultlib
INFO: [VRFC 10-307] analyzing entity FIR
INFO: [VRFC 10-163] Analyzing VHDL file "C:/Users/Public/Documents/PVSDRA/Lab_3/Lab_3.srcs/sim_1/new/FIR_tb.vhd" into library xil_defaultlib
INFO: [VRFC 10-307] analyzing entity FIR_tb
INFO: [USF-XSim-69] 'compile' step finished in '1' seconds
INFO: [Vivado 12-5682] Launching behavioral simulation in 'C:/Users/Public/Documents/PVSDRA/Lab_3/Lab_3.sim/sim_1/behav/xsim'
INFO: [USF-XSim-3] XSim::Elaborate design
INFO: [USF-XSim-61] Executing 'ELABORATE' step in 'C:/Users/Public/Documents/PVSDRA/Lab_3/Lab_3.sim/sim_1/behav/xsim'
Vivado Simulator 2018.2
Copyright 1986-1999, 2001-2018 Xilinx, Inc. All Rights Reserved.
Running: D:/Xilinx/Vivado/2018.2/bin/unwrapped/win64.o/xelab.exe -wto ba93bc7316ac4ceb80ae35f65eb8577a --incr --debug typical --relax --mt 2 -L xil_defaultlib -L secureip --snapshot FIR_tb_behav xil_defaultlib.FIR_tb -log elaborate.log 
Using 2 slave threads.
Starting static elaboration
Completed static elaboration
Starting simulation data flow analysis
Completed simulation data flow analysis
Time Resolution for simulation is 1ps
Compiling package std.standard
Compiling package std.textio
Compiling package ieee.std_logic_1164
Compiling package ieee.numeric_std
Compiling package std.env
Compiling package ieee.std_logic_arith
Compiling package ieee.std_logic_unsigned
Compiling architecture behavioral of entity xil_defaultlib.ROM [rom_default]
Compiling architecture behavioral of entity xil_defaultlib.FSM [fsm_default]
Compiling architecture behavioral of entity xil_defaultlib.FIR [fir_default]
Compiling architecture behavioral of entity xil_defaultlib.fir_tb
Built simulation snapshot FIR_tb_behav
INFO: [USF-XSim-69] 'elaborate' step finished in '2' seconds
Vivado Simulator 2018.2
Time resolution is 1 ps
relaunch_sim
INFO: [Vivado 12-5682] Launching behavioral simulation in 'C:/Users/Public/Documents/PVSDRA/Lab_3/Lab_3.sim/sim_1/behav/xsim'
INFO: [SIM-utils-51] Simulation object is 'sim_1'
INFO: [SIM-utils-54] Inspecting design source files for 'FIR_tb' in fileset 'sim_1'...
INFO: [USF-XSim-97] Finding global include files...
INFO: [USF-XSim-98] Fetching design files from 'sim_1'...
INFO: [USF-XSim-2] XSim::Compile design
INFO: [USF-XSim-61] Executing 'COMPILE and ANALYZE' step in 'C:/Users/Public/Documents/PVSDRA/Lab_3/Lab_3.sim/sim_1/behav/xsim'
"xvhdl --incr --relax -prj FIR_tb_vhdl.prj"
INFO: [VRFC 10-163] Analyzing VHDL file "C:/Users/Public/Documents/PVSDRA/Lab_3/Lab_3.srcs/sources_1/new/FIR.vhd" into library xil_defaultlib
INFO: [VRFC 10-307] analyzing entity FIR
INFO: [VRFC 10-163] Analyzing VHDL file "C:/Users/Public/Documents/PVSDRA/Lab_3/Lab_3.srcs/sim_1/new/FIR_tb.vhd" into library xil_defaultlib
INFO: [VRFC 10-307] analyzing entity FIR_tb
INFO: [USF-XSim-69] 'compile' step finished in '1' seconds
INFO: [Vivado 12-5682] Launching behavioral simulation in 'C:/Users/Public/Documents/PVSDRA/Lab_3/Lab_3.sim/sim_1/behav/xsim'
INFO: [USF-XSim-3] XSim::Elaborate design
INFO: [USF-XSim-61] Executing 'ELABORATE' step in 'C:/Users/Public/Documents/PVSDRA/Lab_3/Lab_3.sim/sim_1/behav/xsim'
Vivado Simulator 2018.2
Copyright 1986-1999, 2001-2018 Xilinx, Inc. All Rights Reserved.
Running: D:/Xilinx/Vivado/2018.2/bin/unwrapped/win64.o/xelab.exe -wto ba93bc7316ac4ceb80ae35f65eb8577a --incr --debug typical --relax --mt 2 -L xil_defaultlib -L secureip --snapshot FIR_tb_behav xil_defaultlib.FIR_tb -log elaborate.log 
Using 2 slave threads.
Starting static elaboration
Completed static elaboration
Starting simulation data flow analysis
Completed simulation data flow analysis
Time Resolution for simulation is 1ps
Compiling package std.standard
Compiling package std.textio
Compiling package ieee.std_logic_1164
Compiling package ieee.numeric_std
Compiling package std.env
Compiling package ieee.std_logic_arith
Compiling package ieee.std_logic_unsigned
Compiling architecture behavioral of entity xil_defaultlib.ROM [rom_default]
Compiling architecture behavioral of entity xil_defaultlib.FSM [fsm_default]
Compiling architecture behavioral of entity xil_defaultlib.FIR [fir_default]
Compiling architecture behavioral of entity xil_defaultlib.fir_tb
Built simulation snapshot FIR_tb_behav
INFO: [USF-XSim-69] 'elaborate' step finished in '2' seconds
Vivado Simulator 2018.2
Time resolution is 1 ps
relaunch_sim
INFO: [Vivado 12-5682] Launching behavioral simulation in 'C:/Users/Public/Documents/PVSDRA/Lab_3/Lab_3.sim/sim_1/behav/xsim'
INFO: [SIM-utils-51] Simulation object is 'sim_1'
INFO: [SIM-utils-54] Inspecting design source files for 'FIR_tb' in fileset 'sim_1'...
INFO: [USF-XSim-97] Finding global include files...
INFO: [USF-XSim-98] Fetching design files from 'sim_1'...
INFO: [USF-XSim-2] XSim::Compile design
INFO: [USF-XSim-61] Executing 'COMPILE and ANALYZE' step in 'C:/Users/Public/Documents/PVSDRA/Lab_3/Lab_3.sim/sim_1/behav/xsim'
"xvhdl --incr --relax -prj FIR_tb_vhdl.prj"
INFO: [VRFC 10-163] Analyzing VHDL file "C:/Users/Public/Documents/PVSDRA/Lab_3/Lab_3.srcs/sources_1/new/FIR.vhd" into library xil_defaultlib
INFO: [VRFC 10-307] analyzing entity FIR
INFO: [VRFC 10-163] Analyzing VHDL file "C:/Users/Public/Documents/PVSDRA/Lab_3/Lab_3.srcs/sim_1/new/FIR_tb.vhd" into library xil_defaultlib
INFO: [VRFC 10-307] analyzing entity FIR_tb
INFO: [USF-XSim-69] 'compile' step finished in '1' seconds
INFO: [Vivado 12-5682] Launching behavioral simulation in 'C:/Users/Public/Documents/PVSDRA/Lab_3/Lab_3.sim/sim_1/behav/xsim'
INFO: [USF-XSim-3] XSim::Elaborate design
INFO: [USF-XSim-61] Executing 'ELABORATE' step in 'C:/Users/Public/Documents/PVSDRA/Lab_3/Lab_3.sim/sim_1/behav/xsim'
Vivado Simulator 2018.2
Copyright 1986-1999, 2001-2018 Xilinx, Inc. All Rights Reserved.
Running: D:/Xilinx/Vivado/2018.2/bin/unwrapped/win64.o/xelab.exe -wto ba93bc7316ac4ceb80ae35f65eb8577a --incr --debug typical --relax --mt 2 -L xil_defaultlib -L secureip --snapshot FIR_tb_behav xil_defaultlib.FIR_tb -log elaborate.log 
Using 2 slave threads.
Starting static elaboration
Completed static elaboration
Starting simulation data flow analysis
Completed simulation data flow analysis
Time Resolution for simulation is 1ps
Compiling package std.standard
Compiling package std.textio
Compiling package ieee.std_logic_1164
Compiling package ieee.numeric_std
Compiling package std.env
Compiling package ieee.std_logic_arith
Compiling package ieee.std_logic_unsigned
Compiling architecture behavioral of entity xil_defaultlib.ROM [rom_default]
Compiling architecture behavioral of entity xil_defaultlib.FSM [fsm_default]
Compiling architecture behavioral of entity xil_defaultlib.FIR [fir_default]
Compiling architecture behavioral of entity xil_defaultlib.fir_tb
Built simulation snapshot FIR_tb_behav
INFO: [USF-XSim-69] 'elaborate' step finished in '1' seconds
Vivado Simulator 2018.2
Time resolution is 1 ps
relaunch_sim: Time (s): cpu = 00:00:01 ; elapsed = 00:00:07 . Memory (MB): peak = 930.652 ; gain = 0.270
relaunch_sim
INFO: [Vivado 12-5682] Launching behavioral simulation in 'C:/Users/Public/Documents/PVSDRA/Lab_3/Lab_3.sim/sim_1/behav/xsim'
INFO: [SIM-utils-51] Simulation object is 'sim_1'
INFO: [SIM-utils-54] Inspecting design source files for 'FIR_tb' in fileset 'sim_1'...
INFO: [USF-XSim-97] Finding global include files...
INFO: [USF-XSim-98] Fetching design files from 'sim_1'...
INFO: [USF-XSim-2] XSim::Compile design
INFO: [USF-XSim-61] Executing 'COMPILE and ANALYZE' step in 'C:/Users/Public/Documents/PVSDRA/Lab_3/Lab_3.sim/sim_1/behav/xsim'
"xvhdl --incr --relax -prj FIR_tb_vhdl.prj"
INFO: [VRFC 10-163] Analyzing VHDL file "C:/Users/Public/Documents/PVSDRA/Lab_3/Lab_3.srcs/sources_1/new/FIR.vhd" into library xil_defaultlib
INFO: [VRFC 10-307] analyzing entity FIR
INFO: [VRFC 10-163] Analyzing VHDL file "C:/Users/Public/Documents/PVSDRA/Lab_3/Lab_3.srcs/sim_1/new/FIR_tb.vhd" into library xil_defaultlib
INFO: [VRFC 10-307] analyzing entity FIR_tb
INFO: [USF-XSim-69] 'compile' step finished in '1' seconds
INFO: [Vivado 12-5682] Launching behavioral simulation in 'C:/Users/Public/Documents/PVSDRA/Lab_3/Lab_3.sim/sim_1/behav/xsim'
INFO: [USF-XSim-3] XSim::Elaborate design
INFO: [USF-XSim-61] Executing 'ELABORATE' step in 'C:/Users/Public/Documents/PVSDRA/Lab_3/Lab_3.sim/sim_1/behav/xsim'
Vivado Simulator 2018.2
Copyright 1986-1999, 2001-2018 Xilinx, Inc. All Rights Reserved.
Running: D:/Xilinx/Vivado/2018.2/bin/unwrapped/win64.o/xelab.exe -wto ba93bc7316ac4ceb80ae35f65eb8577a --incr --debug typical --relax --mt 2 -L xil_defaultlib -L secureip --snapshot FIR_tb_behav xil_defaultlib.FIR_tb -log elaborate.log 
Using 2 slave threads.
Starting static elaboration
Completed static elaboration
Starting simulation data flow analysis
Completed simulation data flow analysis
Time Resolution for simulation is 1ps
Compiling package std.standard
Compiling package std.textio
Compiling package ieee.std_logic_1164
Compiling package ieee.numeric_std
Compiling package std.env
Compiling package ieee.std_logic_arith
Compiling package ieee.std_logic_unsigned
Compiling architecture behavioral of entity xil_defaultlib.ROM [rom_default]
Compiling architecture behavioral of entity xil_defaultlib.FSM [fsm_default]
Compiling architecture behavioral of entity xil_defaultlib.FIR [fir_default]
Compiling architecture behavioral of entity xil_defaultlib.fir_tb
Built simulation snapshot FIR_tb_behav
INFO: [USF-XSim-69] 'elaborate' step finished in '1' seconds
Vivado Simulator 2018.2
Time resolution is 1 ps
relaunch_sim
INFO: [Vivado 12-5682] Launching behavioral simulation in 'C:/Users/Public/Documents/PVSDRA/Lab_3/Lab_3.sim/sim_1/behav/xsim'
INFO: [SIM-utils-51] Simulation object is 'sim_1'
INFO: [SIM-utils-54] Inspecting design source files for 'FIR_tb' in fileset 'sim_1'...
INFO: [USF-XSim-97] Finding global include files...
INFO: [USF-XSim-98] Fetching design files from 'sim_1'...
INFO: [USF-XSim-2] XSim::Compile design
INFO: [USF-XSim-61] Executing 'COMPILE and ANALYZE' step in 'C:/Users/Public/Documents/PVSDRA/Lab_3/Lab_3.sim/sim_1/behav/xsim'
"xvhdl --incr --relax -prj FIR_tb_vhdl.prj"
INFO: [VRFC 10-163] Analyzing VHDL file "C:/Users/Public/Documents/PVSDRA/Lab_3/Lab_3.srcs/sources_1/new/FIR.vhd" into library xil_defaultlib
INFO: [VRFC 10-307] analyzing entity FIR
INFO: [VRFC 10-163] Analyzing VHDL file "C:/Users/Public/Documents/PVSDRA/Lab_3/Lab_3.srcs/sim_1/new/FIR_tb.vhd" into library xil_defaultlib
INFO: [VRFC 10-307] analyzing entity FIR_tb
INFO: [USF-XSim-69] 'compile' step finished in '1' seconds
INFO: [Vivado 12-5682] Launching behavioral simulation in 'C:/Users/Public/Documents/PVSDRA/Lab_3/Lab_3.sim/sim_1/behav/xsim'
INFO: [USF-XSim-3] XSim::Elaborate design
INFO: [USF-XSim-61] Executing 'ELABORATE' step in 'C:/Users/Public/Documents/PVSDRA/Lab_3/Lab_3.sim/sim_1/behav/xsim'
Vivado Simulator 2018.2
Copyright 1986-1999, 2001-2018 Xilinx, Inc. All Rights Reserved.
Running: D:/Xilinx/Vivado/2018.2/bin/unwrapped/win64.o/xelab.exe -wto ba93bc7316ac4ceb80ae35f65eb8577a --incr --debug typical --relax --mt 2 -L xil_defaultlib -L secureip --snapshot FIR_tb_behav xil_defaultlib.FIR_tb -log elaborate.log 
Using 2 slave threads.
Starting static elaboration
Completed static elaboration
Starting simulation data flow analysis
Completed simulation data flow analysis
Time Resolution for simulation is 1ps
Compiling package std.standard
Compiling package std.textio
Compiling package ieee.std_logic_1164
Compiling package ieee.numeric_std
Compiling package std.env
Compiling package ieee.std_logic_arith
Compiling package ieee.std_logic_unsigned
Compiling architecture behavioral of entity xil_defaultlib.ROM [rom_default]
Compiling architecture behavioral of entity xil_defaultlib.FSM [fsm_default]
Compiling architecture behavioral of entity xil_defaultlib.FIR [fir_default]
Compiling architecture behavioral of entity xil_defaultlib.fir_tb
Built simulation snapshot FIR_tb_behav
INFO: [USF-XSim-69] 'elaborate' step finished in '2' seconds
Vivado Simulator 2018.2
Time resolution is 1 ps
relaunch_sim
INFO: [Vivado 12-5682] Launching behavioral simulation in 'C:/Users/Public/Documents/PVSDRA/Lab_3/Lab_3.sim/sim_1/behav/xsim'
INFO: [SIM-utils-51] Simulation object is 'sim_1'
INFO: [SIM-utils-54] Inspecting design source files for 'FIR_tb' in fileset 'sim_1'...
INFO: [USF-XSim-97] Finding global include files...
INFO: [USF-XSim-98] Fetching design files from 'sim_1'...
INFO: [USF-XSim-2] XSim::Compile design
INFO: [USF-XSim-61] Executing 'COMPILE and ANALYZE' step in 'C:/Users/Public/Documents/PVSDRA/Lab_3/Lab_3.sim/sim_1/behav/xsim'
"xvhdl --incr --relax -prj FIR_tb_vhdl.prj"
INFO: [VRFC 10-163] Analyzing VHDL file "C:/Users/Public/Documents/PVSDRA/Lab_3/Lab_3.srcs/sources_1/new/ROM.vhd" into library xil_defaultlib
INFO: [VRFC 10-307] analyzing entity ROM
INFO: [VRFC 10-163] Analyzing VHDL file "C:/Users/Public/Documents/PVSDRA/Lab_3/Lab_3.srcs/sources_1/new/FIR.vhd" into library xil_defaultlib
INFO: [VRFC 10-307] analyzing entity FIR
INFO: [VRFC 10-163] Analyzing VHDL file "C:/Users/Public/Documents/PVSDRA/Lab_3/Lab_3.srcs/sim_1/new/FIR_tb.vhd" into library xil_defaultlib
INFO: [VRFC 10-307] analyzing entity FIR_tb
INFO: [USF-XSim-69] 'compile' step finished in '1' seconds
INFO: [Vivado 12-5682] Launching behavioral simulation in 'C:/Users/Public/Documents/PVSDRA/Lab_3/Lab_3.sim/sim_1/behav/xsim'
INFO: [USF-XSim-3] XSim::Elaborate design
INFO: [USF-XSim-61] Executing 'ELABORATE' step in 'C:/Users/Public/Documents/PVSDRA/Lab_3/Lab_3.sim/sim_1/behav/xsim'
Vivado Simulator 2018.2
Copyright 1986-1999, 2001-2018 Xilinx, Inc. All Rights Reserved.
Running: D:/Xilinx/Vivado/2018.2/bin/unwrapped/win64.o/xelab.exe -wto ba93bc7316ac4ceb80ae35f65eb8577a --incr --debug typical --relax --mt 2 -L xil_defaultlib -L secureip --snapshot FIR_tb_behav xil_defaultlib.FIR_tb -log elaborate.log 
Using 2 slave threads.
Starting static elaboration
Completed static elaboration
Starting simulation data flow analysis
Completed simulation data flow analysis
Time Resolution for simulation is 1ps
Compiling package std.standard
Compiling package std.textio
Compiling package ieee.std_logic_1164
Compiling package ieee.numeric_std
Compiling package std.env
Compiling package ieee.std_logic_arith
Compiling package ieee.std_logic_unsigned
Compiling architecture behavioral of entity xil_defaultlib.ROM [rom_default]
Compiling architecture behavioral of entity xil_defaultlib.FSM [fsm_default]
Compiling architecture behavioral of entity xil_defaultlib.FIR [fir_default]
Compiling architecture behavioral of entity xil_defaultlib.fir_tb
Built simulation snapshot FIR_tb_behav
INFO: [USF-XSim-69] 'elaborate' step finished in '2' seconds
Vivado Simulator 2018.2
Time resolution is 1 ps
current_wave_config {Untitled 1}
Untitled 1
add_wave {{/FIR_tb/uut/coef1}} {{/FIR_tb/uut/coef2}} {{/FIR_tb/uut/coef1_shift}} {{/FIR_tb/uut/coef2_shift}} 
current_wave_config {Untitled 1}
Untitled 1
add_wave {{/FIR_tb/uut/addr1}} {{/FIR_tb/uut/addr2}} 
current_wave_config {Untitled 1}
Untitled 1
add_wave {{/FIR_tb/uut/acc1}} {{/FIR_tb/uut/acc2}} {{/FIR_tb/uut/acc1_prev}} {{/FIR_tb/uut/acc2_prev}} 
current_wave_config {Untitled 1}
Untitled 1
add_wave {{/FIR_tb/uut/bit_idx}} 
restart
INFO: [Simtcl 6-17] Simulation restarted
run 10 us
relaunch_sim
INFO: [Vivado 12-5682] Launching behavioral simulation in 'C:/Users/Public/Documents/PVSDRA/Lab_3/Lab_3.sim/sim_1/behav/xsim'
INFO: [SIM-utils-51] Simulation object is 'sim_1'
INFO: [SIM-utils-54] Inspecting design source files for 'FIR_tb' in fileset 'sim_1'...
INFO: [USF-XSim-97] Finding global include files...
INFO: [USF-XSim-98] Fetching design files from 'sim_1'...
INFO: [USF-XSim-2] XSim::Compile design
INFO: [USF-XSim-61] Executing 'COMPILE and ANALYZE' step in 'C:/Users/Public/Documents/PVSDRA/Lab_3/Lab_3.sim/sim_1/behav/xsim'
"xvhdl --incr --relax -prj FIR_tb_vhdl.prj"
INFO: [VRFC 10-163] Analyzing VHDL file "C:/Users/Public/Documents/PVSDRA/Lab_3/Lab_3.srcs/sources_1/new/FIR.vhd" into library xil_defaultlib
INFO: [VRFC 10-307] analyzing entity FIR
INFO: [VRFC 10-163] Analyzing VHDL file "C:/Users/Public/Documents/PVSDRA/Lab_3/Lab_3.srcs/sim_1/new/FIR_tb.vhd" into library xil_defaultlib
INFO: [VRFC 10-307] analyzing entity FIR_tb
INFO: [USF-XSim-69] 'compile' step finished in '1' seconds
INFO: [Vivado 12-5682] Launching behavioral simulation in 'C:/Users/Public/Documents/PVSDRA/Lab_3/Lab_3.sim/sim_1/behav/xsim'
INFO: [USF-XSim-3] XSim::Elaborate design
INFO: [USF-XSim-61] Executing 'ELABORATE' step in 'C:/Users/Public/Documents/PVSDRA/Lab_3/Lab_3.sim/sim_1/behav/xsim'
Vivado Simulator 2018.2
Copyright 1986-1999, 2001-2018 Xilinx, Inc. All Rights Reserved.
Running: D:/Xilinx/Vivado/2018.2/bin/unwrapped/win64.o/xelab.exe -wto ba93bc7316ac4ceb80ae35f65eb8577a --incr --debug typical --relax --mt 2 -L xil_defaultlib -L secureip --snapshot FIR_tb_behav xil_defaultlib.FIR_tb -log elaborate.log 
Using 2 slave threads.
Starting static elaboration
Completed static elaboration
Starting simulation data flow analysis
Completed simulation data flow analysis
Time Resolution for simulation is 1ps
Compiling package std.standard
Compiling package std.textio
Compiling package ieee.std_logic_1164
Compiling package ieee.numeric_std
Compiling package std.env
Compiling package ieee.std_logic_arith
Compiling package ieee.std_logic_unsigned
Compiling architecture behavioral of entity xil_defaultlib.ROM [rom_default]
Compiling architecture behavioral of entity xil_defaultlib.FSM [fsm_default]
Compiling architecture behavioral of entity xil_defaultlib.FIR [fir_default]
Compiling architecture behavioral of entity xil_defaultlib.fir_tb
Built simulation snapshot FIR_tb_behav
INFO: [USF-XSim-69] 'elaborate' step finished in '2' seconds
Vivado Simulator 2018.2
Time resolution is 1 ps
relaunch_sim
INFO: [Vivado 12-5682] Launching behavioral simulation in 'C:/Users/Public/Documents/PVSDRA/Lab_3/Lab_3.sim/sim_1/behav/xsim'
INFO: [SIM-utils-51] Simulation object is 'sim_1'
INFO: [SIM-utils-54] Inspecting design source files for 'FIR_tb' in fileset 'sim_1'...
INFO: [USF-XSim-97] Finding global include files...
INFO: [USF-XSim-98] Fetching design files from 'sim_1'...
INFO: [USF-XSim-2] XSim::Compile design
INFO: [USF-XSim-61] Executing 'COMPILE and ANALYZE' step in 'C:/Users/Public/Documents/PVSDRA/Lab_3/Lab_3.sim/sim_1/behav/xsim'
"xvhdl --incr --relax -prj FIR_tb_vhdl.prj"
INFO: [VRFC 10-163] Analyzing VHDL file "C:/Users/Public/Documents/PVSDRA/Lab_3/Lab_3.srcs/sources_1/new/FIR.vhd" into library xil_defaultlib
INFO: [VRFC 10-307] analyzing entity FIR
INFO: [VRFC 10-163] Analyzing VHDL file "C:/Users/Public/Documents/PVSDRA/Lab_3/Lab_3.srcs/sim_1/new/FIR_tb.vhd" into library xil_defaultlib
INFO: [VRFC 10-307] analyzing entity FIR_tb
INFO: [USF-XSim-69] 'compile' step finished in '1' seconds
INFO: [Vivado 12-5682] Launching behavioral simulation in 'C:/Users/Public/Documents/PVSDRA/Lab_3/Lab_3.sim/sim_1/behav/xsim'
INFO: [USF-XSim-3] XSim::Elaborate design
INFO: [USF-XSim-61] Executing 'ELABORATE' step in 'C:/Users/Public/Documents/PVSDRA/Lab_3/Lab_3.sim/sim_1/behav/xsim'
Vivado Simulator 2018.2
Copyright 1986-1999, 2001-2018 Xilinx, Inc. All Rights Reserved.
Running: D:/Xilinx/Vivado/2018.2/bin/unwrapped/win64.o/xelab.exe -wto ba93bc7316ac4ceb80ae35f65eb8577a --incr --debug typical --relax --mt 2 -L xil_defaultlib -L secureip --snapshot FIR_tb_behav xil_defaultlib.FIR_tb -log elaborate.log 
Using 2 slave threads.
Starting static elaboration
Completed static elaboration
Starting simulation data flow analysis
Completed simulation data flow analysis
Time Resolution for simulation is 1ps
Compiling package std.standard
Compiling package std.textio
Compiling package ieee.std_logic_1164
Compiling package ieee.numeric_std
Compiling package std.env
Compiling package ieee.std_logic_arith
Compiling package ieee.std_logic_unsigned
Compiling architecture behavioral of entity xil_defaultlib.ROM [rom_default]
Compiling architecture behavioral of entity xil_defaultlib.FSM [fsm_default]
Compiling architecture behavioral of entity xil_defaultlib.FIR [fir_default]
Compiling architecture behavioral of entity xil_defaultlib.fir_tb
Built simulation snapshot FIR_tb_behav
INFO: [USF-XSim-69] 'elaborate' step finished in '2' seconds
Vivado Simulator 2018.2
Time resolution is 1 ps
current_wave_config {Untitled 1}
Untitled 1
add_wave {{/FIR_tb/uut/x}} 
relaunch_sim
INFO: [Vivado 12-5682] Launching behavioral simulation in 'C:/Users/Public/Documents/PVSDRA/Lab_3/Lab_3.sim/sim_1/behav/xsim'
INFO: [SIM-utils-51] Simulation object is 'sim_1'
INFO: [SIM-utils-54] Inspecting design source files for 'FIR_tb' in fileset 'sim_1'...
INFO: [USF-XSim-97] Finding global include files...
INFO: [USF-XSim-98] Fetching design files from 'sim_1'...
INFO: [USF-XSim-2] XSim::Compile design
INFO: [USF-XSim-61] Executing 'COMPILE and ANALYZE' step in 'C:/Users/Public/Documents/PVSDRA/Lab_3/Lab_3.sim/sim_1/behav/xsim'
"xvhdl --incr --relax -prj FIR_tb_vhdl.prj"
INFO: [VRFC 10-163] Analyzing VHDL file "C:/Users/Public/Documents/PVSDRA/Lab_3/Lab_3.srcs/sources_1/new/FIR.vhd" into library xil_defaultlib
INFO: [VRFC 10-307] analyzing entity FIR
INFO: [VRFC 10-163] Analyzing VHDL file "C:/Users/Public/Documents/PVSDRA/Lab_3/Lab_3.srcs/sim_1/new/FIR_tb.vhd" into library xil_defaultlib
INFO: [VRFC 10-307] analyzing entity FIR_tb
INFO: [USF-XSim-69] 'compile' step finished in '1' seconds
INFO: [Vivado 12-5682] Launching behavioral simulation in 'C:/Users/Public/Documents/PVSDRA/Lab_3/Lab_3.sim/sim_1/behav/xsim'
INFO: [USF-XSim-3] XSim::Elaborate design
INFO: [USF-XSim-61] Executing 'ELABORATE' step in 'C:/Users/Public/Documents/PVSDRA/Lab_3/Lab_3.sim/sim_1/behav/xsim'
Vivado Simulator 2018.2
Copyright 1986-1999, 2001-2018 Xilinx, Inc. All Rights Reserved.
Running: D:/Xilinx/Vivado/2018.2/bin/unwrapped/win64.o/xelab.exe -wto ba93bc7316ac4ceb80ae35f65eb8577a --incr --debug typical --relax --mt 2 -L xil_defaultlib -L secureip --snapshot FIR_tb_behav xil_defaultlib.FIR_tb -log elaborate.log 
Using 2 slave threads.
Starting static elaboration
Completed static elaboration
Starting simulation data flow analysis
Completed simulation data flow analysis
Time Resolution for simulation is 1ps
Compiling package std.standard
Compiling package std.textio
Compiling package ieee.std_logic_1164
Compiling package ieee.numeric_std
Compiling package std.env
Compiling package ieee.std_logic_arith
Compiling package ieee.std_logic_unsigned
Compiling architecture behavioral of entity xil_defaultlib.ROM [rom_default]
Compiling architecture behavioral of entity xil_defaultlib.FSM [fsm_default]
Compiling architecture behavioral of entity xil_defaultlib.FIR [fir_default]
Compiling architecture behavioral of entity xil_defaultlib.fir_tb
Built simulation snapshot FIR_tb_behav
INFO: [USF-XSim-69] 'elaborate' step finished in '2' seconds
Vivado Simulator 2018.2
Time resolution is 1 ps
current_wave_config {Untitled 1}
Untitled 1
add_wave {{/FIR_tb/uut/reg}} 
restart
INFO: [Simtcl 6-17] Simulation restarted
run 10 us
relaunch_sim
INFO: [Vivado 12-5682] Launching behavioral simulation in 'C:/Users/Public/Documents/PVSDRA/Lab_3/Lab_3.sim/sim_1/behav/xsim'
INFO: [SIM-utils-51] Simulation object is 'sim_1'
INFO: [SIM-utils-54] Inspecting design source files for 'FIR_tb' in fileset 'sim_1'...
INFO: [USF-XSim-97] Finding global include files...
INFO: [USF-XSim-98] Fetching design files from 'sim_1'...
INFO: [USF-XSim-2] XSim::Compile design
INFO: [USF-XSim-61] Executing 'COMPILE and ANALYZE' step in 'C:/Users/Public/Documents/PVSDRA/Lab_3/Lab_3.sim/sim_1/behav/xsim'
"xvhdl --incr --relax -prj FIR_tb_vhdl.prj"
INFO: [VRFC 10-163] Analyzing VHDL file "C:/Users/Public/Documents/PVSDRA/Lab_3/Lab_3.srcs/sources_1/new/FIR.vhd" into library xil_defaultlib
INFO: [VRFC 10-307] analyzing entity FIR
INFO: [VRFC 10-163] Analyzing VHDL file "C:/Users/Public/Documents/PVSDRA/Lab_3/Lab_3.srcs/sim_1/new/FIR_tb.vhd" into library xil_defaultlib
INFO: [VRFC 10-307] analyzing entity FIR_tb
INFO: [USF-XSim-69] 'compile' step finished in '1' seconds
INFO: [Vivado 12-5682] Launching behavioral simulation in 'C:/Users/Public/Documents/PVSDRA/Lab_3/Lab_3.sim/sim_1/behav/xsim'
INFO: [USF-XSim-3] XSim::Elaborate design
INFO: [USF-XSim-61] Executing 'ELABORATE' step in 'C:/Users/Public/Documents/PVSDRA/Lab_3/Lab_3.sim/sim_1/behav/xsim'
Vivado Simulator 2018.2
Copyright 1986-1999, 2001-2018 Xilinx, Inc. All Rights Reserved.
Running: D:/Xilinx/Vivado/2018.2/bin/unwrapped/win64.o/xelab.exe -wto ba93bc7316ac4ceb80ae35f65eb8577a --incr --debug typical --relax --mt 2 -L xil_defaultlib -L secureip --snapshot FIR_tb_behav xil_defaultlib.FIR_tb -log elaborate.log 
Using 2 slave threads.
Starting static elaboration
Completed static elaboration
Starting simulation data flow analysis
Completed simulation data flow analysis
Time Resolution for simulation is 1ps
Compiling package std.standard
Compiling package std.textio
Compiling package ieee.std_logic_1164
Compiling package ieee.numeric_std
Compiling package std.env
Compiling package ieee.std_logic_arith
Compiling package ieee.std_logic_unsigned
Compiling architecture behavioral of entity xil_defaultlib.ROM [rom_default]
Compiling architecture behavioral of entity xil_defaultlib.FSM [fsm_default]
Compiling architecture behavioral of entity xil_defaultlib.FIR [fir_default]
Compiling architecture behavioral of entity xil_defaultlib.fir_tb
Built simulation snapshot FIR_tb_behav
INFO: [USF-XSim-69] 'elaborate' step finished in '2' seconds
Vivado Simulator 2018.2
Time resolution is 1 ps
relaunch_sim
INFO: [Vivado 12-5682] Launching behavioral simulation in 'C:/Users/Public/Documents/PVSDRA/Lab_3/Lab_3.sim/sim_1/behav/xsim'
INFO: [SIM-utils-51] Simulation object is 'sim_1'
INFO: [SIM-utils-54] Inspecting design source files for 'FIR_tb' in fileset 'sim_1'...
INFO: [USF-XSim-97] Finding global include files...
INFO: [USF-XSim-98] Fetching design files from 'sim_1'...
INFO: [USF-XSim-2] XSim::Compile design
INFO: [USF-XSim-61] Executing 'COMPILE and ANALYZE' step in 'C:/Users/Public/Documents/PVSDRA/Lab_3/Lab_3.sim/sim_1/behav/xsim'
"xvhdl --incr --relax -prj FIR_tb_vhdl.prj"
INFO: [VRFC 10-163] Analyzing VHDL file "C:/Users/Public/Documents/PVSDRA/Lab_3/Lab_3.srcs/sources_1/new/FIR.vhd" into library xil_defaultlib
INFO: [VRFC 10-307] analyzing entity FIR
INFO: [VRFC 10-163] Analyzing VHDL file "C:/Users/Public/Documents/PVSDRA/Lab_3/Lab_3.srcs/sim_1/new/FIR_tb.vhd" into library xil_defaultlib
INFO: [VRFC 10-307] analyzing entity FIR_tb
INFO: [USF-XSim-69] 'compile' step finished in '1' seconds
INFO: [Vivado 12-5682] Launching behavioral simulation in 'C:/Users/Public/Documents/PVSDRA/Lab_3/Lab_3.sim/sim_1/behav/xsim'
INFO: [USF-XSim-3] XSim::Elaborate design
INFO: [USF-XSim-61] Executing 'ELABORATE' step in 'C:/Users/Public/Documents/PVSDRA/Lab_3/Lab_3.sim/sim_1/behav/xsim'
Vivado Simulator 2018.2
Copyright 1986-1999, 2001-2018 Xilinx, Inc. All Rights Reserved.
Running: D:/Xilinx/Vivado/2018.2/bin/unwrapped/win64.o/xelab.exe -wto ba93bc7316ac4ceb80ae35f65eb8577a --incr --debug typical --relax --mt 2 -L xil_defaultlib -L secureip --snapshot FIR_tb_behav xil_defaultlib.FIR_tb -log elaborate.log 
Using 2 slave threads.
Starting static elaboration
Completed static elaboration
Starting simulation data flow analysis
Completed simulation data flow analysis
Time Resolution for simulation is 1ps
Compiling package std.standard
Compiling package std.textio
Compiling package ieee.std_logic_1164
Compiling package ieee.numeric_std
Compiling package std.env
Compiling package ieee.std_logic_arith
Compiling package ieee.std_logic_unsigned
Compiling architecture behavioral of entity xil_defaultlib.ROM [rom_default]
Compiling architecture behavioral of entity xil_defaultlib.FSM [fsm_default]
Compiling architecture behavioral of entity xil_defaultlib.FIR [fir_default]
Compiling architecture behavioral of entity xil_defaultlib.fir_tb
Built simulation snapshot FIR_tb_behav
INFO: [USF-XSim-69] 'elaborate' step finished in '2' seconds
Vivado Simulator 2018.2
Time resolution is 1 ps
relaunch_sim
INFO: [Vivado 12-5682] Launching behavioral simulation in 'C:/Users/Public/Documents/PVSDRA/Lab_3/Lab_3.sim/sim_1/behav/xsim'
INFO: [SIM-utils-51] Simulation object is 'sim_1'
INFO: [SIM-utils-54] Inspecting design source files for 'FIR_tb' in fileset 'sim_1'...
INFO: [USF-XSim-97] Finding global include files...
INFO: [USF-XSim-98] Fetching design files from 'sim_1'...
INFO: [USF-XSim-2] XSim::Compile design
INFO: [USF-XSim-61] Executing 'COMPILE and ANALYZE' step in 'C:/Users/Public/Documents/PVSDRA/Lab_3/Lab_3.sim/sim_1/behav/xsim'
"xvhdl --incr --relax -prj FIR_tb_vhdl.prj"
INFO: [VRFC 10-163] Analyzing VHDL file "C:/Users/Public/Documents/PVSDRA/Lab_3/Lab_3.srcs/sources_1/new/FIR.vhd" into library xil_defaultlib
INFO: [VRFC 10-307] analyzing entity FIR
INFO: [VRFC 10-163] Analyzing VHDL file "C:/Users/Public/Documents/PVSDRA/Lab_3/Lab_3.srcs/sim_1/new/FIR_tb.vhd" into library xil_defaultlib
INFO: [VRFC 10-307] analyzing entity FIR_tb
INFO: [USF-XSim-69] 'compile' step finished in '1' seconds
INFO: [Vivado 12-5682] Launching behavioral simulation in 'C:/Users/Public/Documents/PVSDRA/Lab_3/Lab_3.sim/sim_1/behav/xsim'
INFO: [USF-XSim-3] XSim::Elaborate design
INFO: [USF-XSim-61] Executing 'ELABORATE' step in 'C:/Users/Public/Documents/PVSDRA/Lab_3/Lab_3.sim/sim_1/behav/xsim'
Vivado Simulator 2018.2
Copyright 1986-1999, 2001-2018 Xilinx, Inc. All Rights Reserved.
Running: D:/Xilinx/Vivado/2018.2/bin/unwrapped/win64.o/xelab.exe -wto ba93bc7316ac4ceb80ae35f65eb8577a --incr --debug typical --relax --mt 2 -L xil_defaultlib -L secureip --snapshot FIR_tb_behav xil_defaultlib.FIR_tb -log elaborate.log 
Using 2 slave threads.
Starting static elaboration
Completed static elaboration
Starting simulation data flow analysis
Completed simulation data flow analysis
Time Resolution for simulation is 1ps
Compiling package std.standard
Compiling package std.textio
Compiling package ieee.std_logic_1164
Compiling package ieee.numeric_std
Compiling package std.env
Compiling package ieee.std_logic_arith
Compiling package ieee.std_logic_unsigned
Compiling architecture behavioral of entity xil_defaultlib.ROM [rom_default]
Compiling architecture behavioral of entity xil_defaultlib.FSM [fsm_default]
Compiling architecture behavioral of entity xil_defaultlib.FIR [fir_default]
Compiling architecture behavioral of entity xil_defaultlib.fir_tb
Built simulation snapshot FIR_tb_behav
INFO: [USF-XSim-69] 'elaborate' step finished in '1' seconds
Vivado Simulator 2018.2
Time resolution is 1 ps
relaunch_sim
INFO: [Vivado 12-5682] Launching behavioral simulation in 'C:/Users/Public/Documents/PVSDRA/Lab_3/Lab_3.sim/sim_1/behav/xsim'
INFO: [SIM-utils-51] Simulation object is 'sim_1'
INFO: [SIM-utils-54] Inspecting design source files for 'FIR_tb' in fileset 'sim_1'...
INFO: [USF-XSim-97] Finding global include files...
INFO: [USF-XSim-98] Fetching design files from 'sim_1'...
INFO: [USF-XSim-2] XSim::Compile design
INFO: [USF-XSim-61] Executing 'COMPILE and ANALYZE' step in 'C:/Users/Public/Documents/PVSDRA/Lab_3/Lab_3.sim/sim_1/behav/xsim'
"xvhdl --incr --relax -prj FIR_tb_vhdl.prj"
INFO: [VRFC 10-163] Analyzing VHDL file "C:/Users/Public/Documents/PVSDRA/Lab_3/Lab_3.srcs/sources_1/new/FIR.vhd" into library xil_defaultlib
INFO: [VRFC 10-307] analyzing entity FIR
INFO: [VRFC 10-163] Analyzing VHDL file "C:/Users/Public/Documents/PVSDRA/Lab_3/Lab_3.srcs/sim_1/new/FIR_tb.vhd" into library xil_defaultlib
INFO: [VRFC 10-307] analyzing entity FIR_tb
INFO: [USF-XSim-69] 'compile' step finished in '1' seconds
INFO: [Vivado 12-5682] Launching behavioral simulation in 'C:/Users/Public/Documents/PVSDRA/Lab_3/Lab_3.sim/sim_1/behav/xsim'
INFO: [USF-XSim-3] XSim::Elaborate design
INFO: [USF-XSim-61] Executing 'ELABORATE' step in 'C:/Users/Public/Documents/PVSDRA/Lab_3/Lab_3.sim/sim_1/behav/xsim'
Vivado Simulator 2018.2
Copyright 1986-1999, 2001-2018 Xilinx, Inc. All Rights Reserved.
Running: D:/Xilinx/Vivado/2018.2/bin/unwrapped/win64.o/xelab.exe -wto ba93bc7316ac4ceb80ae35f65eb8577a --incr --debug typical --relax --mt 2 -L xil_defaultlib -L secureip --snapshot FIR_tb_behav xil_defaultlib.FIR_tb -log elaborate.log 
Using 2 slave threads.
Starting static elaboration
Completed static elaboration
Starting simulation data flow analysis
Completed simulation data flow analysis
Time Resolution for simulation is 1ps
Compiling package std.standard
Compiling package std.textio
Compiling package ieee.std_logic_1164
Compiling package ieee.numeric_std
Compiling package std.env
Compiling package ieee.std_logic_arith
Compiling package ieee.std_logic_signed
Compiling architecture behavioral of entity xil_defaultlib.ROM [rom_default]
Compiling architecture behavioral of entity xil_defaultlib.FSM [fsm_default]
Compiling architecture behavioral of entity xil_defaultlib.FIR [fir_default]
Compiling architecture behavioral of entity xil_defaultlib.fir_tb
Built simulation snapshot FIR_tb_behav
INFO: [USF-XSim-69] 'elaborate' step finished in '1' seconds
Vivado Simulator 2018.2
Time resolution is 1 ps
relaunch_sim: Time (s): cpu = 00:00:01 ; elapsed = 00:00:07 . Memory (MB): peak = 986.441 ; gain = 0.000
relaunch_sim
INFO: [Vivado 12-5682] Launching behavioral simulation in 'C:/Users/Public/Documents/PVSDRA/Lab_3/Lab_3.sim/sim_1/behav/xsim'
INFO: [SIM-utils-51] Simulation object is 'sim_1'
INFO: [SIM-utils-54] Inspecting design source files for 'FIR_tb' in fileset 'sim_1'...
INFO: [USF-XSim-97] Finding global include files...
INFO: [USF-XSim-98] Fetching design files from 'sim_1'...
INFO: [USF-XSim-2] XSim::Compile design
INFO: [USF-XSim-61] Executing 'COMPILE and ANALYZE' step in 'C:/Users/Public/Documents/PVSDRA/Lab_3/Lab_3.sim/sim_1/behav/xsim'
"xvhdl --incr --relax -prj FIR_tb_vhdl.prj"
INFO: [VRFC 10-163] Analyzing VHDL file "C:/Users/Public/Documents/PVSDRA/Lab_3/Lab_3.srcs/sources_1/new/FIR.vhd" into library xil_defaultlib
INFO: [VRFC 10-307] analyzing entity FIR
INFO: [VRFC 10-163] Analyzing VHDL file "C:/Users/Public/Documents/PVSDRA/Lab_3/Lab_3.srcs/sim_1/new/FIR_tb.vhd" into library xil_defaultlib
INFO: [VRFC 10-307] analyzing entity FIR_tb
INFO: [USF-XSim-69] 'compile' step finished in '1' seconds
INFO: [Vivado 12-5682] Launching behavioral simulation in 'C:/Users/Public/Documents/PVSDRA/Lab_3/Lab_3.sim/sim_1/behav/xsim'
INFO: [USF-XSim-3] XSim::Elaborate design
INFO: [USF-XSim-61] Executing 'ELABORATE' step in 'C:/Users/Public/Documents/PVSDRA/Lab_3/Lab_3.sim/sim_1/behav/xsim'
Vivado Simulator 2018.2
Copyright 1986-1999, 2001-2018 Xilinx, Inc. All Rights Reserved.
Running: D:/Xilinx/Vivado/2018.2/bin/unwrapped/win64.o/xelab.exe -wto ba93bc7316ac4ceb80ae35f65eb8577a --incr --debug typical --relax --mt 2 -L xil_defaultlib -L secureip --snapshot FIR_tb_behav xil_defaultlib.FIR_tb -log elaborate.log 
Using 2 slave threads.
Starting static elaboration
Completed static elaboration
Starting simulation data flow analysis
Completed simulation data flow analysis
Time Resolution for simulation is 1ps
Compiling package std.standard
Compiling package std.textio
Compiling package ieee.std_logic_1164
Compiling package ieee.numeric_std
Compiling package std.env
Compiling package ieee.std_logic_arith
Compiling package ieee.std_logic_unsigned
Compiling architecture behavioral of entity xil_defaultlib.ROM [rom_default]
Compiling architecture behavioral of entity xil_defaultlib.FSM [fsm_default]
Compiling architecture behavioral of entity xil_defaultlib.FIR [fir_default]
Compiling architecture behavioral of entity xil_defaultlib.fir_tb
Built simulation snapshot FIR_tb_behav
INFO: [USF-XSim-69] 'elaborate' step finished in '1' seconds
Vivado Simulator 2018.2
Time resolution is 1 ps
relaunch_sim: Time (s): cpu = 00:00:00 ; elapsed = 00:00:07 . Memory (MB): peak = 986.441 ; gain = 0.000
relaunch_sim
INFO: [Vivado 12-5682] Launching behavioral simulation in 'C:/Users/Public/Documents/PVSDRA/Lab_3/Lab_3.sim/sim_1/behav/xsim'
INFO: [SIM-utils-51] Simulation object is 'sim_1'
INFO: [SIM-utils-54] Inspecting design source files for 'FIR_tb' in fileset 'sim_1'...
INFO: [USF-XSim-97] Finding global include files...
INFO: [USF-XSim-98] Fetching design files from 'sim_1'...
INFO: [USF-XSim-2] XSim::Compile design
INFO: [USF-XSim-61] Executing 'COMPILE and ANALYZE' step in 'C:/Users/Public/Documents/PVSDRA/Lab_3/Lab_3.sim/sim_1/behav/xsim'
"xvhdl --incr --relax -prj FIR_tb_vhdl.prj"
INFO: [VRFC 10-163] Analyzing VHDL file "C:/Users/Public/Documents/PVSDRA/Lab_3/Lab_3.srcs/sources_1/new/FIR.vhd" into library xil_defaultlib
INFO: [VRFC 10-307] analyzing entity FIR
INFO: [VRFC 10-163] Analyzing VHDL file "C:/Users/Public/Documents/PVSDRA/Lab_3/Lab_3.srcs/sim_1/new/FIR_tb.vhd" into library xil_defaultlib
INFO: [VRFC 10-307] analyzing entity FIR_tb
INFO: [USF-XSim-69] 'compile' step finished in '1' seconds
INFO: [Vivado 12-5682] Launching behavioral simulation in 'C:/Users/Public/Documents/PVSDRA/Lab_3/Lab_3.sim/sim_1/behav/xsim'
INFO: [USF-XSim-3] XSim::Elaborate design
INFO: [USF-XSim-61] Executing 'ELABORATE' step in 'C:/Users/Public/Documents/PVSDRA/Lab_3/Lab_3.sim/sim_1/behav/xsim'
Vivado Simulator 2018.2
Copyright 1986-1999, 2001-2018 Xilinx, Inc. All Rights Reserved.
Running: D:/Xilinx/Vivado/2018.2/bin/unwrapped/win64.o/xelab.exe -wto ba93bc7316ac4ceb80ae35f65eb8577a --incr --debug typical --relax --mt 2 -L xil_defaultlib -L secureip --snapshot FIR_tb_behav xil_defaultlib.FIR_tb -log elaborate.log 
Using 2 slave threads.
Starting static elaboration
Completed static elaboration
Starting simulation data flow analysis
Completed simulation data flow analysis
Time Resolution for simulation is 1ps
Compiling package std.standard
Compiling package std.textio
Compiling package ieee.std_logic_1164
Compiling package ieee.numeric_std
Compiling package std.env
Compiling package ieee.std_logic_arith
Compiling package ieee.std_logic_unsigned
Compiling architecture behavioral of entity xil_defaultlib.ROM [rom_default]
Compiling architecture behavioral of entity xil_defaultlib.FSM [fsm_default]
Compiling architecture behavioral of entity xil_defaultlib.FIR [fir_default]
Compiling architecture behavioral of entity xil_defaultlib.fir_tb
Built simulation snapshot FIR_tb_behav
INFO: [USF-XSim-69] 'elaborate' step finished in '1' seconds
Vivado Simulator 2018.2
Time resolution is 1 ps
relaunch_sim
INFO: [Vivado 12-5682] Launching behavioral simulation in 'C:/Users/Public/Documents/PVSDRA/Lab_3/Lab_3.sim/sim_1/behav/xsim'
INFO: [SIM-utils-51] Simulation object is 'sim_1'
INFO: [SIM-utils-54] Inspecting design source files for 'FIR_tb' in fileset 'sim_1'...
INFO: [USF-XSim-97] Finding global include files...
INFO: [USF-XSim-98] Fetching design files from 'sim_1'...
INFO: [USF-XSim-2] XSim::Compile design
INFO: [USF-XSim-61] Executing 'COMPILE and ANALYZE' step in 'C:/Users/Public/Documents/PVSDRA/Lab_3/Lab_3.sim/sim_1/behav/xsim'
"xvhdl --incr --relax -prj FIR_tb_vhdl.prj"
INFO: [VRFC 10-163] Analyzing VHDL file "C:/Users/Public/Documents/PVSDRA/Lab_3/Lab_3.srcs/sources_1/new/FIR.vhd" into library xil_defaultlib
INFO: [VRFC 10-307] analyzing entity FIR
INFO: [VRFC 10-163] Analyzing VHDL file "C:/Users/Public/Documents/PVSDRA/Lab_3/Lab_3.srcs/sim_1/new/FIR_tb.vhd" into library xil_defaultlib
INFO: [VRFC 10-307] analyzing entity FIR_tb
INFO: [USF-XSim-69] 'compile' step finished in '1' seconds
INFO: [Vivado 12-5682] Launching behavioral simulation in 'C:/Users/Public/Documents/PVSDRA/Lab_3/Lab_3.sim/sim_1/behav/xsim'
INFO: [USF-XSim-3] XSim::Elaborate design
INFO: [USF-XSim-61] Executing 'ELABORATE' step in 'C:/Users/Public/Documents/PVSDRA/Lab_3/Lab_3.sim/sim_1/behav/xsim'
Vivado Simulator 2018.2
Copyright 1986-1999, 2001-2018 Xilinx, Inc. All Rights Reserved.
Running: D:/Xilinx/Vivado/2018.2/bin/unwrapped/win64.o/xelab.exe -wto ba93bc7316ac4ceb80ae35f65eb8577a --incr --debug typical --relax --mt 2 -L xil_defaultlib -L secureip --snapshot FIR_tb_behav xil_defaultlib.FIR_tb -log elaborate.log 
Using 2 slave threads.
Starting static elaboration
Completed static elaboration
Starting simulation data flow analysis
Completed simulation data flow analysis
Time Resolution for simulation is 1ps
Compiling package std.standard
Compiling package std.textio
Compiling package ieee.std_logic_1164
Compiling package ieee.numeric_std
Compiling package std.env
Compiling package ieee.std_logic_arith
Compiling package ieee.std_logic_unsigned
Compiling architecture behavioral of entity xil_defaultlib.ROM [rom_default]
Compiling architecture behavioral of entity xil_defaultlib.FSM [fsm_default]
Compiling architecture behavioral of entity xil_defaultlib.FIR [fir_default]
Compiling architecture behavioral of entity xil_defaultlib.fir_tb
Built simulation snapshot FIR_tb_behav
INFO: [USF-XSim-69] 'elaborate' step finished in '1' seconds
Vivado Simulator 2018.2
Time resolution is 1 ps
relaunch_sim
INFO: [Vivado 12-5682] Launching behavioral simulation in 'C:/Users/Public/Documents/PVSDRA/Lab_3/Lab_3.sim/sim_1/behav/xsim'
INFO: [SIM-utils-51] Simulation object is 'sim_1'
INFO: [SIM-utils-54] Inspecting design source files for 'FIR_tb' in fileset 'sim_1'...
INFO: [USF-XSim-97] Finding global include files...
INFO: [USF-XSim-98] Fetching design files from 'sim_1'...
INFO: [USF-XSim-2] XSim::Compile design
INFO: [USF-XSim-61] Executing 'COMPILE and ANALYZE' step in 'C:/Users/Public/Documents/PVSDRA/Lab_3/Lab_3.sim/sim_1/behav/xsim'
"xvhdl --incr --relax -prj FIR_tb_vhdl.prj"
INFO: [VRFC 10-163] Analyzing VHDL file "C:/Users/Public/Documents/PVSDRA/Lab_3/Lab_3.srcs/sources_1/new/FIR.vhd" into library xil_defaultlib
INFO: [VRFC 10-307] analyzing entity FIR
INFO: [VRFC 10-163] Analyzing VHDL file "C:/Users/Public/Documents/PVSDRA/Lab_3/Lab_3.srcs/sim_1/new/FIR_tb.vhd" into library xil_defaultlib
INFO: [VRFC 10-307] analyzing entity FIR_tb
INFO: [USF-XSim-69] 'compile' step finished in '1' seconds
INFO: [Vivado 12-5682] Launching behavioral simulation in 'C:/Users/Public/Documents/PVSDRA/Lab_3/Lab_3.sim/sim_1/behav/xsim'
INFO: [USF-XSim-3] XSim::Elaborate design
INFO: [USF-XSim-61] Executing 'ELABORATE' step in 'C:/Users/Public/Documents/PVSDRA/Lab_3/Lab_3.sim/sim_1/behav/xsim'
Vivado Simulator 2018.2
Copyright 1986-1999, 2001-2018 Xilinx, Inc. All Rights Reserved.
Running: D:/Xilinx/Vivado/2018.2/bin/unwrapped/win64.o/xelab.exe -wto ba93bc7316ac4ceb80ae35f65eb8577a --incr --debug typical --relax --mt 2 -L xil_defaultlib -L secureip --snapshot FIR_tb_behav xil_defaultlib.FIR_tb -log elaborate.log 
Using 2 slave threads.
Starting static elaboration
Completed static elaboration
Starting simulation data flow analysis
Completed simulation data flow analysis
Time Resolution for simulation is 1ps
Compiling package std.standard
Compiling package std.textio
Compiling package ieee.std_logic_1164
Compiling package ieee.numeric_std
Compiling package std.env
Compiling package ieee.std_logic_arith
Compiling package ieee.std_logic_unsigned
Compiling architecture behavioral of entity xil_defaultlib.ROM [rom_default]
Compiling architecture behavioral of entity xil_defaultlib.FSM [fsm_default]
Compiling architecture behavioral of entity xil_defaultlib.FIR [fir_default]
Compiling architecture behavioral of entity xil_defaultlib.fir_tb
Built simulation snapshot FIR_tb_behav
INFO: [USF-XSim-69] 'elaborate' step finished in '1' seconds
Vivado Simulator 2018.2
Time resolution is 1 ps
relaunch_sim: Time (s): cpu = 00:00:00 ; elapsed = 00:00:07 . Memory (MB): peak = 987.680 ; gain = 0.000
relaunch_sim
INFO: [Vivado 12-5682] Launching behavioral simulation in 'C:/Users/Public/Documents/PVSDRA/Lab_3/Lab_3.sim/sim_1/behav/xsim'
INFO: [SIM-utils-51] Simulation object is 'sim_1'
INFO: [SIM-utils-54] Inspecting design source files for 'FIR_tb' in fileset 'sim_1'...
INFO: [USF-XSim-97] Finding global include files...
INFO: [USF-XSim-98] Fetching design files from 'sim_1'...
INFO: [USF-XSim-2] XSim::Compile design
INFO: [USF-XSim-61] Executing 'COMPILE and ANALYZE' step in 'C:/Users/Public/Documents/PVSDRA/Lab_3/Lab_3.sim/sim_1/behav/xsim'
"xvhdl --incr --relax -prj FIR_tb_vhdl.prj"
INFO: [VRFC 10-163] Analyzing VHDL file "C:/Users/Public/Documents/PVSDRA/Lab_3/Lab_3.srcs/sources_1/new/FIR.vhd" into library xil_defaultlib
INFO: [VRFC 10-307] analyzing entity FIR
INFO: [VRFC 10-163] Analyzing VHDL file "C:/Users/Public/Documents/PVSDRA/Lab_3/Lab_3.srcs/sim_1/new/FIR_tb.vhd" into library xil_defaultlib
INFO: [VRFC 10-307] analyzing entity FIR_tb
INFO: [USF-XSim-69] 'compile' step finished in '1' seconds
INFO: [Vivado 12-5682] Launching behavioral simulation in 'C:/Users/Public/Documents/PVSDRA/Lab_3/Lab_3.sim/sim_1/behav/xsim'
INFO: [USF-XSim-3] XSim::Elaborate design
INFO: [USF-XSim-61] Executing 'ELABORATE' step in 'C:/Users/Public/Documents/PVSDRA/Lab_3/Lab_3.sim/sim_1/behav/xsim'
Vivado Simulator 2018.2
Copyright 1986-1999, 2001-2018 Xilinx, Inc. All Rights Reserved.
Running: D:/Xilinx/Vivado/2018.2/bin/unwrapped/win64.o/xelab.exe -wto ba93bc7316ac4ceb80ae35f65eb8577a --incr --debug typical --relax --mt 2 -L xil_defaultlib -L secureip --snapshot FIR_tb_behav xil_defaultlib.FIR_tb -log elaborate.log 
Using 2 slave threads.
Starting static elaboration
Completed static elaboration
Starting simulation data flow analysis
Completed simulation data flow analysis
Time Resolution for simulation is 1ps
Compiling package std.standard
Compiling package std.textio
Compiling package ieee.std_logic_1164
Compiling package ieee.numeric_std
Compiling package std.env
Compiling package ieee.std_logic_arith
Compiling package ieee.std_logic_unsigned
Compiling architecture behavioral of entity xil_defaultlib.ROM [rom_default]
Compiling architecture behavioral of entity xil_defaultlib.FSM [fsm_default]
Compiling architecture behavioral of entity xil_defaultlib.FIR [fir_default]
Compiling architecture behavioral of entity xil_defaultlib.fir_tb
Built simulation snapshot FIR_tb_behav
INFO: [USF-XSim-69] 'elaborate' step finished in '2' seconds
Vivado Simulator 2018.2
Time resolution is 1 ps
relaunch_sim: Time (s): cpu = 00:00:00 ; elapsed = 00:00:07 . Memory (MB): peak = 987.680 ; gain = 0.000
relaunch_sim
INFO: [Vivado 12-5682] Launching behavioral simulation in 'C:/Users/Public/Documents/PVSDRA/Lab_3/Lab_3.sim/sim_1/behav/xsim'
INFO: [SIM-utils-51] Simulation object is 'sim_1'
INFO: [SIM-utils-54] Inspecting design source files for 'FIR_tb' in fileset 'sim_1'...
INFO: [USF-XSim-97] Finding global include files...
INFO: [USF-XSim-98] Fetching design files from 'sim_1'...
INFO: [USF-XSim-2] XSim::Compile design
INFO: [USF-XSim-61] Executing 'COMPILE and ANALYZE' step in 'C:/Users/Public/Documents/PVSDRA/Lab_3/Lab_3.sim/sim_1/behav/xsim'
"xvhdl --incr --relax -prj FIR_tb_vhdl.prj"
INFO: [VRFC 10-163] Analyzing VHDL file "C:/Users/Public/Documents/PVSDRA/Lab_3/Lab_3.srcs/sources_1/new/FIR.vhd" into library xil_defaultlib
INFO: [VRFC 10-307] analyzing entity FIR
INFO: [VRFC 10-163] Analyzing VHDL file "C:/Users/Public/Documents/PVSDRA/Lab_3/Lab_3.srcs/sim_1/new/FIR_tb.vhd" into library xil_defaultlib
INFO: [VRFC 10-307] analyzing entity FIR_tb
INFO: [USF-XSim-69] 'compile' step finished in '1' seconds
INFO: [Vivado 12-5682] Launching behavioral simulation in 'C:/Users/Public/Documents/PVSDRA/Lab_3/Lab_3.sim/sim_1/behav/xsim'
INFO: [USF-XSim-3] XSim::Elaborate design
INFO: [USF-XSim-61] Executing 'ELABORATE' step in 'C:/Users/Public/Documents/PVSDRA/Lab_3/Lab_3.sim/sim_1/behav/xsim'
Vivado Simulator 2018.2
Copyright 1986-1999, 2001-2018 Xilinx, Inc. All Rights Reserved.
Running: D:/Xilinx/Vivado/2018.2/bin/unwrapped/win64.o/xelab.exe -wto ba93bc7316ac4ceb80ae35f65eb8577a --incr --debug typical --relax --mt 2 -L xil_defaultlib -L secureip --snapshot FIR_tb_behav xil_defaultlib.FIR_tb -log elaborate.log 
Using 2 slave threads.
Starting static elaboration
Completed static elaboration
Starting simulation data flow analysis
Completed simulation data flow analysis
Time Resolution for simulation is 1ps
Compiling package std.standard
Compiling package std.textio
Compiling package ieee.std_logic_1164
Compiling package ieee.numeric_std
Compiling package std.env
Compiling package ieee.std_logic_arith
Compiling package ieee.std_logic_unsigned
Compiling architecture behavioral of entity xil_defaultlib.ROM [rom_default]
Compiling architecture behavioral of entity xil_defaultlib.FSM [fsm_default]
Compiling architecture behavioral of entity xil_defaultlib.FIR [fir_default]
Compiling architecture behavioral of entity xil_defaultlib.fir_tb
Built simulation snapshot FIR_tb_behav

****** Webtalk v2018.2 (64-bit)
  **** SW Build 2258646 on Thu Jun 14 20:03:12 MDT 2018
  **** IP Build 2256618 on Thu Jun 14 22:10:49 MDT 2018
    ** Copyright 1986-2018 Xilinx, Inc. All Rights Reserved.

source C:/Users/Public/Documents/PVSDRA/Lab_3/Lab_3.sim/sim_1/behav/xsim/xsim.dir/FIR_tb_behav/webtalk/xsim_webtalk.tcl -notrace
INFO: [Common 17-206] Exiting Webtalk at Sun Nov 23 15:25:36 2025...
INFO: [USF-XSim-69] 'elaborate' step finished in '3' seconds
Vivado Simulator 2018.2
Time resolution is 1 ps
relaunch_sim: Time (s): cpu = 00:00:00 ; elapsed = 00:00:07 . Memory (MB): peak = 990.141 ; gain = 0.000
relaunch_sim
INFO: [Vivado 12-5682] Launching behavioral simulation in 'C:/Users/Public/Documents/PVSDRA/Lab_3/Lab_3.sim/sim_1/behav/xsim'
INFO: [SIM-utils-51] Simulation object is 'sim_1'
INFO: [SIM-utils-54] Inspecting design source files for 'FIR_tb' in fileset 'sim_1'...
INFO: [USF-XSim-97] Finding global include files...
INFO: [USF-XSim-98] Fetching design files from 'sim_1'...
INFO: [USF-XSim-2] XSim::Compile design
INFO: [USF-XSim-61] Executing 'COMPILE and ANALYZE' step in 'C:/Users/Public/Documents/PVSDRA/Lab_3/Lab_3.sim/sim_1/behav/xsim'
"xvhdl --incr --relax -prj FIR_tb_vhdl.prj"
INFO: [VRFC 10-163] Analyzing VHDL file "C:/Users/Public/Documents/PVSDRA/Lab_3/Lab_3.srcs/sources_1/new/FIR.vhd" into library xil_defaultlib
INFO: [VRFC 10-307] analyzing entity FIR
INFO: [VRFC 10-163] Analyzing VHDL file "C:/Users/Public/Documents/PVSDRA/Lab_3/Lab_3.srcs/sim_1/new/FIR_tb.vhd" into library xil_defaultlib
INFO: [VRFC 10-307] analyzing entity FIR_tb
INFO: [USF-XSim-69] 'compile' step finished in '1' seconds
INFO: [Vivado 12-5682] Launching behavioral simulation in 'C:/Users/Public/Documents/PVSDRA/Lab_3/Lab_3.sim/sim_1/behav/xsim'
INFO: [USF-XSim-3] XSim::Elaborate design
INFO: [USF-XSim-61] Executing 'ELABORATE' step in 'C:/Users/Public/Documents/PVSDRA/Lab_3/Lab_3.sim/sim_1/behav/xsim'
Vivado Simulator 2018.2
Copyright 1986-1999, 2001-2018 Xilinx, Inc. All Rights Reserved.
Running: D:/Xilinx/Vivado/2018.2/bin/unwrapped/win64.o/xelab.exe -wto ba93bc7316ac4ceb80ae35f65eb8577a --incr --debug typical --relax --mt 2 -L xil_defaultlib -L secureip --snapshot FIR_tb_behav xil_defaultlib.FIR_tb -log elaborate.log 
Using 2 slave threads.
Starting static elaboration
Completed static elaboration
Starting simulation data flow analysis
Completed simulation data flow analysis
Time Resolution for simulation is 1ps
Compiling package std.standard
Compiling package std.textio
Compiling package ieee.std_logic_1164
Compiling package ieee.numeric_std
Compiling package std.env
Compiling package ieee.std_logic_arith
Compiling package ieee.std_logic_unsigned
Compiling architecture behavioral of entity xil_defaultlib.ROM [rom_default]
Compiling architecture behavioral of entity xil_defaultlib.FSM [fsm_default]
Compiling architecture behavioral of entity xil_defaultlib.FIR [fir_default]
Compiling architecture behavioral of entity xil_defaultlib.fir_tb
Built simulation snapshot FIR_tb_behav
INFO: [USF-XSim-69] 'elaborate' step finished in '1' seconds
Vivado Simulator 2018.2
Time resolution is 1 ps
relaunch_sim: Time (s): cpu = 00:00:00 ; elapsed = 00:00:07 . Memory (MB): peak = 990.141 ; gain = 0.000
relaunch_sim
INFO: [Vivado 12-5682] Launching behavioral simulation in 'C:/Users/Public/Documents/PVSDRA/Lab_3/Lab_3.sim/sim_1/behav/xsim'
INFO: [SIM-utils-51] Simulation object is 'sim_1'
INFO: [SIM-utils-54] Inspecting design source files for 'FIR_tb' in fileset 'sim_1'...
INFO: [USF-XSim-97] Finding global include files...
INFO: [USF-XSim-98] Fetching design files from 'sim_1'...
INFO: [USF-XSim-2] XSim::Compile design
INFO: [USF-XSim-61] Executing 'COMPILE and ANALYZE' step in 'C:/Users/Public/Documents/PVSDRA/Lab_3/Lab_3.sim/sim_1/behav/xsim'
"xvhdl --incr --relax -prj FIR_tb_vhdl.prj"
INFO: [VRFC 10-163] Analyzing VHDL file "C:/Users/Public/Documents/PVSDRA/Lab_3/Lab_3.srcs/sources_1/new/FIR.vhd" into library xil_defaultlib
INFO: [VRFC 10-307] analyzing entity FIR
INFO: [VRFC 10-163] Analyzing VHDL file "C:/Users/Public/Documents/PVSDRA/Lab_3/Lab_3.srcs/sim_1/new/FIR_tb.vhd" into library xil_defaultlib
INFO: [VRFC 10-307] analyzing entity FIR_tb
INFO: [USF-XSim-69] 'compile' step finished in '1' seconds
INFO: [Vivado 12-5682] Launching behavioral simulation in 'C:/Users/Public/Documents/PVSDRA/Lab_3/Lab_3.sim/sim_1/behav/xsim'
INFO: [USF-XSim-3] XSim::Elaborate design
INFO: [USF-XSim-61] Executing 'ELABORATE' step in 'C:/Users/Public/Documents/PVSDRA/Lab_3/Lab_3.sim/sim_1/behav/xsim'
Vivado Simulator 2018.2
Copyright 1986-1999, 2001-2018 Xilinx, Inc. All Rights Reserved.
Running: D:/Xilinx/Vivado/2018.2/bin/unwrapped/win64.o/xelab.exe -wto ba93bc7316ac4ceb80ae35f65eb8577a --incr --debug typical --relax --mt 2 -L xil_defaultlib -L secureip --snapshot FIR_tb_behav xil_defaultlib.FIR_tb -log elaborate.log 
Using 2 slave threads.
Starting static elaboration
Completed static elaboration
Starting simulation data flow analysis
Completed simulation data flow analysis
Time Resolution for simulation is 1ps
Compiling package std.standard
Compiling package std.textio
Compiling package ieee.std_logic_1164
Compiling package ieee.numeric_std
Compiling package std.env
Compiling package ieee.std_logic_arith
Compiling package ieee.std_logic_unsigned
Compiling architecture behavioral of entity xil_defaultlib.ROM [rom_default]
Compiling architecture behavioral of entity xil_defaultlib.FSM [fsm_default]
Compiling architecture behavioral of entity xil_defaultlib.FIR [fir_default]
Compiling architecture behavioral of entity xil_defaultlib.fir_tb
Built simulation snapshot FIR_tb_behav
INFO: [USF-XSim-69] 'elaborate' step finished in '2' seconds
Vivado Simulator 2018.2
Time resolution is 1 ps
relaunch_sim: Time (s): cpu = 00:00:00 ; elapsed = 00:00:07 . Memory (MB): peak = 995.641 ; gain = 0.402
relaunch_sim
INFO: [Vivado 12-5682] Launching behavioral simulation in 'C:/Users/Public/Documents/PVSDRA/Lab_3/Lab_3.sim/sim_1/behav/xsim'
INFO: [SIM-utils-51] Simulation object is 'sim_1'
INFO: [SIM-utils-54] Inspecting design source files for 'FIR_tb' in fileset 'sim_1'...
INFO: [USF-XSim-97] Finding global include files...
INFO: [USF-XSim-98] Fetching design files from 'sim_1'...
INFO: [USF-XSim-2] XSim::Compile design
INFO: [USF-XSim-61] Executing 'COMPILE and ANALYZE' step in 'C:/Users/Public/Documents/PVSDRA/Lab_3/Lab_3.sim/sim_1/behav/xsim'
"xvhdl --incr --relax -prj FIR_tb_vhdl.prj"
INFO: [VRFC 10-163] Analyzing VHDL file "C:/Users/Public/Documents/PVSDRA/Lab_3/Lab_3.srcs/sources_1/new/FIR.vhd" into library xil_defaultlib
INFO: [VRFC 10-307] analyzing entity FIR
INFO: [VRFC 10-163] Analyzing VHDL file "C:/Users/Public/Documents/PVSDRA/Lab_3/Lab_3.srcs/sim_1/new/FIR_tb.vhd" into library xil_defaultlib
INFO: [VRFC 10-307] analyzing entity FIR_tb
INFO: [USF-XSim-69] 'compile' step finished in '1' seconds
INFO: [Vivado 12-5682] Launching behavioral simulation in 'C:/Users/Public/Documents/PVSDRA/Lab_3/Lab_3.sim/sim_1/behav/xsim'
INFO: [USF-XSim-3] XSim::Elaborate design
INFO: [USF-XSim-61] Executing 'ELABORATE' step in 'C:/Users/Public/Documents/PVSDRA/Lab_3/Lab_3.sim/sim_1/behav/xsim'
Vivado Simulator 2018.2
Copyright 1986-1999, 2001-2018 Xilinx, Inc. All Rights Reserved.
Running: D:/Xilinx/Vivado/2018.2/bin/unwrapped/win64.o/xelab.exe -wto ba93bc7316ac4ceb80ae35f65eb8577a --incr --debug typical --relax --mt 2 -L xil_defaultlib -L secureip --snapshot FIR_tb_behav xil_defaultlib.FIR_tb -log elaborate.log 
Using 2 slave threads.
Starting static elaboration
Completed static elaboration
Starting simulation data flow analysis
Completed simulation data flow analysis
Time Resolution for simulation is 1ps
Compiling package std.standard
Compiling package std.textio
Compiling package ieee.std_logic_1164
Compiling package ieee.numeric_std
Compiling package std.env
Compiling package ieee.std_logic_arith
Compiling package ieee.std_logic_unsigned
Compiling architecture behavioral of entity xil_defaultlib.ROM [rom_default]
Compiling architecture behavioral of entity xil_defaultlib.FSM [fsm_default]
Compiling architecture behavioral of entity xil_defaultlib.FIR [fir_default]
Compiling architecture behavioral of entity xil_defaultlib.fir_tb
Built simulation snapshot FIR_tb_behav
INFO: [USF-XSim-69] 'elaborate' step finished in '1' seconds
Vivado Simulator 2018.2
Time resolution is 1 ps
relaunch_sim: Time (s): cpu = 00:00:00 ; elapsed = 00:00:07 . Memory (MB): peak = 996.414 ; gain = 0.277
update_compile_order -fileset sources_1
relaunch_sim
INFO: [Vivado 12-5682] Launching behavioral simulation in 'C:/Users/Public/Documents/PVSDRA/Lab_3/Lab_3.sim/sim_1/behav/xsim'
INFO: [SIM-utils-51] Simulation object is 'sim_1'
INFO: [SIM-utils-54] Inspecting design source files for 'FIR_tb' in fileset 'sim_1'...
INFO: [USF-XSim-97] Finding global include files...
INFO: [USF-XSim-98] Fetching design files from 'sim_1'...
INFO: [USF-XSim-2] XSim::Compile design
INFO: [USF-XSim-61] Executing 'COMPILE and ANALYZE' step in 'C:/Users/Public/Documents/PVSDRA/Lab_3/Lab_3.sim/sim_1/behav/xsim'
"xvhdl --incr --relax -prj FIR_tb_vhdl.prj"
INFO: [VRFC 10-163] Analyzing VHDL file "C:/Users/Public/Documents/PVSDRA/Lab_3/Lab_3.srcs/sources_1/new/FIR.vhd" into library xil_defaultlib
INFO: [VRFC 10-307] analyzing entity FIR
ERROR: [VRFC 10-1412] syntax error near process [C:/Users/Public/Documents/PVSDRA/Lab_3/Lab_3.srcs/sources_1/new/FIR.vhd:153]
ERROR: [VRFC 10-1412] syntax error near generate [C:/Users/Public/Documents/PVSDRA/Lab_3/Lab_3.srcs/sources_1/new/FIR.vhd:155]
ERROR: [VRFC 10-91] i is not declared [C:/Users/Public/Documents/PVSDRA/Lab_3/Lab_3.srcs/sources_1/new/FIR.vhd:159]
ERROR: [VRFC 10-91] i is not declared [C:/Users/Public/Documents/PVSDRA/Lab_3/Lab_3.srcs/sources_1/new/FIR.vhd:160]
ERROR: [VRFC 10-1412] syntax error near generate [C:/Users/Public/Documents/PVSDRA/Lab_3/Lab_3.srcs/sources_1/new/FIR.vhd:161]
INFO: [VRFC 10-240] VHDL file C:/Users/Public/Documents/PVSDRA/Lab_3/Lab_3.srcs/sources_1/new/FIR.vhd ignored due to errors
INFO: [USF-XSim-69] 'compile' step finished in '1' seconds
INFO: [USF-XSim-99] Step results log file:'C:/Users/Public/Documents/PVSDRA/Lab_3/Lab_3.sim/sim_1/behav/xsim/xvhdl.log'
ERROR: [USF-XSim-62] 'compile' step failed with error(s). Please check the Tcl console output or 'C:/Users/Public/Documents/PVSDRA/Lab_3/Lab_3.sim/sim_1/behav/xsim/xvhdl.log' file for more information.
ERROR: [Vivado 12-4473] Detected error while running simulation. Please correct the issue and retry this operation.
ERROR: [Common 17-39] 'launch_simulation' failed due to earlier errors.
ERROR: [Common 17-69] Command failed: ERROR: [Common 17-39] 'launch_simulation' failed due to earlier errors.

update_compile_order -fileset sources_1
relaunch_sim
INFO: [Vivado 12-5682] Launching behavioral simulation in 'C:/Users/Public/Documents/PVSDRA/Lab_3/Lab_3.sim/sim_1/behav/xsim'
INFO: [SIM-utils-51] Simulation object is 'sim_1'
INFO: [SIM-utils-54] Inspecting design source files for 'FIR_tb' in fileset 'sim_1'...
INFO: [USF-XSim-97] Finding global include files...
INFO: [USF-XSim-98] Fetching design files from 'sim_1'...
INFO: [USF-XSim-2] XSim::Compile design
INFO: [USF-XSim-61] Executing 'COMPILE and ANALYZE' step in 'C:/Users/Public/Documents/PVSDRA/Lab_3/Lab_3.sim/sim_1/behav/xsim'
"xvhdl --incr --relax -prj FIR_tb_vhdl.prj"
INFO: [VRFC 10-163] Analyzing VHDL file "C:/Users/Public/Documents/PVSDRA/Lab_3/Lab_3.srcs/sources_1/new/FIR.vhd" into library xil_defaultlib
INFO: [VRFC 10-307] analyzing entity FIR
INFO: [VRFC 10-163] Analyzing VHDL file "C:/Users/Public/Documents/PVSDRA/Lab_3/Lab_3.srcs/sim_1/new/FIR_tb.vhd" into library xil_defaultlib
INFO: [VRFC 10-307] analyzing entity FIR_tb
INFO: [USF-XSim-69] 'compile' step finished in '1' seconds
INFO: [Vivado 12-5682] Launching behavioral simulation in 'C:/Users/Public/Documents/PVSDRA/Lab_3/Lab_3.sim/sim_1/behav/xsim'
INFO: [USF-XSim-3] XSim::Elaborate design
INFO: [USF-XSim-61] Executing 'ELABORATE' step in 'C:/Users/Public/Documents/PVSDRA/Lab_3/Lab_3.sim/sim_1/behav/xsim'
Vivado Simulator 2018.2
Copyright 1986-1999, 2001-2018 Xilinx, Inc. All Rights Reserved.
Running: D:/Xilinx/Vivado/2018.2/bin/unwrapped/win64.o/xelab.exe -wto ba93bc7316ac4ceb80ae35f65eb8577a --incr --debug typical --relax --mt 2 -L xil_defaultlib -L secureip --snapshot FIR_tb_behav xil_defaultlib.FIR_tb -log elaborate.log 
Using 2 slave threads.
Starting static elaboration
Completed static elaboration
Starting simulation data flow analysis
Completed simulation data flow analysis
Time Resolution for simulation is 1ps
Compiling package std.standard
Compiling package std.textio
Compiling package ieee.std_logic_1164
Compiling package ieee.numeric_std
Compiling package std.env
Compiling package ieee.std_logic_arith
Compiling package ieee.std_logic_unsigned
Compiling architecture behavioral of entity xil_defaultlib.ROM [rom_default]
Compiling architecture behavioral of entity xil_defaultlib.FSM [fsm_default]
Compiling architecture behavioral of entity xil_defaultlib.FIR [fir_default]
Compiling architecture behavioral of entity xil_defaultlib.fir_tb
Built simulation snapshot FIR_tb_behav
INFO: [USF-XSim-69] 'elaborate' step finished in '1' seconds
Vivado Simulator 2018.2
Time resolution is 1 ps
update_compile_order -fileset sources_1
relaunch_sim
INFO: [Vivado 12-5682] Launching behavioral simulation in 'C:/Users/Public/Documents/PVSDRA/Lab_3/Lab_3.sim/sim_1/behav/xsim'
INFO: [SIM-utils-51] Simulation object is 'sim_1'
INFO: [SIM-utils-54] Inspecting design source files for 'FIR_tb' in fileset 'sim_1'...
INFO: [USF-XSim-97] Finding global include files...
INFO: [USF-XSim-98] Fetching design files from 'sim_1'...
INFO: [USF-XSim-2] XSim::Compile design
INFO: [USF-XSim-61] Executing 'COMPILE and ANALYZE' step in 'C:/Users/Public/Documents/PVSDRA/Lab_3/Lab_3.sim/sim_1/behav/xsim'
"xvhdl --incr --relax -prj FIR_tb_vhdl.prj"
INFO: [VRFC 10-163] Analyzing VHDL file "C:/Users/Public/Documents/PVSDRA/Lab_3/Lab_3.srcs/sources_1/new/FIR.vhd" into library xil_defaultlib
INFO: [VRFC 10-307] analyzing entity FIR
INFO: [VRFC 10-163] Analyzing VHDL file "C:/Users/Public/Documents/PVSDRA/Lab_3/Lab_3.srcs/sim_1/new/FIR_tb.vhd" into library xil_defaultlib
INFO: [VRFC 10-307] analyzing entity FIR_tb
INFO: [USF-XSim-69] 'compile' step finished in '1' seconds
INFO: [Vivado 12-5682] Launching behavioral simulation in 'C:/Users/Public/Documents/PVSDRA/Lab_3/Lab_3.sim/sim_1/behav/xsim'
INFO: [USF-XSim-3] XSim::Elaborate design
INFO: [USF-XSim-61] Executing 'ELABORATE' step in 'C:/Users/Public/Documents/PVSDRA/Lab_3/Lab_3.sim/sim_1/behav/xsim'
Vivado Simulator 2018.2
Copyright 1986-1999, 2001-2018 Xilinx, Inc. All Rights Reserved.
Running: D:/Xilinx/Vivado/2018.2/bin/unwrapped/win64.o/xelab.exe -wto ba93bc7316ac4ceb80ae35f65eb8577a --incr --debug typical --relax --mt 2 -L xil_defaultlib -L secureip --snapshot FIR_tb_behav xil_defaultlib.FIR_tb -log elaborate.log 
Using 2 slave threads.
Starting static elaboration
ERROR: [VRFC 10-664] expression has 3 elements ; expected 2 [C:/Users/Public/Documents/PVSDRA/Lab_3/Lab_3.srcs/sources_1/new/FIR.vhd:158]
ERROR: [XSIM 43-3321] Static elaboration of top level VHDL design unit fir_tb in library work failed.
INFO: [USF-XSim-69] 'elaborate' step finished in '1' seconds
INFO: [USF-XSim-99] Step results log file:'C:/Users/Public/Documents/PVSDRA/Lab_3/Lab_3.sim/sim_1/behav/xsim/elaborate.log'
ERROR: [USF-XSim-62] 'elaborate' step failed with error(s). Please check the Tcl console output or 'C:/Users/Public/Documents/PVSDRA/Lab_3/Lab_3.sim/sim_1/behav/xsim/elaborate.log' file for more information.
ERROR: [Vivado 12-4473] Detected error while running simulation. Please correct the issue and retry this operation.
ERROR: [Common 17-39] 'launch_simulation' failed due to earlier errors.
ERROR: [Common 17-69] Command failed: ERROR: [Common 17-39] 'launch_simulation' failed due to earlier errors.

relaunch_sim
INFO: [Vivado 12-5682] Launching behavioral simulation in 'C:/Users/Public/Documents/PVSDRA/Lab_3/Lab_3.sim/sim_1/behav/xsim'
INFO: [SIM-utils-51] Simulation object is 'sim_1'
INFO: [SIM-utils-54] Inspecting design source files for 'FIR_tb' in fileset 'sim_1'...
INFO: [USF-XSim-97] Finding global include files...
INFO: [USF-XSim-98] Fetching design files from 'sim_1'...
INFO: [USF-XSim-2] XSim::Compile design
INFO: [USF-XSim-61] Executing 'COMPILE and ANALYZE' step in 'C:/Users/Public/Documents/PVSDRA/Lab_3/Lab_3.sim/sim_1/behav/xsim'
"xvhdl --incr --relax -prj FIR_tb_vhdl.prj"
INFO: [VRFC 10-163] Analyzing VHDL file "C:/Users/Public/Documents/PVSDRA/Lab_3/Lab_3.srcs/sources_1/new/ROM.vhd" into library xil_defaultlib
INFO: [VRFC 10-307] analyzing entity ROM
INFO: [VRFC 10-163] Analyzing VHDL file "C:/Users/Public/Documents/PVSDRA/Lab_3/Lab_3.srcs/sources_1/new/FIR.vhd" into library xil_defaultlib
INFO: [VRFC 10-307] analyzing entity FIR
INFO: [VRFC 10-163] Analyzing VHDL file "C:/Users/Public/Documents/PVSDRA/Lab_3/Lab_3.srcs/sim_1/new/FIR_tb.vhd" into library xil_defaultlib
INFO: [VRFC 10-307] analyzing entity FIR_tb
INFO: [USF-XSim-69] 'compile' step finished in '1' seconds
INFO: [Vivado 12-5682] Launching behavioral simulation in 'C:/Users/Public/Documents/PVSDRA/Lab_3/Lab_3.sim/sim_1/behav/xsim'
INFO: [USF-XSim-3] XSim::Elaborate design
INFO: [USF-XSim-61] Executing 'ELABORATE' step in 'C:/Users/Public/Documents/PVSDRA/Lab_3/Lab_3.sim/sim_1/behav/xsim'
Vivado Simulator 2018.2
Copyright 1986-1999, 2001-2018 Xilinx, Inc. All Rights Reserved.
Running: D:/Xilinx/Vivado/2018.2/bin/unwrapped/win64.o/xelab.exe -wto ba93bc7316ac4ceb80ae35f65eb8577a --incr --debug typical --relax --mt 2 -L xil_defaultlib -L secureip --snapshot FIR_tb_behav xil_defaultlib.FIR_tb -log elaborate.log 
Using 2 slave threads.
Starting static elaboration
Completed static elaboration
Starting simulation data flow analysis
Completed simulation data flow analysis
Time Resolution for simulation is 1ps
Compiling package std.standard
Compiling package std.textio
Compiling package ieee.std_logic_1164
Compiling package ieee.numeric_std
Compiling package std.env
Compiling package ieee.std_logic_arith
Compiling package ieee.std_logic_unsigned
Compiling architecture behavioral of entity xil_defaultlib.ROM [rom_default]
Compiling architecture behavioral of entity xil_defaultlib.FSM [fsm_default]
Compiling architecture behavioral of entity xil_defaultlib.FIR [fir_default]
Compiling architecture behavioral of entity xil_defaultlib.fir_tb
Built simulation snapshot FIR_tb_behav
INFO: [USF-XSim-69] 'elaborate' step finished in '1' seconds
Vivado Simulator 2018.2
Time resolution is 1 ps
relaunch_sim: Time (s): cpu = 00:00:00 ; elapsed = 00:00:06 . Memory (MB): peak = 999.914 ; gain = 1.422
relaunch_sim
INFO: [Vivado 12-5682] Launching behavioral simulation in 'C:/Users/Public/Documents/PVSDRA/Lab_3/Lab_3.sim/sim_1/behav/xsim'
INFO: [SIM-utils-51] Simulation object is 'sim_1'
INFO: [SIM-utils-54] Inspecting design source files for 'FIR_tb' in fileset 'sim_1'...
INFO: [USF-XSim-97] Finding global include files...
INFO: [USF-XSim-98] Fetching design files from 'sim_1'...
INFO: [USF-XSim-2] XSim::Compile design
INFO: [USF-XSim-61] Executing 'COMPILE and ANALYZE' step in 'C:/Users/Public/Documents/PVSDRA/Lab_3/Lab_3.sim/sim_1/behav/xsim'
"xvhdl --incr --relax -prj FIR_tb_vhdl.prj"
INFO: [VRFC 10-163] Analyzing VHDL file "C:/Users/Public/Documents/PVSDRA/Lab_3/Lab_3.srcs/sources_1/new/ROM.vhd" into library xil_defaultlib
INFO: [VRFC 10-307] analyzing entity ROM
INFO: [VRFC 10-163] Analyzing VHDL file "C:/Users/Public/Documents/PVSDRA/Lab_3/Lab_3.srcs/sources_1/new/FIR.vhd" into library xil_defaultlib
INFO: [VRFC 10-307] analyzing entity FIR
INFO: [VRFC 10-163] Analyzing VHDL file "C:/Users/Public/Documents/PVSDRA/Lab_3/Lab_3.srcs/sim_1/new/FIR_tb.vhd" into library xil_defaultlib
INFO: [VRFC 10-307] analyzing entity FIR_tb
INFO: [USF-XSim-69] 'compile' step finished in '1' seconds
INFO: [Vivado 12-5682] Launching behavioral simulation in 'C:/Users/Public/Documents/PVSDRA/Lab_3/Lab_3.sim/sim_1/behav/xsim'
INFO: [USF-XSim-3] XSim::Elaborate design
INFO: [USF-XSim-61] Executing 'ELABORATE' step in 'C:/Users/Public/Documents/PVSDRA/Lab_3/Lab_3.sim/sim_1/behav/xsim'
Vivado Simulator 2018.2
Copyright 1986-1999, 2001-2018 Xilinx, Inc. All Rights Reserved.
Running: D:/Xilinx/Vivado/2018.2/bin/unwrapped/win64.o/xelab.exe -wto ba93bc7316ac4ceb80ae35f65eb8577a --incr --debug typical --relax --mt 2 -L xil_defaultlib -L secureip --snapshot FIR_tb_behav xil_defaultlib.FIR_tb -log elaborate.log 
Using 2 slave threads.
Starting static elaboration
Completed static elaboration
Starting simulation data flow analysis
Completed simulation data flow analysis
Time Resolution for simulation is 1ps
Compiling package std.standard
Compiling package std.textio
Compiling package ieee.std_logic_1164
Compiling package ieee.numeric_std
Compiling package std.env
Compiling package ieee.std_logic_arith
Compiling package ieee.std_logic_unsigned
Compiling architecture behavioral of entity xil_defaultlib.ROM [rom_default]
Compiling architecture behavioral of entity xil_defaultlib.FSM [fsm_default]
Compiling architecture behavioral of entity xil_defaultlib.FIR [fir_default]
Compiling architecture behavioral of entity xil_defaultlib.fir_tb
Built simulation snapshot FIR_tb_behav
INFO: [USF-XSim-69] 'elaborate' step finished in '1' seconds
Vivado Simulator 2018.2
Time resolution is 1 ps
relaunch_sim: Time (s): cpu = 00:00:00 ; elapsed = 00:00:07 . Memory (MB): peak = 1001.020 ; gain = 0.273
relaunch_sim
INFO: [Vivado 12-5682] Launching behavioral simulation in 'C:/Users/Public/Documents/PVSDRA/Lab_3/Lab_3.sim/sim_1/behav/xsim'
INFO: [SIM-utils-51] Simulation object is 'sim_1'
INFO: [SIM-utils-54] Inspecting design source files for 'FIR_tb' in fileset 'sim_1'...
INFO: [USF-XSim-97] Finding global include files...
INFO: [USF-XSim-98] Fetching design files from 'sim_1'...
INFO: [USF-XSim-2] XSim::Compile design
INFO: [USF-XSim-61] Executing 'COMPILE and ANALYZE' step in 'C:/Users/Public/Documents/PVSDRA/Lab_3/Lab_3.sim/sim_1/behav/xsim'
"xvhdl --incr --relax -prj FIR_tb_vhdl.prj"
INFO: [VRFC 10-163] Analyzing VHDL file "C:/Users/Public/Documents/PVSDRA/Lab_3/Lab_3.srcs/sources_1/new/ROM.vhd" into library xil_defaultlib
INFO: [VRFC 10-307] analyzing entity ROM
INFO: [VRFC 10-163] Analyzing VHDL file "C:/Users/Public/Documents/PVSDRA/Lab_3/Lab_3.srcs/sources_1/new/FIR.vhd" into library xil_defaultlib
INFO: [VRFC 10-307] analyzing entity FIR
INFO: [VRFC 10-163] Analyzing VHDL file "C:/Users/Public/Documents/PVSDRA/Lab_3/Lab_3.srcs/sim_1/new/FIR_tb.vhd" into library xil_defaultlib
INFO: [VRFC 10-307] analyzing entity FIR_tb
INFO: [USF-XSim-69] 'compile' step finished in '1' seconds
INFO: [Vivado 12-5682] Launching behavioral simulation in 'C:/Users/Public/Documents/PVSDRA/Lab_3/Lab_3.sim/sim_1/behav/xsim'
INFO: [USF-XSim-3] XSim::Elaborate design
INFO: [USF-XSim-61] Executing 'ELABORATE' step in 'C:/Users/Public/Documents/PVSDRA/Lab_3/Lab_3.sim/sim_1/behav/xsim'
Vivado Simulator 2018.2
Copyright 1986-1999, 2001-2018 Xilinx, Inc. All Rights Reserved.
Running: D:/Xilinx/Vivado/2018.2/bin/unwrapped/win64.o/xelab.exe -wto ba93bc7316ac4ceb80ae35f65eb8577a --incr --debug typical --relax --mt 2 -L xil_defaultlib -L secureip --snapshot FIR_tb_behav xil_defaultlib.FIR_tb -log elaborate.log 
Using 2 slave threads.
Starting static elaboration
Completed static elaboration
Starting simulation data flow analysis
Completed simulation data flow analysis
Time Resolution for simulation is 1ps
Compiling package std.standard
Compiling package std.textio
Compiling package ieee.std_logic_1164
Compiling package ieee.numeric_std
Compiling package std.env
Compiling package ieee.std_logic_arith
Compiling package ieee.std_logic_unsigned
Compiling architecture behavioral of entity xil_defaultlib.ROM [rom_default]
Compiling architecture behavioral of entity xil_defaultlib.FSM [fsm_default]
Compiling architecture behavioral of entity xil_defaultlib.FIR [fir_default]
Compiling architecture behavioral of entity xil_defaultlib.fir_tb
Built simulation snapshot FIR_tb_behav
INFO: [USF-XSim-69] 'elaborate' step finished in '1' seconds
Vivado Simulator 2018.2
Time resolution is 1 ps
relaunch_sim
INFO: [Vivado 12-5682] Launching behavioral simulation in 'C:/Users/Public/Documents/PVSDRA/Lab_3/Lab_3.sim/sim_1/behav/xsim'
INFO: [SIM-utils-51] Simulation object is 'sim_1'
INFO: [SIM-utils-54] Inspecting design source files for 'FIR_tb' in fileset 'sim_1'...
INFO: [USF-XSim-97] Finding global include files...
INFO: [USF-XSim-98] Fetching design files from 'sim_1'...
INFO: [USF-XSim-2] XSim::Compile design
INFO: [USF-XSim-61] Executing 'COMPILE and ANALYZE' step in 'C:/Users/Public/Documents/PVSDRA/Lab_3/Lab_3.sim/sim_1/behav/xsim'
"xvhdl --incr --relax -prj FIR_tb_vhdl.prj"
INFO: [VRFC 10-163] Analyzing VHDL file "C:/Users/Public/Documents/PVSDRA/Lab_3/Lab_3.srcs/sources_1/new/FIR.vhd" into library xil_defaultlib
INFO: [VRFC 10-307] analyzing entity FIR
INFO: [VRFC 10-163] Analyzing VHDL file "C:/Users/Public/Documents/PVSDRA/Lab_3/Lab_3.srcs/sim_1/new/FIR_tb.vhd" into library xil_defaultlib
INFO: [VRFC 10-307] analyzing entity FIR_tb
INFO: [USF-XSim-69] 'compile' step finished in '1' seconds
INFO: [Vivado 12-5682] Launching behavioral simulation in 'C:/Users/Public/Documents/PVSDRA/Lab_3/Lab_3.sim/sim_1/behav/xsim'
INFO: [USF-XSim-3] XSim::Elaborate design
INFO: [USF-XSim-61] Executing 'ELABORATE' step in 'C:/Users/Public/Documents/PVSDRA/Lab_3/Lab_3.sim/sim_1/behav/xsim'
Vivado Simulator 2018.2
Copyright 1986-1999, 2001-2018 Xilinx, Inc. All Rights Reserved.
Running: D:/Xilinx/Vivado/2018.2/bin/unwrapped/win64.o/xelab.exe -wto ba93bc7316ac4ceb80ae35f65eb8577a --incr --debug typical --relax --mt 2 -L xil_defaultlib -L secureip --snapshot FIR_tb_behav xil_defaultlib.FIR_tb -log elaborate.log 
Using 2 slave threads.
Starting static elaboration
Completed static elaboration
Starting simulation data flow analysis
Completed simulation data flow analysis
Time Resolution for simulation is 1ps
Compiling package std.standard
Compiling package std.textio
Compiling package ieee.std_logic_1164
Compiling package ieee.numeric_std
Compiling package std.env
Compiling package ieee.std_logic_arith
Compiling package ieee.std_logic_unsigned
Compiling architecture behavioral of entity xil_defaultlib.ROM [rom_default]
Compiling architecture behavioral of entity xil_defaultlib.FSM [fsm_default]
Compiling architecture behavioral of entity xil_defaultlib.FIR [fir_default]
Compiling architecture behavioral of entity xil_defaultlib.fir_tb
Built simulation snapshot FIR_tb_behav
INFO: [USF-XSim-69] 'elaborate' step finished in '2' seconds
Vivado Simulator 2018.2
Time resolution is 1 ps
relaunch_sim
INFO: [Vivado 12-5682] Launching behavioral simulation in 'C:/Users/Public/Documents/PVSDRA/Lab_3/Lab_3.sim/sim_1/behav/xsim'
INFO: [SIM-utils-51] Simulation object is 'sim_1'
INFO: [SIM-utils-54] Inspecting design source files for 'FIR_tb' in fileset 'sim_1'...
INFO: [USF-XSim-97] Finding global include files...
INFO: [USF-XSim-98] Fetching design files from 'sim_1'...
INFO: [USF-XSim-2] XSim::Compile design
INFO: [USF-XSim-61] Executing 'COMPILE and ANALYZE' step in 'C:/Users/Public/Documents/PVSDRA/Lab_3/Lab_3.sim/sim_1/behav/xsim'
"xvhdl --incr --relax -prj FIR_tb_vhdl.prj"
INFO: [VRFC 10-163] Analyzing VHDL file "C:/Users/Public/Documents/PVSDRA/Lab_3/Lab_3.srcs/sources_1/new/FIR.vhd" into library xil_defaultlib
INFO: [VRFC 10-307] analyzing entity FIR
INFO: [VRFC 10-163] Analyzing VHDL file "C:/Users/Public/Documents/PVSDRA/Lab_3/Lab_3.srcs/sim_1/new/FIR_tb.vhd" into library xil_defaultlib
INFO: [VRFC 10-307] analyzing entity FIR_tb
INFO: [USF-XSim-69] 'compile' step finished in '1' seconds
INFO: [Vivado 12-5682] Launching behavioral simulation in 'C:/Users/Public/Documents/PVSDRA/Lab_3/Lab_3.sim/sim_1/behav/xsim'
INFO: [USF-XSim-3] XSim::Elaborate design
INFO: [USF-XSim-61] Executing 'ELABORATE' step in 'C:/Users/Public/Documents/PVSDRA/Lab_3/Lab_3.sim/sim_1/behav/xsim'
Vivado Simulator 2018.2
Copyright 1986-1999, 2001-2018 Xilinx, Inc. All Rights Reserved.
Running: D:/Xilinx/Vivado/2018.2/bin/unwrapped/win64.o/xelab.exe -wto ba93bc7316ac4ceb80ae35f65eb8577a --incr --debug typical --relax --mt 2 -L xil_defaultlib -L secureip --snapshot FIR_tb_behav xil_defaultlib.FIR_tb -log elaborate.log 
Using 2 slave threads.
Starting static elaboration
Completed static elaboration
Starting simulation data flow analysis
Completed simulation data flow analysis
Time Resolution for simulation is 1ps
Compiling package std.standard
Compiling package std.textio
Compiling package ieee.std_logic_1164
Compiling package ieee.numeric_std
Compiling package std.env
Compiling package ieee.std_logic_arith
Compiling package ieee.std_logic_unsigned
Compiling architecture behavioral of entity xil_defaultlib.ROM [rom_default]
Compiling architecture behavioral of entity xil_defaultlib.FSM [fsm_default]
Compiling architecture behavioral of entity xil_defaultlib.FIR [fir_default]
Compiling architecture behavioral of entity xil_defaultlib.fir_tb
Built simulation snapshot FIR_tb_behav
INFO: [USF-XSim-69] 'elaborate' step finished in '2' seconds
Vivado Simulator 2018.2
Time resolution is 1 ps
relaunch_sim
INFO: [Vivado 12-5682] Launching behavioral simulation in 'C:/Users/Public/Documents/PVSDRA/Lab_3/Lab_3.sim/sim_1/behav/xsim'
INFO: [SIM-utils-51] Simulation object is 'sim_1'
INFO: [SIM-utils-54] Inspecting design source files for 'FIR_tb' in fileset 'sim_1'...
INFO: [USF-XSim-97] Finding global include files...
INFO: [USF-XSim-98] Fetching design files from 'sim_1'...
INFO: [USF-XSim-2] XSim::Compile design
INFO: [USF-XSim-61] Executing 'COMPILE and ANALYZE' step in 'C:/Users/Public/Documents/PVSDRA/Lab_3/Lab_3.sim/sim_1/behav/xsim'
"xvhdl --incr --relax -prj FIR_tb_vhdl.prj"
INFO: [VRFC 10-163] Analyzing VHDL file "C:/Users/Public/Documents/PVSDRA/Lab_3/Lab_3.srcs/sim_1/new/FIR_tb.vhd" into library xil_defaultlib
INFO: [VRFC 10-307] analyzing entity FIR_tb
INFO: [USF-XSim-69] 'compile' step finished in '1' seconds
INFO: [Vivado 12-5682] Launching behavioral simulation in 'C:/Users/Public/Documents/PVSDRA/Lab_3/Lab_3.sim/sim_1/behav/xsim'
INFO: [USF-XSim-3] XSim::Elaborate design
INFO: [USF-XSim-61] Executing 'ELABORATE' step in 'C:/Users/Public/Documents/PVSDRA/Lab_3/Lab_3.sim/sim_1/behav/xsim'
Vivado Simulator 2018.2
Copyright 1986-1999, 2001-2018 Xilinx, Inc. All Rights Reserved.
Running: D:/Xilinx/Vivado/2018.2/bin/unwrapped/win64.o/xelab.exe -wto ba93bc7316ac4ceb80ae35f65eb8577a --incr --debug typical --relax --mt 2 -L xil_defaultlib -L secureip --snapshot FIR_tb_behav xil_defaultlib.FIR_tb -log elaborate.log 
Using 2 slave threads.
Starting static elaboration
Completed static elaboration
Starting simulation data flow analysis
Completed simulation data flow analysis
Time Resolution for simulation is 1ps
Compiling package std.standard
Compiling package std.textio
Compiling package ieee.std_logic_1164
Compiling package ieee.numeric_std
Compiling package std.env
Compiling package ieee.std_logic_arith
Compiling package ieee.std_logic_unsigned
Compiling architecture behavioral of entity xil_defaultlib.ROM [rom_default]
Compiling architecture behavioral of entity xil_defaultlib.FSM [fsm_default]
Compiling architecture behavioral of entity xil_defaultlib.FIR [fir_default]
Compiling architecture behavioral of entity xil_defaultlib.fir_tb
Built simulation snapshot FIR_tb_behav
INFO: [USF-XSim-69] 'elaborate' step finished in '1' seconds
Vivado Simulator 2018.2
Time resolution is 1 ps
relaunch_sim
INFO: [Vivado 12-5682] Launching behavioral simulation in 'C:/Users/Public/Documents/PVSDRA/Lab_3/Lab_3.sim/sim_1/behav/xsim'
INFO: [SIM-utils-51] Simulation object is 'sim_1'
INFO: [SIM-utils-54] Inspecting design source files for 'FIR_tb' in fileset 'sim_1'...
INFO: [USF-XSim-97] Finding global include files...
INFO: [USF-XSim-98] Fetching design files from 'sim_1'...
INFO: [USF-XSim-2] XSim::Compile design
INFO: [USF-XSim-61] Executing 'COMPILE and ANALYZE' step in 'C:/Users/Public/Documents/PVSDRA/Lab_3/Lab_3.sim/sim_1/behav/xsim'
"xvhdl --incr --relax -prj FIR_tb_vhdl.prj"
INFO: [VRFC 10-163] Analyzing VHDL file "C:/Users/Public/Documents/PVSDRA/Lab_3/Lab_3.srcs/sim_1/new/FIR_tb.vhd" into library xil_defaultlib
INFO: [VRFC 10-307] analyzing entity FIR_tb
INFO: [USF-XSim-69] 'compile' step finished in '1' seconds
INFO: [Vivado 12-5682] Launching behavioral simulation in 'C:/Users/Public/Documents/PVSDRA/Lab_3/Lab_3.sim/sim_1/behav/xsim'
INFO: [USF-XSim-3] XSim::Elaborate design
INFO: [USF-XSim-61] Executing 'ELABORATE' step in 'C:/Users/Public/Documents/PVSDRA/Lab_3/Lab_3.sim/sim_1/behav/xsim'
Vivado Simulator 2018.2
Copyright 1986-1999, 2001-2018 Xilinx, Inc. All Rights Reserved.
Running: D:/Xilinx/Vivado/2018.2/bin/unwrapped/win64.o/xelab.exe -wto ba93bc7316ac4ceb80ae35f65eb8577a --incr --debug typical --relax --mt 2 -L xil_defaultlib -L secureip --snapshot FIR_tb_behav xil_defaultlib.FIR_tb -log elaborate.log 
Using 2 slave threads.
Starting static elaboration
Completed static elaboration
Starting simulation data flow analysis
Completed simulation data flow analysis
Time Resolution for simulation is 1ps
Compiling package std.standard
Compiling package std.textio
Compiling package ieee.std_logic_1164
Compiling package ieee.numeric_std
Compiling package std.env
Compiling package ieee.std_logic_arith
Compiling package ieee.std_logic_unsigned
Compiling architecture behavioral of entity xil_defaultlib.ROM [rom_default]
Compiling architecture behavioral of entity xil_defaultlib.FSM [fsm_default]
Compiling architecture behavioral of entity xil_defaultlib.FIR [fir_default]
Compiling architecture behavioral of entity xil_defaultlib.fir_tb
Built simulation snapshot FIR_tb_behav
INFO: [USF-XSim-69] 'elaborate' step finished in '2' seconds
Vivado Simulator 2018.2
Time resolution is 1 ps
relaunch_sim: Time (s): cpu = 00:00:00 ; elapsed = 00:00:06 . Memory (MB): peak = 1008.637 ; gain = 0.000
relaunch_sim
INFO: [Vivado 12-5682] Launching behavioral simulation in 'C:/Users/Public/Documents/PVSDRA/Lab_3/Lab_3.sim/sim_1/behav/xsim'
INFO: [SIM-utils-51] Simulation object is 'sim_1'
INFO: [SIM-utils-54] Inspecting design source files for 'FIR_tb' in fileset 'sim_1'...
INFO: [USF-XSim-97] Finding global include files...
INFO: [USF-XSim-98] Fetching design files from 'sim_1'...
INFO: [USF-XSim-2] XSim::Compile design
INFO: [USF-XSim-61] Executing 'COMPILE and ANALYZE' step in 'C:/Users/Public/Documents/PVSDRA/Lab_3/Lab_3.sim/sim_1/behav/xsim'
"xvhdl --incr --relax -prj FIR_tb_vhdl.prj"
INFO: [VRFC 10-163] Analyzing VHDL file "C:/Users/Public/Documents/PVSDRA/Lab_3/Lab_3.srcs/sources_1/new/FIR.vhd" into library xil_defaultlib
INFO: [VRFC 10-307] analyzing entity FIR
INFO: [VRFC 10-163] Analyzing VHDL file "C:/Users/Public/Documents/PVSDRA/Lab_3/Lab_3.srcs/sim_1/new/FIR_tb.vhd" into library xil_defaultlib
INFO: [VRFC 10-307] analyzing entity FIR_tb
INFO: [USF-XSim-69] 'compile' step finished in '1' seconds
INFO: [Vivado 12-5682] Launching behavioral simulation in 'C:/Users/Public/Documents/PVSDRA/Lab_3/Lab_3.sim/sim_1/behav/xsim'
INFO: [USF-XSim-3] XSim::Elaborate design
INFO: [USF-XSim-61] Executing 'ELABORATE' step in 'C:/Users/Public/Documents/PVSDRA/Lab_3/Lab_3.sim/sim_1/behav/xsim'
Vivado Simulator 2018.2
Copyright 1986-1999, 2001-2018 Xilinx, Inc. All Rights Reserved.
Running: D:/Xilinx/Vivado/2018.2/bin/unwrapped/win64.o/xelab.exe -wto ba93bc7316ac4ceb80ae35f65eb8577a --incr --debug typical --relax --mt 2 -L xil_defaultlib -L secureip --snapshot FIR_tb_behav xil_defaultlib.FIR_tb -log elaborate.log 
Using 2 slave threads.
Starting static elaboration
Completed static elaboration
Starting simulation data flow analysis
Completed simulation data flow analysis
Time Resolution for simulation is 1ps
Compiling package std.standard
Compiling package std.textio
Compiling package ieee.std_logic_1164
Compiling package ieee.numeric_std
Compiling package std.env
Compiling package ieee.std_logic_arith
Compiling package ieee.std_logic_unsigned
Compiling architecture behavioral of entity xil_defaultlib.ROM [rom_default]
Compiling architecture behavioral of entity xil_defaultlib.FSM [fsm_default]
Compiling architecture behavioral of entity xil_defaultlib.FIR [fir_default]
Compiling architecture behavioral of entity xil_defaultlib.fir_tb
Built simulation snapshot FIR_tb_behav
INFO: [USF-XSim-69] 'elaborate' step finished in '1' seconds
Vivado Simulator 2018.2
Time resolution is 1 ps
relaunch_sim
INFO: [Vivado 12-5682] Launching behavioral simulation in 'C:/Users/Public/Documents/PVSDRA/Lab_3/Lab_3.sim/sim_1/behav/xsim'
INFO: [SIM-utils-51] Simulation object is 'sim_1'
INFO: [SIM-utils-54] Inspecting design source files for 'FIR_tb' in fileset 'sim_1'...
INFO: [USF-XSim-97] Finding global include files...
INFO: [USF-XSim-98] Fetching design files from 'sim_1'...
INFO: [USF-XSim-2] XSim::Compile design
INFO: [USF-XSim-61] Executing 'COMPILE and ANALYZE' step in 'C:/Users/Public/Documents/PVSDRA/Lab_3/Lab_3.sim/sim_1/behav/xsim'
"xvhdl --incr --relax -prj FIR_tb_vhdl.prj"
INFO: [VRFC 10-163] Analyzing VHDL file "C:/Users/Public/Documents/PVSDRA/Lab_3/Lab_3.srcs/sources_1/new/FIR.vhd" into library xil_defaultlib
INFO: [VRFC 10-307] analyzing entity FIR
INFO: [VRFC 10-163] Analyzing VHDL file "C:/Users/Public/Documents/PVSDRA/Lab_3/Lab_3.srcs/sim_1/new/FIR_tb.vhd" into library xil_defaultlib
INFO: [VRFC 10-307] analyzing entity FIR_tb
INFO: [USF-XSim-69] 'compile' step finished in '1' seconds
INFO: [Vivado 12-5682] Launching behavioral simulation in 'C:/Users/Public/Documents/PVSDRA/Lab_3/Lab_3.sim/sim_1/behav/xsim'
INFO: [USF-XSim-3] XSim::Elaborate design
INFO: [USF-XSim-61] Executing 'ELABORATE' step in 'C:/Users/Public/Documents/PVSDRA/Lab_3/Lab_3.sim/sim_1/behav/xsim'
Vivado Simulator 2018.2
Copyright 1986-1999, 2001-2018 Xilinx, Inc. All Rights Reserved.
Running: D:/Xilinx/Vivado/2018.2/bin/unwrapped/win64.o/xelab.exe -wto ba93bc7316ac4ceb80ae35f65eb8577a --incr --debug typical --relax --mt 2 -L xil_defaultlib -L secureip --snapshot FIR_tb_behav xil_defaultlib.FIR_tb -log elaborate.log 
Using 2 slave threads.
Starting static elaboration
Completed static elaboration
Starting simulation data flow analysis
Completed simulation data flow analysis
Time Resolution for simulation is 1ps
Compiling package std.standard
Compiling package std.textio
Compiling package ieee.std_logic_1164
Compiling package ieee.numeric_std
Compiling package std.env
Compiling package ieee.std_logic_arith
Compiling package ieee.std_logic_unsigned
Compiling architecture behavioral of entity xil_defaultlib.ROM [rom_default]
Compiling architecture behavioral of entity xil_defaultlib.FSM [fsm_default]
Compiling architecture behavioral of entity xil_defaultlib.FIR [fir_default]
Compiling architecture behavioral of entity xil_defaultlib.fir_tb
Built simulation snapshot FIR_tb_behav
INFO: [USF-XSim-69] 'elaborate' step finished in '2' seconds
Vivado Simulator 2018.2
Time resolution is 1 ps
relaunch_sim: Time (s): cpu = 00:00:00 ; elapsed = 00:00:07 . Memory (MB): peak = 1012.535 ; gain = 0.000
relaunch_sim
INFO: [Vivado 12-5682] Launching behavioral simulation in 'C:/Users/Public/Documents/PVSDRA/Lab_3/Lab_3.sim/sim_1/behav/xsim'
INFO: [SIM-utils-51] Simulation object is 'sim_1'
INFO: [SIM-utils-54] Inspecting design source files for 'FIR_tb' in fileset 'sim_1'...
INFO: [USF-XSim-97] Finding global include files...
INFO: [USF-XSim-98] Fetching design files from 'sim_1'...
INFO: [USF-XSim-2] XSim::Compile design
INFO: [USF-XSim-61] Executing 'COMPILE and ANALYZE' step in 'C:/Users/Public/Documents/PVSDRA/Lab_3/Lab_3.sim/sim_1/behav/xsim'
"xvhdl --incr --relax -prj FIR_tb_vhdl.prj"
INFO: [VRFC 10-163] Analyzing VHDL file "C:/Users/Public/Documents/PVSDRA/Lab_3/Lab_3.srcs/sources_1/new/FIR.vhd" into library xil_defaultlib
INFO: [VRFC 10-307] analyzing entity FIR
INFO: [VRFC 10-163] Analyzing VHDL file "C:/Users/Public/Documents/PVSDRA/Lab_3/Lab_3.srcs/sim_1/new/FIR_tb.vhd" into library xil_defaultlib
INFO: [VRFC 10-307] analyzing entity FIR_tb
INFO: [USF-XSim-69] 'compile' step finished in '1' seconds
INFO: [Vivado 12-5682] Launching behavioral simulation in 'C:/Users/Public/Documents/PVSDRA/Lab_3/Lab_3.sim/sim_1/behav/xsim'
INFO: [USF-XSim-3] XSim::Elaborate design
INFO: [USF-XSim-61] Executing 'ELABORATE' step in 'C:/Users/Public/Documents/PVSDRA/Lab_3/Lab_3.sim/sim_1/behav/xsim'
Vivado Simulator 2018.2
Copyright 1986-1999, 2001-2018 Xilinx, Inc. All Rights Reserved.
Running: D:/Xilinx/Vivado/2018.2/bin/unwrapped/win64.o/xelab.exe -wto ba93bc7316ac4ceb80ae35f65eb8577a --incr --debug typical --relax --mt 2 -L xil_defaultlib -L secureip --snapshot FIR_tb_behav xil_defaultlib.FIR_tb -log elaborate.log 
Using 2 slave threads.
Starting static elaboration
Completed static elaboration
Starting simulation data flow analysis
Completed simulation data flow analysis
Time Resolution for simulation is 1ps
Compiling package std.standard
Compiling package std.textio
Compiling package ieee.std_logic_1164
Compiling package ieee.numeric_std
Compiling package std.env
Compiling package ieee.std_logic_arith
Compiling package ieee.std_logic_unsigned
Compiling architecture behavioral of entity xil_defaultlib.ROM [rom_default]
Compiling architecture behavioral of entity xil_defaultlib.FSM [fsm_default]
Compiling architecture behavioral of entity xil_defaultlib.FIR [fir_default]
Compiling architecture behavioral of entity xil_defaultlib.fir_tb
Built simulation snapshot FIR_tb_behav
INFO: [USF-XSim-69] 'elaborate' step finished in '2' seconds
Vivado Simulator 2018.2
Time resolution is 1 ps
relaunch_sim
INFO: [Vivado 12-5682] Launching behavioral simulation in 'C:/Users/Public/Documents/PVSDRA/Lab_3/Lab_3.sim/sim_1/behav/xsim'
INFO: [SIM-utils-51] Simulation object is 'sim_1'
INFO: [SIM-utils-54] Inspecting design source files for 'FIR_tb' in fileset 'sim_1'...
INFO: [USF-XSim-97] Finding global include files...
INFO: [USF-XSim-98] Fetching design files from 'sim_1'...
INFO: [USF-XSim-2] XSim::Compile design
INFO: [USF-XSim-61] Executing 'COMPILE and ANALYZE' step in 'C:/Users/Public/Documents/PVSDRA/Lab_3/Lab_3.sim/sim_1/behav/xsim'
"xvhdl --incr --relax -prj FIR_tb_vhdl.prj"
INFO: [VRFC 10-163] Analyzing VHDL file "C:/Users/Public/Documents/PVSDRA/Lab_3/Lab_3.srcs/sources_1/new/FIR.vhd" into library xil_defaultlib
INFO: [VRFC 10-307] analyzing entity FIR
INFO: [VRFC 10-163] Analyzing VHDL file "C:/Users/Public/Documents/PVSDRA/Lab_3/Lab_3.srcs/sim_1/new/FIR_tb.vhd" into library xil_defaultlib
INFO: [VRFC 10-307] analyzing entity FIR_tb
INFO: [USF-XSim-69] 'compile' step finished in '1' seconds
INFO: [Vivado 12-5682] Launching behavioral simulation in 'C:/Users/Public/Documents/PVSDRA/Lab_3/Lab_3.sim/sim_1/behav/xsim'
INFO: [USF-XSim-3] XSim::Elaborate design
INFO: [USF-XSim-61] Executing 'ELABORATE' step in 'C:/Users/Public/Documents/PVSDRA/Lab_3/Lab_3.sim/sim_1/behav/xsim'
Vivado Simulator 2018.2
Copyright 1986-1999, 2001-2018 Xilinx, Inc. All Rights Reserved.
Running: D:/Xilinx/Vivado/2018.2/bin/unwrapped/win64.o/xelab.exe -wto ba93bc7316ac4ceb80ae35f65eb8577a --incr --debug typical --relax --mt 2 -L xil_defaultlib -L secureip --snapshot FIR_tb_behav xil_defaultlib.FIR_tb -log elaborate.log 
Using 2 slave threads.
Starting static elaboration
Completed static elaboration
Starting simulation data flow analysis
Completed simulation data flow analysis
Time Resolution for simulation is 1ps
Compiling package std.standard
Compiling package std.textio
Compiling package ieee.std_logic_1164
Compiling package ieee.numeric_std
Compiling package std.env
Compiling package ieee.std_logic_arith
Compiling package ieee.std_logic_unsigned
Compiling architecture behavioral of entity xil_defaultlib.ROM [rom_default]
Compiling architecture behavioral of entity xil_defaultlib.FSM [fsm_default]
Compiling architecture behavioral of entity xil_defaultlib.FIR [fir_default]
Compiling architecture behavioral of entity xil_defaultlib.fir_tb
Built simulation snapshot FIR_tb_behav
INFO: [USF-XSim-69] 'elaborate' step finished in '1' seconds
Vivado Simulator 2018.2
Time resolution is 1 ps
relaunch_sim: Time (s): cpu = 00:00:00 ; elapsed = 00:00:07 . Memory (MB): peak = 1012.535 ; gain = 0.000
relaunch_sim
INFO: [Vivado 12-5682] Launching behavioral simulation in 'C:/Users/Public/Documents/PVSDRA/Lab_3/Lab_3.sim/sim_1/behav/xsim'
INFO: [SIM-utils-51] Simulation object is 'sim_1'
INFO: [SIM-utils-54] Inspecting design source files for 'FIR_tb' in fileset 'sim_1'...
INFO: [USF-XSim-97] Finding global include files...
INFO: [USF-XSim-98] Fetching design files from 'sim_1'...
INFO: [USF-XSim-2] XSim::Compile design
INFO: [USF-XSim-61] Executing 'COMPILE and ANALYZE' step in 'C:/Users/Public/Documents/PVSDRA/Lab_3/Lab_3.sim/sim_1/behav/xsim'
"xvhdl --incr --relax -prj FIR_tb_vhdl.prj"
INFO: [VRFC 10-163] Analyzing VHDL file "C:/Users/Public/Documents/PVSDRA/Lab_3/Lab_3.srcs/sources_1/new/FIR.vhd" into library xil_defaultlib
INFO: [VRFC 10-307] analyzing entity FIR
INFO: [VRFC 10-163] Analyzing VHDL file "C:/Users/Public/Documents/PVSDRA/Lab_3/Lab_3.srcs/sim_1/new/FIR_tb.vhd" into library xil_defaultlib
INFO: [VRFC 10-307] analyzing entity FIR_tb
INFO: [USF-XSim-69] 'compile' step finished in '2' seconds
INFO: [Vivado 12-5682] Launching behavioral simulation in 'C:/Users/Public/Documents/PVSDRA/Lab_3/Lab_3.sim/sim_1/behav/xsim'
INFO: [USF-XSim-3] XSim::Elaborate design
INFO: [USF-XSim-61] Executing 'ELABORATE' step in 'C:/Users/Public/Documents/PVSDRA/Lab_3/Lab_3.sim/sim_1/behav/xsim'
Vivado Simulator 2018.2
Copyright 1986-1999, 2001-2018 Xilinx, Inc. All Rights Reserved.
Running: D:/Xilinx/Vivado/2018.2/bin/unwrapped/win64.o/xelab.exe -wto ba93bc7316ac4ceb80ae35f65eb8577a --incr --debug typical --relax --mt 2 -L xil_defaultlib -L secureip --snapshot FIR_tb_behav xil_defaultlib.FIR_tb -log elaborate.log 
Using 2 slave threads.
Starting static elaboration
Completed static elaboration
Starting simulation data flow analysis
Completed simulation data flow analysis
Time Resolution for simulation is 1ps
Compiling package std.standard
Compiling package std.textio
Compiling package ieee.std_logic_1164
Compiling package ieee.numeric_std
Compiling package std.env
Compiling package ieee.std_logic_arith
Compiling package ieee.std_logic_unsigned
Compiling architecture behavioral of entity xil_defaultlib.ROM [rom_default]
Compiling architecture behavioral of entity xil_defaultlib.FSM [fsm_default]
Compiling architecture behavioral of entity xil_defaultlib.FIR [fir_default]
Compiling architecture behavioral of entity xil_defaultlib.fir_tb
Built simulation snapshot FIR_tb_behav
INFO: [USF-XSim-69] 'elaborate' step finished in '1' seconds
Vivado Simulator 2018.2
Time resolution is 1 ps
relaunch_sim: Time (s): cpu = 00:00:00 ; elapsed = 00:00:07 . Memory (MB): peak = 1012.535 ; gain = 0.000
relaunch_sim
INFO: [Vivado 12-5682] Launching behavioral simulation in 'C:/Users/Public/Documents/PVSDRA/Lab_3/Lab_3.sim/sim_1/behav/xsim'
INFO: [SIM-utils-51] Simulation object is 'sim_1'
INFO: [SIM-utils-54] Inspecting design source files for 'FIR_tb' in fileset 'sim_1'...
INFO: [USF-XSim-97] Finding global include files...
INFO: [USF-XSim-98] Fetching design files from 'sim_1'...
INFO: [USF-XSim-2] XSim::Compile design
INFO: [USF-XSim-61] Executing 'COMPILE and ANALYZE' step in 'C:/Users/Public/Documents/PVSDRA/Lab_3/Lab_3.sim/sim_1/behav/xsim'
"xvhdl --incr --relax -prj FIR_tb_vhdl.prj"
INFO: [VRFC 10-163] Analyzing VHDL file "C:/Users/Public/Documents/PVSDRA/Lab_3/Lab_3.srcs/sources_1/new/FIR.vhd" into library xil_defaultlib
INFO: [VRFC 10-307] analyzing entity FIR
INFO: [VRFC 10-163] Analyzing VHDL file "C:/Users/Public/Documents/PVSDRA/Lab_3/Lab_3.srcs/sim_1/new/FIR_tb.vhd" into library xil_defaultlib
INFO: [VRFC 10-307] analyzing entity FIR_tb
INFO: [USF-XSim-69] 'compile' step finished in '1' seconds
INFO: [Vivado 12-5682] Launching behavioral simulation in 'C:/Users/Public/Documents/PVSDRA/Lab_3/Lab_3.sim/sim_1/behav/xsim'
INFO: [USF-XSim-3] XSim::Elaborate design
INFO: [USF-XSim-61] Executing 'ELABORATE' step in 'C:/Users/Public/Documents/PVSDRA/Lab_3/Lab_3.sim/sim_1/behav/xsim'
Vivado Simulator 2018.2
Copyright 1986-1999, 2001-2018 Xilinx, Inc. All Rights Reserved.
Running: D:/Xilinx/Vivado/2018.2/bin/unwrapped/win64.o/xelab.exe -wto ba93bc7316ac4ceb80ae35f65eb8577a --incr --debug typical --relax --mt 2 -L xil_defaultlib -L secureip --snapshot FIR_tb_behav xil_defaultlib.FIR_tb -log elaborate.log 
Using 2 slave threads.
Starting static elaboration
Completed static elaboration
Starting simulation data flow analysis
Completed simulation data flow analysis
Time Resolution for simulation is 1ps
Compiling package std.standard
Compiling package std.textio
Compiling package ieee.std_logic_1164
Compiling package ieee.numeric_std
Compiling package std.env
Compiling package ieee.std_logic_arith
Compiling package ieee.std_logic_unsigned
Compiling architecture behavioral of entity xil_defaultlib.ROM [rom_default]
Compiling architecture behavioral of entity xil_defaultlib.FSM [fsm_default]
Compiling architecture behavioral of entity xil_defaultlib.FIR [fir_default]
Compiling architecture behavioral of entity xil_defaultlib.fir_tb
Built simulation snapshot FIR_tb_behav
INFO: [USF-XSim-69] 'elaborate' step finished in '2' seconds
Vivado Simulator 2018.2
Time resolution is 1 ps
ERROR: Array sizes do not match, left array has 3 elements, right array has 2 elements
Time: 0 ps  Iteration: 0  Process: /FIR_tb/uut/\gen_addr(2)\/line__166
  File: C:/Users/Public/Documents/PVSDRA/Lab_3/Lab_3.srcs/sources_1/new/FIR.vhd

HDL Line: C:/Users/Public/Documents/PVSDRA/Lab_3/Lab_3.srcs/sources_1/new/FIR.vhd:166
relaunch_sim
INFO: [Vivado 12-5682] Launching behavioral simulation in 'C:/Users/Public/Documents/PVSDRA/Lab_3/Lab_3.sim/sim_1/behav/xsim'
INFO: [SIM-utils-51] Simulation object is 'sim_1'
INFO: [SIM-utils-54] Inspecting design source files for 'FIR_tb' in fileset 'sim_1'...
INFO: [USF-XSim-97] Finding global include files...
INFO: [USF-XSim-98] Fetching design files from 'sim_1'...
INFO: [USF-XSim-2] XSim::Compile design
INFO: [USF-XSim-61] Executing 'COMPILE and ANALYZE' step in 'C:/Users/Public/Documents/PVSDRA/Lab_3/Lab_3.sim/sim_1/behav/xsim'
"xvhdl --incr --relax -prj FIR_tb_vhdl.prj"
INFO: [VRFC 10-163] Analyzing VHDL file "C:/Users/Public/Documents/PVSDRA/Lab_3/Lab_3.srcs/sources_1/new/ROM.vhd" into library xil_defaultlib
INFO: [VRFC 10-307] analyzing entity ROM
INFO: [VRFC 10-163] Analyzing VHDL file "C:/Users/Public/Documents/PVSDRA/Lab_3/Lab_3.srcs/sources_1/new/FIR.vhd" into library xil_defaultlib
INFO: [VRFC 10-307] analyzing entity FIR
INFO: [VRFC 10-163] Analyzing VHDL file "C:/Users/Public/Documents/PVSDRA/Lab_3/Lab_3.srcs/sim_1/new/FIR_tb.vhd" into library xil_defaultlib
INFO: [VRFC 10-307] analyzing entity FIR_tb
INFO: [USF-XSim-69] 'compile' step finished in '1' seconds
INFO: [Vivado 12-5682] Launching behavioral simulation in 'C:/Users/Public/Documents/PVSDRA/Lab_3/Lab_3.sim/sim_1/behav/xsim'
INFO: [USF-XSim-3] XSim::Elaborate design
INFO: [USF-XSim-61] Executing 'ELABORATE' step in 'C:/Users/Public/Documents/PVSDRA/Lab_3/Lab_3.sim/sim_1/behav/xsim'
Vivado Simulator 2018.2
Copyright 1986-1999, 2001-2018 Xilinx, Inc. All Rights Reserved.
Running: D:/Xilinx/Vivado/2018.2/bin/unwrapped/win64.o/xelab.exe -wto ba93bc7316ac4ceb80ae35f65eb8577a --incr --debug typical --relax --mt 2 -L xil_defaultlib -L secureip --snapshot FIR_tb_behav xil_defaultlib.FIR_tb -log elaborate.log 
Using 2 slave threads.
Starting static elaboration
Completed static elaboration
Starting simulation data flow analysis
Completed simulation data flow analysis
Time Resolution for simulation is 1ps
Compiling package std.standard
Compiling package std.textio
Compiling package ieee.std_logic_1164
Compiling package ieee.numeric_std
Compiling package std.env
Compiling package ieee.std_logic_arith
Compiling package ieee.std_logic_unsigned
Compiling architecture behavioral of entity xil_defaultlib.ROM [rom_default]
Compiling architecture behavioral of entity xil_defaultlib.FSM [fsm_default]
Compiling architecture behavioral of entity xil_defaultlib.FIR [fir_default]
Compiling architecture behavioral of entity xil_defaultlib.fir_tb
Built simulation snapshot FIR_tb_behav
INFO: [USF-XSim-69] 'elaborate' step finished in '2' seconds
Vivado Simulator 2018.2
Time resolution is 1 ps
relaunch_sim: Time (s): cpu = 00:00:00 ; elapsed = 00:00:07 . Memory (MB): peak = 1013.102 ; gain = 0.000
close_sim
INFO: [Simtcl 6-16] Simulation closed
exit
INFO: [Common 17-206] Exiting Vivado at Sun Nov 23 17:24:35 2025...
