#-----------------------------------------------------------
# Vivado v2018.2 (64-bit)
# SW Build 2258646 on Thu Jun 14 20:03:12 MDT 2018
# IP Build 2256618 on Thu Jun 14 22:10:49 MDT 2018
# Start of session at: Mon Nov 24 20:41:19 2025
# Process ID: 8260
# Current directory: C:/Users/Public/Documents/PVSDRA/Lab_3
# Command line: vivado.exe -gui_launcher_event rodinguilauncherevent16400 C:\Users\Public\Documents\PVSDRA\Lab_3\Lab_3.xpr
# Log file: C:/Users/Public/Documents/PVSDRA/Lab_3/vivado.log
# Journal file: C:/Users/Public/Documents/PVSDRA/Lab_3\vivado.jou
#-----------------------------------------------------------
start_gui
open_project C:/Users/Public/Documents/PVSDRA/Lab_3/Lab_3.xpr
Scanning sources...
Finished scanning sources
INFO: [IP_Flow 19-234] Refreshing IP repositories
INFO: [IP_Flow 19-1704] No user IP repositories specified
INFO: [IP_Flow 19-2313] Loaded Vivado IP repository 'D:/Xilinx/Vivado/2018.2/data/ip'.
open_project: Time (s): cpu = 00:00:04 ; elapsed = 00:00:15 . Memory (MB): peak = 809.520 ; gain = 123.574
update_compile_order -fileset sources_1
launch_simulation
INFO: [Vivado 12-5682] Launching behavioral simulation in 'C:/Users/Public/Documents/PVSDRA/Lab_3/Lab_3.sim/sim_1/behav/xsim'
INFO: [SIM-utils-51] Simulation object is 'sim_1'
INFO: [SIM-utils-54] Inspecting design source files for 'FIR_tb' in fileset 'sim_1'...
INFO: [USF-XSim-97] Finding global include files...
INFO: [USF-XSim-98] Fetching design files from 'sim_1'...
INFO: [USF-XSim-2] XSim::Compile design
INFO: [USF-XSim-61] Executing 'COMPILE and ANALYZE' step in 'C:/Users/Public/Documents/PVSDRA/Lab_3/Lab_3.sim/sim_1/behav/xsim'
"xvhdl --incr --relax -prj FIR_tb_vhdl.prj"
INFO: [VRFC 10-163] Analyzing VHDL file "C:/Users/Public/Documents/PVSDRA/Lab_3/Lab_3.srcs/sources_1/new/FSM.vhd" into library xil_defaultlib
INFO: [VRFC 10-307] analyzing entity FSM
INFO: [VRFC 10-163] Analyzing VHDL file "C:/Users/Public/Documents/PVSDRA/Lab_3/Lab_3.srcs/sources_1/new/ROM.vhd" into library xil_defaultlib
INFO: [VRFC 10-307] analyzing entity ROM
INFO: [VRFC 10-163] Analyzing VHDL file "C:/Users/Public/Documents/PVSDRA/Lab_3/Lab_3.srcs/sources_1/new/FIR.vhd" into library xil_defaultlib
INFO: [VRFC 10-307] analyzing entity FIR
INFO: [VRFC 10-163] Analyzing VHDL file "C:/Users/Public/Documents/PVSDRA/Lab_3/Lab_3.srcs/sim_1/new/FIR_tb.vhd" into library xil_defaultlib
INFO: [VRFC 10-307] analyzing entity FIR_tb
INFO: [USF-XSim-69] 'compile' step finished in '2' seconds
INFO: [USF-XSim-3] XSim::Elaborate design
INFO: [USF-XSim-61] Executing 'ELABORATE' step in 'C:/Users/Public/Documents/PVSDRA/Lab_3/Lab_3.sim/sim_1/behav/xsim'
Vivado Simulator 2018.2
Copyright 1986-1999, 2001-2018 Xilinx, Inc. All Rights Reserved.
Running: D:/Xilinx/Vivado/2018.2/bin/unwrapped/win64.o/xelab.exe -wto ba93bc7316ac4ceb80ae35f65eb8577a --incr --debug typical --relax --mt 2 -L xil_defaultlib -L secureip --snapshot FIR_tb_behav xil_defaultlib.FIR_tb -log elaborate.log 
Using 2 slave threads.
Starting static elaboration
Completed static elaboration
Starting simulation data flow analysis
Completed simulation data flow analysis
Time Resolution for simulation is 1ps
Compiling package std.standard
Compiling package std.textio
Compiling package ieee.std_logic_1164
Compiling package ieee.numeric_std
Compiling package std.env
Compiling package ieee.std_logic_arith
Compiling package ieee.std_logic_unsigned
Compiling architecture behavioral of entity xil_defaultlib.ROM [rom_default]
Compiling architecture behavioral of entity xil_defaultlib.FSM [fsm_default]
Compiling architecture behavioral of entity xil_defaultlib.FIR [fir_default]
Compiling architecture behavioral of entity xil_defaultlib.fir_tb
Built simulation snapshot FIR_tb_behav
INFO: [USF-XSim-69] 'elaborate' step finished in '3' seconds
INFO: [USF-XSim-4] XSim::Simulate design
INFO: [USF-XSim-61] Executing 'SIMULATE' step in 'C:/Users/Public/Documents/PVSDRA/Lab_3/Lab_3.sim/sim_1/behav/xsim'
INFO: [USF-XSim-98] *** Running xsim
   with args "FIR_tb_behav -key {Behavioral:sim_1:Functional:FIR_tb} -tclbatch {FIR_tb.tcl} -view {C:/Users/Public/Documents/PVSDRA/Lab_3/FIR_tb_behav.wcfg} -log {simulate.log}"
INFO: [USF-XSim-8] Loading simulator feature
Vivado Simulator 2018.2
Time resolution is 1 ps
open_wave_config C:/Users/Public/Documents/PVSDRA/Lab_3/FIR_tb_behav.wcfg
source FIR_tb.tcl
# set curr_wave [current_wave_config]
# if { [string length $curr_wave] == 0 } {
#   if { [llength [get_objects]] > 0} {
#     add_wave /
#     set_property needs_save false [current_wave_config]
#   } else {
#      send_msg_id Add_Wave-1 WARNING "No top level signals found. Simulator will start without a wave window. If you want to open a wave window go to 'File->New Waveform Configuration' or type 'create_wave_config' in the TCL console."
#   }
# }
# run 1000ns
INFO: [USF-XSim-96] XSim completed. Design snapshot 'FIR_tb_behav' loaded.
INFO: [USF-XSim-97] XSim simulation ran for 1000ns
launch_simulation: Time (s): cpu = 00:00:02 ; elapsed = 00:00:09 . Memory (MB): peak = 871.852 ; gain = 11.977
relaunch_sim
INFO: [Vivado 12-5682] Launching behavioral simulation in 'C:/Users/Public/Documents/PVSDRA/Lab_3/Lab_3.sim/sim_1/behav/xsim'
INFO: [SIM-utils-51] Simulation object is 'sim_1'
INFO: [SIM-utils-54] Inspecting design source files for 'FIR_tb' in fileset 'sim_1'...
INFO: [USF-XSim-97] Finding global include files...
INFO: [USF-XSim-98] Fetching design files from 'sim_1'...
INFO: [USF-XSim-2] XSim::Compile design
INFO: [USF-XSim-61] Executing 'COMPILE and ANALYZE' step in 'C:/Users/Public/Documents/PVSDRA/Lab_3/Lab_3.sim/sim_1/behav/xsim'
"xvhdl --incr --relax -prj FIR_tb_vhdl.prj"
INFO: [VRFC 10-163] Analyzing VHDL file "C:/Users/Public/Documents/PVSDRA/Lab_3/Lab_3.srcs/sources_1/new/FIR.vhd" into library xil_defaultlib
INFO: [VRFC 10-307] analyzing entity FIR
INFO: [VRFC 10-163] Analyzing VHDL file "C:/Users/Public/Documents/PVSDRA/Lab_3/Lab_3.srcs/sim_1/new/FIR_tb.vhd" into library xil_defaultlib
INFO: [VRFC 10-307] analyzing entity FIR_tb
INFO: [USF-XSim-69] 'compile' step finished in '2' seconds
INFO: [Vivado 12-5682] Launching behavioral simulation in 'C:/Users/Public/Documents/PVSDRA/Lab_3/Lab_3.sim/sim_1/behav/xsim'
INFO: [USF-XSim-3] XSim::Elaborate design
INFO: [USF-XSim-61] Executing 'ELABORATE' step in 'C:/Users/Public/Documents/PVSDRA/Lab_3/Lab_3.sim/sim_1/behav/xsim'
Vivado Simulator 2018.2
Copyright 1986-1999, 2001-2018 Xilinx, Inc. All Rights Reserved.
Running: D:/Xilinx/Vivado/2018.2/bin/unwrapped/win64.o/xelab.exe -wto ba93bc7316ac4ceb80ae35f65eb8577a --incr --debug typical --relax --mt 2 -L xil_defaultlib -L secureip --snapshot FIR_tb_behav xil_defaultlib.FIR_tb -log elaborate.log 
Using 2 slave threads.
Starting static elaboration
Completed static elaboration
Starting simulation data flow analysis
Completed simulation data flow analysis
Time Resolution for simulation is 1ps
Compiling package std.standard
Compiling package std.textio
Compiling package ieee.std_logic_1164
Compiling package ieee.numeric_std
Compiling package std.env
Compiling package ieee.std_logic_arith
Compiling package ieee.std_logic_unsigned
Compiling architecture behavioral of entity xil_defaultlib.ROM [rom_default]
Compiling architecture behavioral of entity xil_defaultlib.FSM [fsm_default]
Compiling architecture behavioral of entity xil_defaultlib.FIR [fir_default]
Compiling architecture behavioral of entity xil_defaultlib.fir_tb
Built simulation snapshot FIR_tb_behav
INFO: [USF-XSim-69] 'elaborate' step finished in '1' seconds
Vivado Simulator 2018.2
Time resolution is 1 ps
relaunch_sim: Time (s): cpu = 00:00:00 ; elapsed = 00:00:05 . Memory (MB): peak = 875.855 ; gain = 0.000
relaunch_sim
INFO: [Vivado 12-5682] Launching behavioral simulation in 'C:/Users/Public/Documents/PVSDRA/Lab_3/Lab_3.sim/sim_1/behav/xsim'
INFO: [SIM-utils-51] Simulation object is 'sim_1'
INFO: [SIM-utils-54] Inspecting design source files for 'FIR_tb' in fileset 'sim_1'...
INFO: [USF-XSim-97] Finding global include files...
INFO: [USF-XSim-98] Fetching design files from 'sim_1'...
INFO: [USF-XSim-2] XSim::Compile design
INFO: [USF-XSim-61] Executing 'COMPILE and ANALYZE' step in 'C:/Users/Public/Documents/PVSDRA/Lab_3/Lab_3.sim/sim_1/behav/xsim'
"xvhdl --incr --relax -prj FIR_tb_vhdl.prj"
INFO: [VRFC 10-163] Analyzing VHDL file "C:/Users/Public/Documents/PVSDRA/Lab_3/Lab_3.srcs/sim_1/new/FIR_tb.vhd" into library xil_defaultlib
INFO: [VRFC 10-307] analyzing entity FIR_tb
INFO: [USF-XSim-69] 'compile' step finished in '1' seconds
INFO: [Vivado 12-5682] Launching behavioral simulation in 'C:/Users/Public/Documents/PVSDRA/Lab_3/Lab_3.sim/sim_1/behav/xsim'
INFO: [USF-XSim-3] XSim::Elaborate design
INFO: [USF-XSim-61] Executing 'ELABORATE' step in 'C:/Users/Public/Documents/PVSDRA/Lab_3/Lab_3.sim/sim_1/behav/xsim'
Vivado Simulator 2018.2
Copyright 1986-1999, 2001-2018 Xilinx, Inc. All Rights Reserved.
Running: D:/Xilinx/Vivado/2018.2/bin/unwrapped/win64.o/xelab.exe -wto ba93bc7316ac4ceb80ae35f65eb8577a --incr --debug typical --relax --mt 2 -L xil_defaultlib -L secureip --snapshot FIR_tb_behav xil_defaultlib.FIR_tb -log elaborate.log 
Using 2 slave threads.
Starting static elaboration
Completed static elaboration
Starting simulation data flow analysis
Completed simulation data flow analysis
Time Resolution for simulation is 1ps
Compiling package std.standard
Compiling package std.textio
Compiling package ieee.std_logic_1164
Compiling package ieee.numeric_std
Compiling package std.env
Compiling package ieee.std_logic_arith
Compiling package ieee.std_logic_unsigned
Compiling architecture behavioral of entity xil_defaultlib.ROM [rom_default]
Compiling architecture behavioral of entity xil_defaultlib.FSM [fsm_default]
Compiling architecture behavioral of entity xil_defaultlib.FIR [fir_default]
Compiling architecture behavioral of entity xil_defaultlib.fir_tb
Built simulation snapshot FIR_tb_behav
INFO: [USF-XSim-69] 'elaborate' step finished in '1' seconds
Vivado Simulator 2018.2
Time resolution is 1 ps
relaunch_sim: Time (s): cpu = 00:00:00 ; elapsed = 00:00:06 . Memory (MB): peak = 876.582 ; gain = 0.727
relaunch_sim
INFO: [Vivado 12-5682] Launching behavioral simulation in 'C:/Users/Public/Documents/PVSDRA/Lab_3/Lab_3.sim/sim_1/behav/xsim'
INFO: [SIM-utils-51] Simulation object is 'sim_1'
INFO: [SIM-utils-54] Inspecting design source files for 'FIR_tb' in fileset 'sim_1'...
INFO: [USF-XSim-97] Finding global include files...
INFO: [USF-XSim-98] Fetching design files from 'sim_1'...
INFO: [USF-XSim-2] XSim::Compile design
INFO: [USF-XSim-61] Executing 'COMPILE and ANALYZE' step in 'C:/Users/Public/Documents/PVSDRA/Lab_3/Lab_3.sim/sim_1/behav/xsim'
"xvhdl --incr --relax -prj FIR_tb_vhdl.prj"
INFO: [VRFC 10-163] Analyzing VHDL file "C:/Users/Public/Documents/PVSDRA/Lab_3/Lab_3.srcs/sim_1/new/FIR_tb.vhd" into library xil_defaultlib
INFO: [VRFC 10-307] analyzing entity FIR_tb
INFO: [USF-XSim-69] 'compile' step finished in '1' seconds
INFO: [Vivado 12-5682] Launching behavioral simulation in 'C:/Users/Public/Documents/PVSDRA/Lab_3/Lab_3.sim/sim_1/behav/xsim'
INFO: [USF-XSim-3] XSim::Elaborate design
INFO: [USF-XSim-61] Executing 'ELABORATE' step in 'C:/Users/Public/Documents/PVSDRA/Lab_3/Lab_3.sim/sim_1/behav/xsim'
Vivado Simulator 2018.2
Copyright 1986-1999, 2001-2018 Xilinx, Inc. All Rights Reserved.
Running: D:/Xilinx/Vivado/2018.2/bin/unwrapped/win64.o/xelab.exe -wto ba93bc7316ac4ceb80ae35f65eb8577a --incr --debug typical --relax --mt 2 -L xil_defaultlib -L secureip --snapshot FIR_tb_behav xil_defaultlib.FIR_tb -log elaborate.log 
Using 2 slave threads.
Starting static elaboration
Completed static elaboration
Starting simulation data flow analysis
Completed simulation data flow analysis
Time Resolution for simulation is 1ps
Compiling package std.standard
Compiling package std.textio
Compiling package ieee.std_logic_1164
Compiling package ieee.numeric_std
Compiling package std.env
Compiling package ieee.std_logic_arith
Compiling package ieee.std_logic_unsigned
Compiling architecture behavioral of entity xil_defaultlib.ROM [rom_default]
Compiling architecture behavioral of entity xil_defaultlib.FSM [fsm_default]
Compiling architecture behavioral of entity xil_defaultlib.FIR [fir_default]
Compiling architecture behavioral of entity xil_defaultlib.fir_tb
Built simulation snapshot FIR_tb_behav
INFO: [USF-XSim-69] 'elaborate' step finished in '2' seconds
Vivado Simulator 2018.2
Time resolution is 1 ps
relaunch_sim: Time (s): cpu = 00:00:01 ; elapsed = 00:00:05 . Memory (MB): peak = 881.922 ; gain = 3.707
relaunch_sim
INFO: [Vivado 12-5682] Launching behavioral simulation in 'C:/Users/Public/Documents/PVSDRA/Lab_3/Lab_3.sim/sim_1/behav/xsim'
INFO: [SIM-utils-51] Simulation object is 'sim_1'
INFO: [SIM-utils-54] Inspecting design source files for 'FIR_tb' in fileset 'sim_1'...
INFO: [USF-XSim-97] Finding global include files...
INFO: [USF-XSim-98] Fetching design files from 'sim_1'...
INFO: [USF-XSim-2] XSim::Compile design
INFO: [USF-XSim-61] Executing 'COMPILE and ANALYZE' step in 'C:/Users/Public/Documents/PVSDRA/Lab_3/Lab_3.sim/sim_1/behav/xsim'
"xvhdl --incr --relax -prj FIR_tb_vhdl.prj"
INFO: [VRFC 10-163] Analyzing VHDL file "C:/Users/Public/Documents/PVSDRA/Lab_3/Lab_3.srcs/sim_1/new/FIR_tb.vhd" into library xil_defaultlib
INFO: [VRFC 10-307] analyzing entity FIR_tb
INFO: [USF-XSim-69] 'compile' step finished in '1' seconds
INFO: [Vivado 12-5682] Launching behavioral simulation in 'C:/Users/Public/Documents/PVSDRA/Lab_3/Lab_3.sim/sim_1/behav/xsim'
INFO: [USF-XSim-3] XSim::Elaborate design
INFO: [USF-XSim-61] Executing 'ELABORATE' step in 'C:/Users/Public/Documents/PVSDRA/Lab_3/Lab_3.sim/sim_1/behav/xsim'
Vivado Simulator 2018.2
Copyright 1986-1999, 2001-2018 Xilinx, Inc. All Rights Reserved.
Running: D:/Xilinx/Vivado/2018.2/bin/unwrapped/win64.o/xelab.exe -wto ba93bc7316ac4ceb80ae35f65eb8577a --incr --debug typical --relax --mt 2 -L xil_defaultlib -L secureip --snapshot FIR_tb_behav xil_defaultlib.FIR_tb -log elaborate.log 
Using 2 slave threads.
Starting static elaboration
Completed static elaboration
Starting simulation data flow analysis
Completed simulation data flow analysis
Time Resolution for simulation is 1ps
Compiling package std.standard
Compiling package std.textio
Compiling package ieee.std_logic_1164
Compiling package ieee.numeric_std
Compiling package std.env
Compiling package ieee.std_logic_arith
Compiling package ieee.std_logic_unsigned
Compiling architecture behavioral of entity xil_defaultlib.ROM [rom_default]
Compiling architecture behavioral of entity xil_defaultlib.FSM [fsm_default]
Compiling architecture behavioral of entity xil_defaultlib.FIR [fir_default]
Compiling architecture behavioral of entity xil_defaultlib.fir_tb
Built simulation snapshot FIR_tb_behav
INFO: [USF-XSim-69] 'elaborate' step finished in '2' seconds
Vivado Simulator 2018.2
Time resolution is 1 ps
relaunch_sim: Time (s): cpu = 00:00:00 ; elapsed = 00:00:06 . Memory (MB): peak = 888.996 ; gain = 0.023
relaunch_sim
INFO: [Vivado 12-5682] Launching behavioral simulation in 'C:/Users/Public/Documents/PVSDRA/Lab_3/Lab_3.sim/sim_1/behav/xsim'
INFO: [SIM-utils-51] Simulation object is 'sim_1'
INFO: [SIM-utils-54] Inspecting design source files for 'FIR_tb' in fileset 'sim_1'...
INFO: [USF-XSim-97] Finding global include files...
INFO: [USF-XSim-98] Fetching design files from 'sim_1'...
INFO: [USF-XSim-2] XSim::Compile design
INFO: [USF-XSim-61] Executing 'COMPILE and ANALYZE' step in 'C:/Users/Public/Documents/PVSDRA/Lab_3/Lab_3.sim/sim_1/behav/xsim'
"xvhdl --incr --relax -prj FIR_tb_vhdl.prj"
INFO: [VRFC 10-163] Analyzing VHDL file "C:/Users/Public/Documents/PVSDRA/Lab_3/Lab_3.srcs/sim_1/new/FIR_tb.vhd" into library xil_defaultlib
INFO: [VRFC 10-307] analyzing entity FIR_tb
INFO: [USF-XSim-69] 'compile' step finished in '1' seconds
INFO: [Vivado 12-5682] Launching behavioral simulation in 'C:/Users/Public/Documents/PVSDRA/Lab_3/Lab_3.sim/sim_1/behav/xsim'
INFO: [USF-XSim-3] XSim::Elaborate design
INFO: [USF-XSim-61] Executing 'ELABORATE' step in 'C:/Users/Public/Documents/PVSDRA/Lab_3/Lab_3.sim/sim_1/behav/xsim'
Vivado Simulator 2018.2
Copyright 1986-1999, 2001-2018 Xilinx, Inc. All Rights Reserved.
Running: D:/Xilinx/Vivado/2018.2/bin/unwrapped/win64.o/xelab.exe -wto ba93bc7316ac4ceb80ae35f65eb8577a --incr --debug typical --relax --mt 2 -L xil_defaultlib -L secureip --snapshot FIR_tb_behav xil_defaultlib.FIR_tb -log elaborate.log 
Using 2 slave threads.
Starting static elaboration
Completed static elaboration
Starting simulation data flow analysis
Completed simulation data flow analysis
Time Resolution for simulation is 1ps
Compiling package std.standard
Compiling package std.textio
Compiling package ieee.std_logic_1164
Compiling package ieee.numeric_std
Compiling package std.env
Compiling package ieee.std_logic_arith
Compiling package ieee.std_logic_unsigned
Compiling architecture behavioral of entity xil_defaultlib.ROM [rom_default]
Compiling architecture behavioral of entity xil_defaultlib.FSM [fsm_default]
Compiling architecture behavioral of entity xil_defaultlib.FIR [fir_default]
Compiling architecture behavioral of entity xil_defaultlib.fir_tb
Built simulation snapshot FIR_tb_behav
INFO: [USF-XSim-69] 'elaborate' step finished in '2' seconds
Vivado Simulator 2018.2
Time resolution is 1 ps
relaunch_sim: Time (s): cpu = 00:00:00 ; elapsed = 00:00:05 . Memory (MB): peak = 893.395 ; gain = 0.000
relaunch_sim
INFO: [Vivado 12-5682] Launching behavioral simulation in 'C:/Users/Public/Documents/PVSDRA/Lab_3/Lab_3.sim/sim_1/behav/xsim'
INFO: [SIM-utils-51] Simulation object is 'sim_1'
INFO: [SIM-utils-54] Inspecting design source files for 'FIR_tb' in fileset 'sim_1'...
INFO: [USF-XSim-97] Finding global include files...
INFO: [USF-XSim-98] Fetching design files from 'sim_1'...
INFO: [USF-XSim-2] XSim::Compile design
INFO: [USF-XSim-61] Executing 'COMPILE and ANALYZE' step in 'C:/Users/Public/Documents/PVSDRA/Lab_3/Lab_3.sim/sim_1/behav/xsim'
"xvhdl --incr --relax -prj FIR_tb_vhdl.prj"
INFO: [VRFC 10-163] Analyzing VHDL file "C:/Users/Public/Documents/PVSDRA/Lab_3/Lab_3.srcs/sources_1/new/FIR.vhd" into library xil_defaultlib
INFO: [VRFC 10-307] analyzing entity FIR
INFO: [VRFC 10-163] Analyzing VHDL file "C:/Users/Public/Documents/PVSDRA/Lab_3/Lab_3.srcs/sim_1/new/FIR_tb.vhd" into library xil_defaultlib
INFO: [VRFC 10-307] analyzing entity FIR_tb
INFO: [USF-XSim-69] 'compile' step finished in '1' seconds
INFO: [Vivado 12-5682] Launching behavioral simulation in 'C:/Users/Public/Documents/PVSDRA/Lab_3/Lab_3.sim/sim_1/behav/xsim'
INFO: [USF-XSim-3] XSim::Elaborate design
INFO: [USF-XSim-61] Executing 'ELABORATE' step in 'C:/Users/Public/Documents/PVSDRA/Lab_3/Lab_3.sim/sim_1/behav/xsim'
Vivado Simulator 2018.2
Copyright 1986-1999, 2001-2018 Xilinx, Inc. All Rights Reserved.
Running: D:/Xilinx/Vivado/2018.2/bin/unwrapped/win64.o/xelab.exe -wto ba93bc7316ac4ceb80ae35f65eb8577a --incr --debug typical --relax --mt 2 -L xil_defaultlib -L secureip --snapshot FIR_tb_behav xil_defaultlib.FIR_tb -log elaborate.log 
Using 2 slave threads.
Starting static elaboration
Completed static elaboration
Starting simulation data flow analysis
Completed simulation data flow analysis
Time Resolution for simulation is 1ps
Compiling package std.standard
Compiling package std.textio
Compiling package ieee.std_logic_1164
Compiling package ieee.numeric_std
Compiling package std.env
Compiling package ieee.std_logic_arith
Compiling package ieee.std_logic_unsigned
Compiling architecture behavioral of entity xil_defaultlib.ROM [rom_default]
Compiling architecture behavioral of entity xil_defaultlib.FSM [fsm_default]
Compiling architecture behavioral of entity xil_defaultlib.FIR [fir_default]
Compiling architecture behavioral of entity xil_defaultlib.fir_tb
Built simulation snapshot FIR_tb_behav
INFO: [USF-XSim-69] 'elaborate' step finished in '1' seconds
Vivado Simulator 2018.2
Time resolution is 1 ps
relaunch_sim
INFO: [Vivado 12-5682] Launching behavioral simulation in 'C:/Users/Public/Documents/PVSDRA/Lab_3/Lab_3.sim/sim_1/behav/xsim'
INFO: [SIM-utils-51] Simulation object is 'sim_1'
INFO: [SIM-utils-54] Inspecting design source files for 'FIR_tb' in fileset 'sim_1'...
INFO: [USF-XSim-97] Finding global include files...
INFO: [USF-XSim-98] Fetching design files from 'sim_1'...
INFO: [USF-XSim-2] XSim::Compile design
INFO: [USF-XSim-61] Executing 'COMPILE and ANALYZE' step in 'C:/Users/Public/Documents/PVSDRA/Lab_3/Lab_3.sim/sim_1/behav/xsim'
"xvhdl --incr --relax -prj FIR_tb_vhdl.prj"
INFO: [VRFC 10-163] Analyzing VHDL file "C:/Users/Public/Documents/PVSDRA/Lab_3/Lab_3.srcs/sources_1/new/FIR.vhd" into library xil_defaultlib
INFO: [VRFC 10-307] analyzing entity FIR
INFO: [VRFC 10-163] Analyzing VHDL file "C:/Users/Public/Documents/PVSDRA/Lab_3/Lab_3.srcs/sim_1/new/FIR_tb.vhd" into library xil_defaultlib
INFO: [VRFC 10-307] analyzing entity FIR_tb
INFO: [USF-XSim-69] 'compile' step finished in '1' seconds
INFO: [Vivado 12-5682] Launching behavioral simulation in 'C:/Users/Public/Documents/PVSDRA/Lab_3/Lab_3.sim/sim_1/behav/xsim'
INFO: [USF-XSim-3] XSim::Elaborate design
INFO: [USF-XSim-61] Executing 'ELABORATE' step in 'C:/Users/Public/Documents/PVSDRA/Lab_3/Lab_3.sim/sim_1/behav/xsim'
Vivado Simulator 2018.2
Copyright 1986-1999, 2001-2018 Xilinx, Inc. All Rights Reserved.
Running: D:/Xilinx/Vivado/2018.2/bin/unwrapped/win64.o/xelab.exe -wto ba93bc7316ac4ceb80ae35f65eb8577a --incr --debug typical --relax --mt 2 -L xil_defaultlib -L secureip --snapshot FIR_tb_behav xil_defaultlib.FIR_tb -log elaborate.log 
Using 2 slave threads.
Starting static elaboration
Completed static elaboration
Starting simulation data flow analysis
Completed simulation data flow analysis
Time Resolution for simulation is 1ps
Compiling package std.standard
Compiling package std.textio
Compiling package ieee.std_logic_1164
Compiling package ieee.numeric_std
Compiling package std.env
Compiling package ieee.std_logic_arith
Compiling package ieee.std_logic_unsigned
Compiling architecture behavioral of entity xil_defaultlib.ROM [rom_default]
Compiling architecture behavioral of entity xil_defaultlib.FSM [fsm_default]
Compiling architecture behavioral of entity xil_defaultlib.FIR [fir_default]
Compiling architecture behavioral of entity xil_defaultlib.fir_tb
Built simulation snapshot FIR_tb_behav
INFO: [USF-XSim-69] 'elaborate' step finished in '2' seconds
Vivado Simulator 2018.2
Time resolution is 1 ps
relaunch_sim
INFO: [Vivado 12-5682] Launching behavioral simulation in 'C:/Users/Public/Documents/PVSDRA/Lab_3/Lab_3.sim/sim_1/behav/xsim'
INFO: [SIM-utils-51] Simulation object is 'sim_1'
INFO: [SIM-utils-54] Inspecting design source files for 'FIR_tb' in fileset 'sim_1'...
INFO: [USF-XSim-97] Finding global include files...
INFO: [USF-XSim-98] Fetching design files from 'sim_1'...
INFO: [USF-XSim-2] XSim::Compile design
INFO: [USF-XSim-61] Executing 'COMPILE and ANALYZE' step in 'C:/Users/Public/Documents/PVSDRA/Lab_3/Lab_3.sim/sim_1/behav/xsim'
"xvhdl --incr --relax -prj FIR_tb_vhdl.prj"
INFO: [VRFC 10-163] Analyzing VHDL file "C:/Users/Public/Documents/PVSDRA/Lab_3/Lab_3.srcs/sources_1/new/FIR.vhd" into library xil_defaultlib
INFO: [VRFC 10-307] analyzing entity FIR
INFO: [VRFC 10-163] Analyzing VHDL file "C:/Users/Public/Documents/PVSDRA/Lab_3/Lab_3.srcs/sim_1/new/FIR_tb.vhd" into library xil_defaultlib
INFO: [VRFC 10-307] analyzing entity FIR_tb
INFO: [USF-XSim-69] 'compile' step finished in '1' seconds
INFO: [Vivado 12-5682] Launching behavioral simulation in 'C:/Users/Public/Documents/PVSDRA/Lab_3/Lab_3.sim/sim_1/behav/xsim'
INFO: [USF-XSim-3] XSim::Elaborate design
INFO: [USF-XSim-61] Executing 'ELABORATE' step in 'C:/Users/Public/Documents/PVSDRA/Lab_3/Lab_3.sim/sim_1/behav/xsim'
Vivado Simulator 2018.2
Copyright 1986-1999, 2001-2018 Xilinx, Inc. All Rights Reserved.
Running: D:/Xilinx/Vivado/2018.2/bin/unwrapped/win64.o/xelab.exe -wto ba93bc7316ac4ceb80ae35f65eb8577a --incr --debug typical --relax --mt 2 -L xil_defaultlib -L secureip --snapshot FIR_tb_behav xil_defaultlib.FIR_tb -log elaborate.log 
Using 2 slave threads.
Starting static elaboration
Completed static elaboration
Starting simulation data flow analysis
Completed simulation data flow analysis
Time Resolution for simulation is 1ps
Compiling package std.standard
Compiling package std.textio
Compiling package ieee.std_logic_1164
Compiling package ieee.numeric_std
Compiling package std.env
Compiling package ieee.std_logic_arith
Compiling package ieee.std_logic_unsigned
Compiling architecture behavioral of entity xil_defaultlib.ROM [rom_default]
Compiling architecture behavioral of entity xil_defaultlib.FSM [fsm_default]
Compiling architecture behavioral of entity xil_defaultlib.FIR [fir_default]
Compiling architecture behavioral of entity xil_defaultlib.fir_tb
Built simulation snapshot FIR_tb_behav
INFO: [USF-XSim-69] 'elaborate' step finished in '1' seconds
Vivado Simulator 2018.2
Time resolution is 1 ps
ERROR: Array sizes do not match, left array has 3 elements, right array has 2 elements
Time: 0 ps  Iteration: 0  Process: /FIR_tb/uut/\gen_addr(2)\/line__167
  File: C:/Users/Public/Documents/PVSDRA/Lab_3/Lab_3.srcs/sources_1/new/FIR.vhd

HDL Line: C:/Users/Public/Documents/PVSDRA/Lab_3/Lab_3.srcs/sources_1/new/FIR.vhd:167
relaunch_sim
INFO: [Vivado 12-5682] Launching behavioral simulation in 'C:/Users/Public/Documents/PVSDRA/Lab_3/Lab_3.sim/sim_1/behav/xsim'
INFO: [SIM-utils-51] Simulation object is 'sim_1'
INFO: [SIM-utils-54] Inspecting design source files for 'FIR_tb' in fileset 'sim_1'...
INFO: [USF-XSim-97] Finding global include files...
INFO: [USF-XSim-98] Fetching design files from 'sim_1'...
INFO: [USF-XSim-2] XSim::Compile design
INFO: [USF-XSim-61] Executing 'COMPILE and ANALYZE' step in 'C:/Users/Public/Documents/PVSDRA/Lab_3/Lab_3.sim/sim_1/behav/xsim'
"xvhdl --incr --relax -prj FIR_tb_vhdl.prj"
INFO: [VRFC 10-163] Analyzing VHDL file "C:/Users/Public/Documents/PVSDRA/Lab_3/Lab_3.srcs/sources_1/new/ROM.vhd" into library xil_defaultlib
INFO: [VRFC 10-307] analyzing entity ROM
INFO: [VRFC 10-163] Analyzing VHDL file "C:/Users/Public/Documents/PVSDRA/Lab_3/Lab_3.srcs/sources_1/new/FIR.vhd" into library xil_defaultlib
INFO: [VRFC 10-307] analyzing entity FIR
INFO: [VRFC 10-163] Analyzing VHDL file "C:/Users/Public/Documents/PVSDRA/Lab_3/Lab_3.srcs/sim_1/new/FIR_tb.vhd" into library xil_defaultlib
INFO: [VRFC 10-307] analyzing entity FIR_tb
INFO: [USF-XSim-69] 'compile' step finished in '1' seconds
INFO: [Vivado 12-5682] Launching behavioral simulation in 'C:/Users/Public/Documents/PVSDRA/Lab_3/Lab_3.sim/sim_1/behav/xsim'
INFO: [USF-XSim-3] XSim::Elaborate design
INFO: [USF-XSim-61] Executing 'ELABORATE' step in 'C:/Users/Public/Documents/PVSDRA/Lab_3/Lab_3.sim/sim_1/behav/xsim'
Vivado Simulator 2018.2
Copyright 1986-1999, 2001-2018 Xilinx, Inc. All Rights Reserved.
Running: D:/Xilinx/Vivado/2018.2/bin/unwrapped/win64.o/xelab.exe -wto ba93bc7316ac4ceb80ae35f65eb8577a --incr --debug typical --relax --mt 2 -L xil_defaultlib -L secureip --snapshot FIR_tb_behav xil_defaultlib.FIR_tb -log elaborate.log 
Using 2 slave threads.
Starting static elaboration
Completed static elaboration
Starting simulation data flow analysis
Completed simulation data flow analysis
Time Resolution for simulation is 1ps
Compiling package std.standard
Compiling package std.textio
Compiling package ieee.std_logic_1164
Compiling package ieee.numeric_std
Compiling package std.env
Compiling package ieee.std_logic_arith
Compiling package ieee.std_logic_unsigned
Compiling architecture behavioral of entity xil_defaultlib.ROM [rom_default]
Compiling architecture behavioral of entity xil_defaultlib.FSM [fsm_default]
Compiling architecture behavioral of entity xil_defaultlib.FIR [fir_default]
Compiling architecture behavioral of entity xil_defaultlib.fir_tb
Built simulation snapshot FIR_tb_behav
INFO: [USF-XSim-69] 'elaborate' step finished in '2' seconds
Vivado Simulator 2018.2
Time resolution is 1 ps
relaunch_sim: Time (s): cpu = 00:00:00 ; elapsed = 00:00:07 . Memory (MB): peak = 901.152 ; gain = 0.000
relaunch_sim
INFO: [Vivado 12-5682] Launching behavioral simulation in 'C:/Users/Public/Documents/PVSDRA/Lab_3/Lab_3.sim/sim_1/behav/xsim'
INFO: [SIM-utils-51] Simulation object is 'sim_1'
INFO: [SIM-utils-54] Inspecting design source files for 'FIR_tb' in fileset 'sim_1'...
INFO: [USF-XSim-97] Finding global include files...
INFO: [USF-XSim-98] Fetching design files from 'sim_1'...
INFO: [USF-XSim-2] XSim::Compile design
INFO: [USF-XSim-61] Executing 'COMPILE and ANALYZE' step in 'C:/Users/Public/Documents/PVSDRA/Lab_3/Lab_3.sim/sim_1/behav/xsim'
"xvhdl --incr --relax -prj FIR_tb_vhdl.prj"
INFO: [VRFC 10-163] Analyzing VHDL file "C:/Users/Public/Documents/PVSDRA/Lab_3/Lab_3.srcs/sources_1/new/ROM.vhd" into library xil_defaultlib
INFO: [VRFC 10-307] analyzing entity ROM
INFO: [VRFC 10-163] Analyzing VHDL file "C:/Users/Public/Documents/PVSDRA/Lab_3/Lab_3.srcs/sources_1/new/FIR.vhd" into library xil_defaultlib
INFO: [VRFC 10-307] analyzing entity FIR
INFO: [VRFC 10-163] Analyzing VHDL file "C:/Users/Public/Documents/PVSDRA/Lab_3/Lab_3.srcs/sim_1/new/FIR_tb.vhd" into library xil_defaultlib
INFO: [VRFC 10-307] analyzing entity FIR_tb
INFO: [USF-XSim-69] 'compile' step finished in '1' seconds
INFO: [Vivado 12-5682] Launching behavioral simulation in 'C:/Users/Public/Documents/PVSDRA/Lab_3/Lab_3.sim/sim_1/behav/xsim'
INFO: [USF-XSim-3] XSim::Elaborate design
INFO: [USF-XSim-61] Executing 'ELABORATE' step in 'C:/Users/Public/Documents/PVSDRA/Lab_3/Lab_3.sim/sim_1/behav/xsim'
Vivado Simulator 2018.2
Copyright 1986-1999, 2001-2018 Xilinx, Inc. All Rights Reserved.
Running: D:/Xilinx/Vivado/2018.2/bin/unwrapped/win64.o/xelab.exe -wto ba93bc7316ac4ceb80ae35f65eb8577a --incr --debug typical --relax --mt 2 -L xil_defaultlib -L secureip --snapshot FIR_tb_behav xil_defaultlib.FIR_tb -log elaborate.log 
Using 2 slave threads.
Starting static elaboration
Completed static elaboration
Starting simulation data flow analysis
Completed simulation data flow analysis
Time Resolution for simulation is 1ps
Compiling package std.standard
Compiling package std.textio
Compiling package ieee.std_logic_1164
Compiling package ieee.numeric_std
Compiling package std.env
Compiling package ieee.std_logic_arith
Compiling package ieee.std_logic_unsigned
Compiling architecture behavioral of entity xil_defaultlib.ROM [rom_default]
Compiling architecture behavioral of entity xil_defaultlib.FSM [fsm_default]
Compiling architecture behavioral of entity xil_defaultlib.FIR [fir_default]
Compiling architecture behavioral of entity xil_defaultlib.fir_tb
Built simulation snapshot FIR_tb_behav
INFO: [USF-XSim-69] 'elaborate' step finished in '2' seconds
Vivado Simulator 2018.2
Time resolution is 1 ps
relaunch_sim: Time (s): cpu = 00:00:00 ; elapsed = 00:00:07 . Memory (MB): peak = 901.945 ; gain = 0.000
relaunch_sim
INFO: [Vivado 12-5682] Launching behavioral simulation in 'C:/Users/Public/Documents/PVSDRA/Lab_3/Lab_3.sim/sim_1/behav/xsim'
INFO: [SIM-utils-51] Simulation object is 'sim_1'
INFO: [SIM-utils-54] Inspecting design source files for 'FIR_tb' in fileset 'sim_1'...
INFO: [USF-XSim-97] Finding global include files...
INFO: [USF-XSim-98] Fetching design files from 'sim_1'...
INFO: [USF-XSim-2] XSim::Compile design
INFO: [USF-XSim-61] Executing 'COMPILE and ANALYZE' step in 'C:/Users/Public/Documents/PVSDRA/Lab_3/Lab_3.sim/sim_1/behav/xsim'
"xvhdl --incr --relax -prj FIR_tb_vhdl.prj"
INFO: [VRFC 10-163] Analyzing VHDL file "C:/Users/Public/Documents/PVSDRA/Lab_3/Lab_3.srcs/sources_1/new/FIR.vhd" into library xil_defaultlib
INFO: [VRFC 10-307] analyzing entity FIR
INFO: [VRFC 10-163] Analyzing VHDL file "C:/Users/Public/Documents/PVSDRA/Lab_3/Lab_3.srcs/sim_1/new/FIR_tb.vhd" into library xil_defaultlib
INFO: [VRFC 10-307] analyzing entity FIR_tb
INFO: [USF-XSim-69] 'compile' step finished in '1' seconds
INFO: [Vivado 12-5682] Launching behavioral simulation in 'C:/Users/Public/Documents/PVSDRA/Lab_3/Lab_3.sim/sim_1/behav/xsim'
INFO: [USF-XSim-3] XSim::Elaborate design
INFO: [USF-XSim-61] Executing 'ELABORATE' step in 'C:/Users/Public/Documents/PVSDRA/Lab_3/Lab_3.sim/sim_1/behav/xsim'
Vivado Simulator 2018.2
Copyright 1986-1999, 2001-2018 Xilinx, Inc. All Rights Reserved.
Running: D:/Xilinx/Vivado/2018.2/bin/unwrapped/win64.o/xelab.exe -wto ba93bc7316ac4ceb80ae35f65eb8577a --incr --debug typical --relax --mt 2 -L xil_defaultlib -L secureip --snapshot FIR_tb_behav xil_defaultlib.FIR_tb -log elaborate.log 
Using 2 slave threads.
Starting static elaboration
Completed static elaboration
Starting simulation data flow analysis
Completed simulation data flow analysis
Time Resolution for simulation is 1ps
Compiling package std.standard
Compiling package std.textio
Compiling package ieee.std_logic_1164
Compiling package ieee.numeric_std
Compiling package std.env
Compiling package ieee.std_logic_arith
Compiling package ieee.std_logic_unsigned
Compiling architecture behavioral of entity xil_defaultlib.ROM [rom_default]
Compiling architecture behavioral of entity xil_defaultlib.FSM [fsm_default]
Compiling architecture behavioral of entity xil_defaultlib.FIR [fir_default]
Compiling architecture behavioral of entity xil_defaultlib.fir_tb
Built simulation snapshot FIR_tb_behav
INFO: [USF-XSim-69] 'elaborate' step finished in '2' seconds
Vivado Simulator 2018.2
Time resolution is 1 ps
relaunch_sim: Time (s): cpu = 00:00:00 ; elapsed = 00:00:06 . Memory (MB): peak = 901.945 ; gain = 0.000
relaunch_sim
INFO: [Vivado 12-5682] Launching behavioral simulation in 'C:/Users/Public/Documents/PVSDRA/Lab_3/Lab_3.sim/sim_1/behav/xsim'
INFO: [SIM-utils-51] Simulation object is 'sim_1'
INFO: [SIM-utils-54] Inspecting design source files for 'FIR_tb' in fileset 'sim_1'...
INFO: [USF-XSim-97] Finding global include files...
INFO: [USF-XSim-98] Fetching design files from 'sim_1'...
INFO: [USF-XSim-2] XSim::Compile design
INFO: [USF-XSim-61] Executing 'COMPILE and ANALYZE' step in 'C:/Users/Public/Documents/PVSDRA/Lab_3/Lab_3.sim/sim_1/behav/xsim'
"xvhdl --incr --relax -prj FIR_tb_vhdl.prj"
INFO: [VRFC 10-163] Analyzing VHDL file "C:/Users/Public/Documents/PVSDRA/Lab_3/Lab_3.srcs/sources_1/new/FSM.vhd" into library xil_defaultlib
INFO: [VRFC 10-307] analyzing entity FSM
INFO: [VRFC 10-163] Analyzing VHDL file "C:/Users/Public/Documents/PVSDRA/Lab_3/Lab_3.srcs/sources_1/new/FIR.vhd" into library xil_defaultlib
INFO: [VRFC 10-307] analyzing entity FIR
INFO: [VRFC 10-163] Analyzing VHDL file "C:/Users/Public/Documents/PVSDRA/Lab_3/Lab_3.srcs/sim_1/new/FIR_tb.vhd" into library xil_defaultlib
INFO: [VRFC 10-307] analyzing entity FIR_tb
INFO: [USF-XSim-69] 'compile' step finished in '1' seconds
INFO: [Vivado 12-5682] Launching behavioral simulation in 'C:/Users/Public/Documents/PVSDRA/Lab_3/Lab_3.sim/sim_1/behav/xsim'
INFO: [USF-XSim-3] XSim::Elaborate design
INFO: [USF-XSim-61] Executing 'ELABORATE' step in 'C:/Users/Public/Documents/PVSDRA/Lab_3/Lab_3.sim/sim_1/behav/xsim'
Vivado Simulator 2018.2
Copyright 1986-1999, 2001-2018 Xilinx, Inc. All Rights Reserved.
Running: D:/Xilinx/Vivado/2018.2/bin/unwrapped/win64.o/xelab.exe -wto ba93bc7316ac4ceb80ae35f65eb8577a --incr --debug typical --relax --mt 2 -L xil_defaultlib -L secureip --snapshot FIR_tb_behav xil_defaultlib.FIR_tb -log elaborate.log 
Using 2 slave threads.
Starting static elaboration
Completed static elaboration
Starting simulation data flow analysis
Completed simulation data flow analysis
Time Resolution for simulation is 1ps
Compiling package std.standard
Compiling package std.textio
Compiling package ieee.std_logic_1164
Compiling package ieee.numeric_std
Compiling package std.env
Compiling package ieee.std_logic_arith
Compiling package ieee.std_logic_unsigned
Compiling architecture behavioral of entity xil_defaultlib.ROM [rom_default]
Compiling architecture behavioral of entity xil_defaultlib.FSM [fsm_default]
Compiling architecture behavioral of entity xil_defaultlib.FIR [fir_default]
Compiling architecture behavioral of entity xil_defaultlib.fir_tb
Built simulation snapshot FIR_tb_behav
INFO: [USF-XSim-69] 'elaborate' step finished in '1' seconds
Vivado Simulator 2018.2
Time resolution is 1 ps
relaunch_sim
INFO: [Vivado 12-5682] Launching behavioral simulation in 'C:/Users/Public/Documents/PVSDRA/Lab_3/Lab_3.sim/sim_1/behav/xsim'
INFO: [SIM-utils-51] Simulation object is 'sim_1'
INFO: [SIM-utils-54] Inspecting design source files for 'FIR_tb' in fileset 'sim_1'...
INFO: [USF-XSim-97] Finding global include files...
INFO: [USF-XSim-98] Fetching design files from 'sim_1'...
INFO: [USF-XSim-2] XSim::Compile design
INFO: [USF-XSim-61] Executing 'COMPILE and ANALYZE' step in 'C:/Users/Public/Documents/PVSDRA/Lab_3/Lab_3.sim/sim_1/behav/xsim'
"xvhdl --incr --relax -prj FIR_tb_vhdl.prj"
INFO: [VRFC 10-163] Analyzing VHDL file "C:/Users/Public/Documents/PVSDRA/Lab_3/Lab_3.srcs/sources_1/new/FSM.vhd" into library xil_defaultlib
INFO: [VRFC 10-307] analyzing entity FSM
INFO: [VRFC 10-163] Analyzing VHDL file "C:/Users/Public/Documents/PVSDRA/Lab_3/Lab_3.srcs/sources_1/new/FIR.vhd" into library xil_defaultlib
INFO: [VRFC 10-307] analyzing entity FIR
INFO: [VRFC 10-163] Analyzing VHDL file "C:/Users/Public/Documents/PVSDRA/Lab_3/Lab_3.srcs/sim_1/new/FIR_tb.vhd" into library xil_defaultlib
INFO: [VRFC 10-307] analyzing entity FIR_tb
INFO: [USF-XSim-69] 'compile' step finished in '1' seconds
INFO: [Vivado 12-5682] Launching behavioral simulation in 'C:/Users/Public/Documents/PVSDRA/Lab_3/Lab_3.sim/sim_1/behav/xsim'
INFO: [USF-XSim-3] XSim::Elaborate design
INFO: [USF-XSim-61] Executing 'ELABORATE' step in 'C:/Users/Public/Documents/PVSDRA/Lab_3/Lab_3.sim/sim_1/behav/xsim'
Vivado Simulator 2018.2
Copyright 1986-1999, 2001-2018 Xilinx, Inc. All Rights Reserved.
Running: D:/Xilinx/Vivado/2018.2/bin/unwrapped/win64.o/xelab.exe -wto ba93bc7316ac4ceb80ae35f65eb8577a --incr --debug typical --relax --mt 2 -L xil_defaultlib -L secureip --snapshot FIR_tb_behav xil_defaultlib.FIR_tb -log elaborate.log 
Using 2 slave threads.
Starting static elaboration
Completed static elaboration
Starting simulation data flow analysis
Completed simulation data flow analysis
Time Resolution for simulation is 1ps
Compiling package std.standard
Compiling package std.textio
Compiling package ieee.std_logic_1164
Compiling package ieee.numeric_std
Compiling package std.env
Compiling package ieee.std_logic_arith
Compiling package ieee.std_logic_unsigned
Compiling architecture behavioral of entity xil_defaultlib.ROM [rom_default]
Compiling architecture behavioral of entity xil_defaultlib.FSM [fsm_default]
Compiling architecture behavioral of entity xil_defaultlib.FIR [fir_default]
Compiling architecture behavioral of entity xil_defaultlib.fir_tb
Built simulation snapshot FIR_tb_behav
INFO: [USF-XSim-69] 'elaborate' step finished in '2' seconds
Vivado Simulator 2018.2
Time resolution is 1 ps
relaunch_sim
INFO: [Vivado 12-5682] Launching behavioral simulation in 'C:/Users/Public/Documents/PVSDRA/Lab_3/Lab_3.sim/sim_1/behav/xsim'
INFO: [SIM-utils-51] Simulation object is 'sim_1'
INFO: [SIM-utils-54] Inspecting design source files for 'FIR_tb' in fileset 'sim_1'...
INFO: [USF-XSim-97] Finding global include files...
INFO: [USF-XSim-98] Fetching design files from 'sim_1'...
INFO: [USF-XSim-2] XSim::Compile design
INFO: [USF-XSim-61] Executing 'COMPILE and ANALYZE' step in 'C:/Users/Public/Documents/PVSDRA/Lab_3/Lab_3.sim/sim_1/behav/xsim'
"xvhdl --incr --relax -prj FIR_tb_vhdl.prj"
INFO: [VRFC 10-163] Analyzing VHDL file "C:/Users/Public/Documents/PVSDRA/Lab_3/Lab_3.srcs/sources_1/new/FSM.vhd" into library xil_defaultlib
INFO: [VRFC 10-307] analyzing entity FSM
INFO: [VRFC 10-163] Analyzing VHDL file "C:/Users/Public/Documents/PVSDRA/Lab_3/Lab_3.srcs/sources_1/new/FIR.vhd" into library xil_defaultlib
INFO: [VRFC 10-307] analyzing entity FIR
INFO: [VRFC 10-163] Analyzing VHDL file "C:/Users/Public/Documents/PVSDRA/Lab_3/Lab_3.srcs/sim_1/new/FIR_tb.vhd" into library xil_defaultlib
INFO: [VRFC 10-307] analyzing entity FIR_tb
INFO: [USF-XSim-69] 'compile' step finished in '1' seconds
INFO: [Vivado 12-5682] Launching behavioral simulation in 'C:/Users/Public/Documents/PVSDRA/Lab_3/Lab_3.sim/sim_1/behav/xsim'
INFO: [USF-XSim-3] XSim::Elaborate design
INFO: [USF-XSim-61] Executing 'ELABORATE' step in 'C:/Users/Public/Documents/PVSDRA/Lab_3/Lab_3.sim/sim_1/behav/xsim'
Vivado Simulator 2018.2
Copyright 1986-1999, 2001-2018 Xilinx, Inc. All Rights Reserved.
Running: D:/Xilinx/Vivado/2018.2/bin/unwrapped/win64.o/xelab.exe -wto ba93bc7316ac4ceb80ae35f65eb8577a --incr --debug typical --relax --mt 2 -L xil_defaultlib -L secureip --snapshot FIR_tb_behav xil_defaultlib.FIR_tb -log elaborate.log 
Using 2 slave threads.
Starting static elaboration
Completed static elaboration
Starting simulation data flow analysis
Completed simulation data flow analysis
Time Resolution for simulation is 1ps
Compiling package std.standard
Compiling package std.textio
Compiling package ieee.std_logic_1164
Compiling package ieee.numeric_std
Compiling package std.env
Compiling package ieee.std_logic_arith
Compiling package ieee.std_logic_unsigned
Compiling architecture behavioral of entity xil_defaultlib.ROM [rom_default]
Compiling architecture behavioral of entity xil_defaultlib.FSM [fsm_default]
Compiling architecture behavioral of entity xil_defaultlib.FIR [fir_default]
Compiling architecture behavioral of entity xil_defaultlib.fir_tb
Built simulation snapshot FIR_tb_behav
INFO: [USF-XSim-69] 'elaborate' step finished in '1' seconds
Vivado Simulator 2018.2
Time resolution is 1 ps
relaunch_sim
INFO: [Vivado 12-5682] Launching behavioral simulation in 'C:/Users/Public/Documents/PVSDRA/Lab_3/Lab_3.sim/sim_1/behav/xsim'
INFO: [SIM-utils-51] Simulation object is 'sim_1'
INFO: [SIM-utils-54] Inspecting design source files for 'FIR_tb' in fileset 'sim_1'...
INFO: [USF-XSim-97] Finding global include files...
INFO: [USF-XSim-98] Fetching design files from 'sim_1'...
INFO: [USF-XSim-2] XSim::Compile design
INFO: [USF-XSim-61] Executing 'COMPILE and ANALYZE' step in 'C:/Users/Public/Documents/PVSDRA/Lab_3/Lab_3.sim/sim_1/behav/xsim'
"xvhdl --incr --relax -prj FIR_tb_vhdl.prj"
INFO: [VRFC 10-163] Analyzing VHDL file "C:/Users/Public/Documents/PVSDRA/Lab_3/Lab_3.srcs/sources_1/new/FIR.vhd" into library xil_defaultlib
INFO: [VRFC 10-307] analyzing entity FIR
INFO: [VRFC 10-163] Analyzing VHDL file "C:/Users/Public/Documents/PVSDRA/Lab_3/Lab_3.srcs/sim_1/new/FIR_tb.vhd" into library xil_defaultlib
INFO: [VRFC 10-307] analyzing entity FIR_tb
INFO: [USF-XSim-69] 'compile' step finished in '1' seconds
INFO: [Vivado 12-5682] Launching behavioral simulation in 'C:/Users/Public/Documents/PVSDRA/Lab_3/Lab_3.sim/sim_1/behav/xsim'
INFO: [USF-XSim-3] XSim::Elaborate design
INFO: [USF-XSim-61] Executing 'ELABORATE' step in 'C:/Users/Public/Documents/PVSDRA/Lab_3/Lab_3.sim/sim_1/behav/xsim'
Vivado Simulator 2018.2
Copyright 1986-1999, 2001-2018 Xilinx, Inc. All Rights Reserved.
Running: D:/Xilinx/Vivado/2018.2/bin/unwrapped/win64.o/xelab.exe -wto ba93bc7316ac4ceb80ae35f65eb8577a --incr --debug typical --relax --mt 2 -L xil_defaultlib -L secureip --snapshot FIR_tb_behav xil_defaultlib.FIR_tb -log elaborate.log 
Using 2 slave threads.
Starting static elaboration
Completed static elaboration
Starting simulation data flow analysis
Completed simulation data flow analysis
Time Resolution for simulation is 1ps
Compiling package std.standard
Compiling package std.textio
Compiling package ieee.std_logic_1164
Compiling package ieee.numeric_std
Compiling package std.env
Compiling package ieee.std_logic_arith
Compiling package ieee.std_logic_unsigned
Compiling architecture behavioral of entity xil_defaultlib.ROM [rom_default]
Compiling architecture behavioral of entity xil_defaultlib.FSM [fsm_default]
Compiling architecture behavioral of entity xil_defaultlib.FIR [fir_default]
Compiling architecture behavioral of entity xil_defaultlib.fir_tb
Built simulation snapshot FIR_tb_behav
INFO: [USF-XSim-69] 'elaborate' step finished in '2' seconds
Vivado Simulator 2018.2
Time resolution is 1 ps
relaunch_sim
INFO: [Vivado 12-5682] Launching behavioral simulation in 'C:/Users/Public/Documents/PVSDRA/Lab_3/Lab_3.sim/sim_1/behav/xsim'
INFO: [SIM-utils-51] Simulation object is 'sim_1'
INFO: [SIM-utils-54] Inspecting design source files for 'FIR_tb' in fileset 'sim_1'...
INFO: [USF-XSim-97] Finding global include files...
INFO: [USF-XSim-98] Fetching design files from 'sim_1'...
INFO: [USF-XSim-2] XSim::Compile design
INFO: [USF-XSim-61] Executing 'COMPILE and ANALYZE' step in 'C:/Users/Public/Documents/PVSDRA/Lab_3/Lab_3.sim/sim_1/behav/xsim'
"xvhdl --incr --relax -prj FIR_tb_vhdl.prj"
INFO: [VRFC 10-163] Analyzing VHDL file "C:/Users/Public/Documents/PVSDRA/Lab_3/Lab_3.srcs/sources_1/new/FIR.vhd" into library xil_defaultlib
INFO: [VRFC 10-307] analyzing entity FIR
INFO: [VRFC 10-163] Analyzing VHDL file "C:/Users/Public/Documents/PVSDRA/Lab_3/Lab_3.srcs/sim_1/new/FIR_tb.vhd" into library xil_defaultlib
INFO: [VRFC 10-307] analyzing entity FIR_tb
INFO: [USF-XSim-69] 'compile' step finished in '1' seconds
INFO: [Vivado 12-5682] Launching behavioral simulation in 'C:/Users/Public/Documents/PVSDRA/Lab_3/Lab_3.sim/sim_1/behav/xsim'
INFO: [USF-XSim-3] XSim::Elaborate design
INFO: [USF-XSim-61] Executing 'ELABORATE' step in 'C:/Users/Public/Documents/PVSDRA/Lab_3/Lab_3.sim/sim_1/behav/xsim'
Vivado Simulator 2018.2
Copyright 1986-1999, 2001-2018 Xilinx, Inc. All Rights Reserved.
Running: D:/Xilinx/Vivado/2018.2/bin/unwrapped/win64.o/xelab.exe -wto ba93bc7316ac4ceb80ae35f65eb8577a --incr --debug typical --relax --mt 2 -L xil_defaultlib -L secureip --snapshot FIR_tb_behav xil_defaultlib.FIR_tb -log elaborate.log 
Using 2 slave threads.
Starting static elaboration
Completed static elaboration
Starting simulation data flow analysis
Completed simulation data flow analysis
Time Resolution for simulation is 1ps
Compiling package std.standard
Compiling package std.textio
Compiling package ieee.std_logic_1164
Compiling package ieee.numeric_std
Compiling package std.env
Compiling package ieee.std_logic_arith
Compiling package ieee.std_logic_unsigned
Compiling architecture behavioral of entity xil_defaultlib.ROM [rom_default]
Compiling architecture behavioral of entity xil_defaultlib.FSM [fsm_default]
Compiling architecture behavioral of entity xil_defaultlib.FIR [fir_default]
Compiling architecture behavioral of entity xil_defaultlib.fir_tb
Built simulation snapshot FIR_tb_behav
INFO: [USF-XSim-69] 'elaborate' step finished in '2' seconds
Vivado Simulator 2018.2
Time resolution is 1 ps
relaunch_sim: Time (s): cpu = 00:00:00 ; elapsed = 00:00:07 . Memory (MB): peak = 903.551 ; gain = 0.320
relaunch_sim
INFO: [Vivado 12-5682] Launching behavioral simulation in 'C:/Users/Public/Documents/PVSDRA/Lab_3/Lab_3.sim/sim_1/behav/xsim'
INFO: [SIM-utils-51] Simulation object is 'sim_1'
INFO: [SIM-utils-54] Inspecting design source files for 'FIR_tb' in fileset 'sim_1'...
INFO: [USF-XSim-97] Finding global include files...
INFO: [USF-XSim-98] Fetching design files from 'sim_1'...
INFO: [USF-XSim-2] XSim::Compile design
INFO: [USF-XSim-61] Executing 'COMPILE and ANALYZE' step in 'C:/Users/Public/Documents/PVSDRA/Lab_3/Lab_3.sim/sim_1/behav/xsim'
"xvhdl --incr --relax -prj FIR_tb_vhdl.prj"
INFO: [VRFC 10-163] Analyzing VHDL file "C:/Users/Public/Documents/PVSDRA/Lab_3/Lab_3.srcs/sources_1/new/FIR.vhd" into library xil_defaultlib
INFO: [VRFC 10-307] analyzing entity FIR
INFO: [VRFC 10-163] Analyzing VHDL file "C:/Users/Public/Documents/PVSDRA/Lab_3/Lab_3.srcs/sim_1/new/FIR_tb.vhd" into library xil_defaultlib
INFO: [VRFC 10-307] analyzing entity FIR_tb
INFO: [USF-XSim-69] 'compile' step finished in '1' seconds
INFO: [Vivado 12-5682] Launching behavioral simulation in 'C:/Users/Public/Documents/PVSDRA/Lab_3/Lab_3.sim/sim_1/behav/xsim'
INFO: [USF-XSim-3] XSim::Elaborate design
INFO: [USF-XSim-61] Executing 'ELABORATE' step in 'C:/Users/Public/Documents/PVSDRA/Lab_3/Lab_3.sim/sim_1/behav/xsim'
Vivado Simulator 2018.2
Copyright 1986-1999, 2001-2018 Xilinx, Inc. All Rights Reserved.
Running: D:/Xilinx/Vivado/2018.2/bin/unwrapped/win64.o/xelab.exe -wto ba93bc7316ac4ceb80ae35f65eb8577a --incr --debug typical --relax --mt 2 -L xil_defaultlib -L secureip --snapshot FIR_tb_behav xil_defaultlib.FIR_tb -log elaborate.log 
Using 2 slave threads.
Starting static elaboration
Completed static elaboration
Starting simulation data flow analysis
Completed simulation data flow analysis
Time Resolution for simulation is 1ps
Compiling package std.standard
Compiling package std.textio
Compiling package ieee.std_logic_1164
Compiling package ieee.numeric_std
Compiling package std.env
Compiling package ieee.std_logic_arith
Compiling package ieee.std_logic_unsigned
Compiling architecture behavioral of entity xil_defaultlib.ROM [rom_default]
Compiling architecture behavioral of entity xil_defaultlib.FSM [fsm_default]
Compiling architecture behavioral of entity xil_defaultlib.FIR [fir_default]
Compiling architecture behavioral of entity xil_defaultlib.fir_tb
Built simulation snapshot FIR_tb_behav
INFO: [USF-XSim-69] 'elaborate' step finished in '1' seconds
Vivado Simulator 2018.2
Time resolution is 1 ps
relaunch_sim
INFO: [Vivado 12-5682] Launching behavioral simulation in 'C:/Users/Public/Documents/PVSDRA/Lab_3/Lab_3.sim/sim_1/behav/xsim'
INFO: [SIM-utils-51] Simulation object is 'sim_1'
INFO: [SIM-utils-54] Inspecting design source files for 'FIR_tb' in fileset 'sim_1'...
INFO: [USF-XSim-97] Finding global include files...
INFO: [USF-XSim-98] Fetching design files from 'sim_1'...
INFO: [USF-XSim-2] XSim::Compile design
INFO: [USF-XSim-61] Executing 'COMPILE and ANALYZE' step in 'C:/Users/Public/Documents/PVSDRA/Lab_3/Lab_3.sim/sim_1/behav/xsim'
"xvhdl --incr --relax -prj FIR_tb_vhdl.prj"
INFO: [VRFC 10-163] Analyzing VHDL file "C:/Users/Public/Documents/PVSDRA/Lab_3/Lab_3.srcs/sim_1/new/FIR_tb.vhd" into library xil_defaultlib
INFO: [VRFC 10-307] analyzing entity FIR_tb
INFO: [USF-XSim-69] 'compile' step finished in '1' seconds
INFO: [Vivado 12-5682] Launching behavioral simulation in 'C:/Users/Public/Documents/PVSDRA/Lab_3/Lab_3.sim/sim_1/behav/xsim'
INFO: [USF-XSim-3] XSim::Elaborate design
INFO: [USF-XSim-61] Executing 'ELABORATE' step in 'C:/Users/Public/Documents/PVSDRA/Lab_3/Lab_3.sim/sim_1/behav/xsim'
Vivado Simulator 2018.2
Copyright 1986-1999, 2001-2018 Xilinx, Inc. All Rights Reserved.
Running: D:/Xilinx/Vivado/2018.2/bin/unwrapped/win64.o/xelab.exe -wto ba93bc7316ac4ceb80ae35f65eb8577a --incr --debug typical --relax --mt 2 -L xil_defaultlib -L secureip --snapshot FIR_tb_behav xil_defaultlib.FIR_tb -log elaborate.log 
Using 2 slave threads.
Starting static elaboration
Completed static elaboration
Starting simulation data flow analysis
Completed simulation data flow analysis
Time Resolution for simulation is 1ps
Compiling package std.standard
Compiling package std.textio
Compiling package ieee.std_logic_1164
Compiling package ieee.numeric_std
Compiling package std.env
Compiling package ieee.std_logic_arith
Compiling package ieee.std_logic_unsigned
Compiling architecture behavioral of entity xil_defaultlib.ROM [rom_default]
Compiling architecture behavioral of entity xil_defaultlib.FSM [fsm_default]
Compiling architecture behavioral of entity xil_defaultlib.FIR [fir_default]
Compiling architecture behavioral of entity xil_defaultlib.fir_tb
Built simulation snapshot FIR_tb_behav
INFO: [USF-XSim-69] 'elaborate' step finished in '2' seconds
Vivado Simulator 2018.2
Time resolution is 1 ps
relaunch_sim
INFO: [Vivado 12-5682] Launching behavioral simulation in 'C:/Users/Public/Documents/PVSDRA/Lab_3/Lab_3.sim/sim_1/behav/xsim'
INFO: [SIM-utils-51] Simulation object is 'sim_1'
INFO: [SIM-utils-54] Inspecting design source files for 'FIR_tb' in fileset 'sim_1'...
INFO: [USF-XSim-97] Finding global include files...
INFO: [USF-XSim-98] Fetching design files from 'sim_1'...
INFO: [USF-XSim-2] XSim::Compile design
INFO: [USF-XSim-61] Executing 'COMPILE and ANALYZE' step in 'C:/Users/Public/Documents/PVSDRA/Lab_3/Lab_3.sim/sim_1/behav/xsim'
"xvhdl --incr --relax -prj FIR_tb_vhdl.prj"
INFO: [VRFC 10-163] Analyzing VHDL file "C:/Users/Public/Documents/PVSDRA/Lab_3/Lab_3.srcs/sources_1/new/ROM.vhd" into library xil_defaultlib
INFO: [VRFC 10-307] analyzing entity ROM
INFO: [VRFC 10-163] Analyzing VHDL file "C:/Users/Public/Documents/PVSDRA/Lab_3/Lab_3.srcs/sources_1/new/FIR.vhd" into library xil_defaultlib
INFO: [VRFC 10-307] analyzing entity FIR
INFO: [VRFC 10-163] Analyzing VHDL file "C:/Users/Public/Documents/PVSDRA/Lab_3/Lab_3.srcs/sim_1/new/FIR_tb.vhd" into library xil_defaultlib
INFO: [VRFC 10-307] analyzing entity FIR_tb
INFO: [USF-XSim-69] 'compile' step finished in '1' seconds
INFO: [Vivado 12-5682] Launching behavioral simulation in 'C:/Users/Public/Documents/PVSDRA/Lab_3/Lab_3.sim/sim_1/behav/xsim'
INFO: [USF-XSim-3] XSim::Elaborate design
INFO: [USF-XSim-61] Executing 'ELABORATE' step in 'C:/Users/Public/Documents/PVSDRA/Lab_3/Lab_3.sim/sim_1/behav/xsim'
Vivado Simulator 2018.2
Copyright 1986-1999, 2001-2018 Xilinx, Inc. All Rights Reserved.
Running: D:/Xilinx/Vivado/2018.2/bin/unwrapped/win64.o/xelab.exe -wto ba93bc7316ac4ceb80ae35f65eb8577a --incr --debug typical --relax --mt 2 -L xil_defaultlib -L secureip --snapshot FIR_tb_behav xil_defaultlib.FIR_tb -log elaborate.log 
Using 2 slave threads.
Starting static elaboration
Completed static elaboration
Starting simulation data flow analysis
Completed simulation data flow analysis
Time Resolution for simulation is 1ps
Compiling package std.standard
Compiling package std.textio
Compiling package ieee.std_logic_1164
Compiling package ieee.numeric_std
Compiling package std.env
Compiling package ieee.std_logic_arith
Compiling package ieee.std_logic_unsigned
Compiling architecture behavioral of entity xil_defaultlib.ROM [rom_default]
Compiling architecture behavioral of entity xil_defaultlib.FSM [fsm_default]
Compiling architecture behavioral of entity xil_defaultlib.FIR [fir_default]
Compiling architecture behavioral of entity xil_defaultlib.fir_tb
Built simulation snapshot FIR_tb_behav
INFO: [USF-XSim-69] 'elaborate' step finished in '2' seconds
Vivado Simulator 2018.2
Time resolution is 1 ps
relaunch_sim: Time (s): cpu = 00:00:00 ; elapsed = 00:00:07 . Memory (MB): peak = 907.312 ; gain = 0.473
relaunch_sim
INFO: [Vivado 12-5682] Launching behavioral simulation in 'C:/Users/Public/Documents/PVSDRA/Lab_3/Lab_3.sim/sim_1/behav/xsim'
INFO: [SIM-utils-51] Simulation object is 'sim_1'
INFO: [SIM-utils-54] Inspecting design source files for 'FIR_tb' in fileset 'sim_1'...
INFO: [USF-XSim-97] Finding global include files...
INFO: [USF-XSim-98] Fetching design files from 'sim_1'...
INFO: [USF-XSim-2] XSim::Compile design
INFO: [USF-XSim-61] Executing 'COMPILE and ANALYZE' step in 'C:/Users/Public/Documents/PVSDRA/Lab_3/Lab_3.sim/sim_1/behav/xsim'
"xvhdl --incr --relax -prj FIR_tb_vhdl.prj"
INFO: [VRFC 10-163] Analyzing VHDL file "C:/Users/Public/Documents/PVSDRA/Lab_3/Lab_3.srcs/sources_1/new/ROM.vhd" into library xil_defaultlib
INFO: [VRFC 10-307] analyzing entity ROM
INFO: [VRFC 10-163] Analyzing VHDL file "C:/Users/Public/Documents/PVSDRA/Lab_3/Lab_3.srcs/sources_1/new/FIR.vhd" into library xil_defaultlib
INFO: [VRFC 10-307] analyzing entity FIR
INFO: [VRFC 10-163] Analyzing VHDL file "C:/Users/Public/Documents/PVSDRA/Lab_3/Lab_3.srcs/sim_1/new/FIR_tb.vhd" into library xil_defaultlib
INFO: [VRFC 10-307] analyzing entity FIR_tb
INFO: [USF-XSim-69] 'compile' step finished in '1' seconds
INFO: [Vivado 12-5682] Launching behavioral simulation in 'C:/Users/Public/Documents/PVSDRA/Lab_3/Lab_3.sim/sim_1/behav/xsim'
INFO: [USF-XSim-3] XSim::Elaborate design
INFO: [USF-XSim-61] Executing 'ELABORATE' step in 'C:/Users/Public/Documents/PVSDRA/Lab_3/Lab_3.sim/sim_1/behav/xsim'
Vivado Simulator 2018.2
Copyright 1986-1999, 2001-2018 Xilinx, Inc. All Rights Reserved.
Running: D:/Xilinx/Vivado/2018.2/bin/unwrapped/win64.o/xelab.exe -wto ba93bc7316ac4ceb80ae35f65eb8577a --incr --debug typical --relax --mt 2 -L xil_defaultlib -L secureip --snapshot FIR_tb_behav xil_defaultlib.FIR_tb -log elaborate.log 
Using 2 slave threads.
Starting static elaboration
Completed static elaboration
Starting simulation data flow analysis
Completed simulation data flow analysis
Time Resolution for simulation is 1ps
Compiling package std.standard
Compiling package std.textio
Compiling package ieee.std_logic_1164
Compiling package ieee.numeric_std
Compiling package std.env
Compiling package ieee.std_logic_arith
Compiling package ieee.std_logic_unsigned
Compiling architecture behavioral of entity xil_defaultlib.ROM [rom_default]
Compiling architecture behavioral of entity xil_defaultlib.FSM [fsm_default]
Compiling architecture behavioral of entity xil_defaultlib.FIR [fir_default]
Compiling architecture behavioral of entity xil_defaultlib.fir_tb
Built simulation snapshot FIR_tb_behav
INFO: [USF-XSim-69] 'elaborate' step finished in '1' seconds
Vivado Simulator 2018.2
Time resolution is 1 ps
relaunch_sim: Time (s): cpu = 00:00:00 ; elapsed = 00:00:07 . Memory (MB): peak = 909.539 ; gain = 0.000
save_wave_config {C:/Users/Public/Documents/PVSDRA/Lab_3/FIR_tb_behav.wcfg}
relaunch_sim
INFO: [Vivado 12-5682] Launching behavioral simulation in 'C:/Users/Public/Documents/PVSDRA/Lab_3/Lab_3.sim/sim_1/behav/xsim'
INFO: [SIM-utils-51] Simulation object is 'sim_1'
INFO: [SIM-utils-54] Inspecting design source files for 'FIR_tb' in fileset 'sim_1'...
INFO: [USF-XSim-97] Finding global include files...
INFO: [USF-XSim-98] Fetching design files from 'sim_1'...
INFO: [USF-XSim-2] XSim::Compile design
INFO: [USF-XSim-61] Executing 'COMPILE and ANALYZE' step in 'C:/Users/Public/Documents/PVSDRA/Lab_3/Lab_3.sim/sim_1/behav/xsim'
"xvhdl --incr --relax -prj FIR_tb_vhdl.prj"
INFO: [VRFC 10-163] Analyzing VHDL file "C:/Users/Public/Documents/PVSDRA/Lab_3/Lab_3.srcs/sources_1/new/ROM.vhd" into library xil_defaultlib
INFO: [VRFC 10-307] analyzing entity ROM
INFO: [VRFC 10-163] Analyzing VHDL file "C:/Users/Public/Documents/PVSDRA/Lab_3/Lab_3.srcs/sources_1/new/FIR.vhd" into library xil_defaultlib
INFO: [VRFC 10-307] analyzing entity FIR
INFO: [VRFC 10-163] Analyzing VHDL file "C:/Users/Public/Documents/PVSDRA/Lab_3/Lab_3.srcs/sim_1/new/FIR_tb.vhd" into library xil_defaultlib
INFO: [VRFC 10-307] analyzing entity FIR_tb
INFO: [USF-XSim-69] 'compile' step finished in '1' seconds
INFO: [Vivado 12-5682] Launching behavioral simulation in 'C:/Users/Public/Documents/PVSDRA/Lab_3/Lab_3.sim/sim_1/behav/xsim'
INFO: [USF-XSim-3] XSim::Elaborate design
INFO: [USF-XSim-61] Executing 'ELABORATE' step in 'C:/Users/Public/Documents/PVSDRA/Lab_3/Lab_3.sim/sim_1/behav/xsim'
Vivado Simulator 2018.2
Copyright 1986-1999, 2001-2018 Xilinx, Inc. All Rights Reserved.
Running: D:/Xilinx/Vivado/2018.2/bin/unwrapped/win64.o/xelab.exe -wto ba93bc7316ac4ceb80ae35f65eb8577a --incr --debug typical --relax --mt 2 -L xil_defaultlib -L secureip --snapshot FIR_tb_behav xil_defaultlib.FIR_tb -log elaborate.log 
Using 2 slave threads.
Starting static elaboration
Completed static elaboration
Starting simulation data flow analysis
Completed simulation data flow analysis
Time Resolution for simulation is 1ps
Compiling package std.standard
Compiling package std.textio
Compiling package ieee.std_logic_1164
Compiling package ieee.numeric_std
Compiling package std.env
Compiling package ieee.std_logic_arith
Compiling package ieee.std_logic_unsigned
Compiling architecture behavioral of entity xil_defaultlib.ROM [rom_default]
Compiling architecture behavioral of entity xil_defaultlib.FSM [fsm_default]
Compiling architecture behavioral of entity xil_defaultlib.FIR [fir_default]
Compiling architecture behavioral of entity xil_defaultlib.fir_tb
Built simulation snapshot FIR_tb_behav
INFO: [USF-XSim-69] 'elaborate' step finished in '1' seconds
Vivado Simulator 2018.2
Time resolution is 1 ps
relaunch_sim
INFO: [Vivado 12-5682] Launching behavioral simulation in 'C:/Users/Public/Documents/PVSDRA/Lab_3/Lab_3.sim/sim_1/behav/xsim'
INFO: [SIM-utils-51] Simulation object is 'sim_1'
INFO: [SIM-utils-54] Inspecting design source files for 'FIR_tb' in fileset 'sim_1'...
INFO: [USF-XSim-97] Finding global include files...
INFO: [USF-XSim-98] Fetching design files from 'sim_1'...
INFO: [USF-XSim-2] XSim::Compile design
INFO: [USF-XSim-61] Executing 'COMPILE and ANALYZE' step in 'C:/Users/Public/Documents/PVSDRA/Lab_3/Lab_3.sim/sim_1/behav/xsim'
"xvhdl --incr --relax -prj FIR_tb_vhdl.prj"
INFO: [VRFC 10-163] Analyzing VHDL file "C:/Users/Public/Documents/PVSDRA/Lab_3/Lab_3.srcs/sources_1/new/ROM.vhd" into library xil_defaultlib
INFO: [VRFC 10-307] analyzing entity ROM
INFO: [VRFC 10-163] Analyzing VHDL file "C:/Users/Public/Documents/PVSDRA/Lab_3/Lab_3.srcs/sources_1/new/FIR.vhd" into library xil_defaultlib
INFO: [VRFC 10-307] analyzing entity FIR
INFO: [VRFC 10-163] Analyzing VHDL file "C:/Users/Public/Documents/PVSDRA/Lab_3/Lab_3.srcs/sim_1/new/FIR_tb.vhd" into library xil_defaultlib
INFO: [VRFC 10-307] analyzing entity FIR_tb
INFO: [USF-XSim-69] 'compile' step finished in '1' seconds
INFO: [Vivado 12-5682] Launching behavioral simulation in 'C:/Users/Public/Documents/PVSDRA/Lab_3/Lab_3.sim/sim_1/behav/xsim'
INFO: [USF-XSim-3] XSim::Elaborate design
INFO: [USF-XSim-61] Executing 'ELABORATE' step in 'C:/Users/Public/Documents/PVSDRA/Lab_3/Lab_3.sim/sim_1/behav/xsim'
Vivado Simulator 2018.2
Copyright 1986-1999, 2001-2018 Xilinx, Inc. All Rights Reserved.
Running: D:/Xilinx/Vivado/2018.2/bin/unwrapped/win64.o/xelab.exe -wto ba93bc7316ac4ceb80ae35f65eb8577a --incr --debug typical --relax --mt 2 -L xil_defaultlib -L secureip --snapshot FIR_tb_behav xil_defaultlib.FIR_tb -log elaborate.log 
Using 2 slave threads.
Starting static elaboration
Completed static elaboration
Starting simulation data flow analysis
Completed simulation data flow analysis
Time Resolution for simulation is 1ps
Compiling package std.standard
Compiling package std.textio
Compiling package ieee.std_logic_1164
Compiling package ieee.numeric_std
Compiling package std.env
Compiling package ieee.std_logic_arith
Compiling package ieee.std_logic_unsigned
Compiling architecture behavioral of entity xil_defaultlib.ROM [rom_default]
Compiling architecture behavioral of entity xil_defaultlib.FSM [fsm_default]
Compiling architecture behavioral of entity xil_defaultlib.FIR [fir_default]
Compiling architecture behavioral of entity xil_defaultlib.fir_tb
Built simulation snapshot FIR_tb_behav
INFO: [USF-XSim-69] 'elaborate' step finished in '2' seconds
Vivado Simulator 2018.2
Time resolution is 1 ps
relaunch_sim
INFO: [Vivado 12-5682] Launching behavioral simulation in 'C:/Users/Public/Documents/PVSDRA/Lab_3/Lab_3.sim/sim_1/behav/xsim'
INFO: [SIM-utils-51] Simulation object is 'sim_1'
INFO: [SIM-utils-54] Inspecting design source files for 'FIR_tb' in fileset 'sim_1'...
INFO: [USF-XSim-97] Finding global include files...
INFO: [USF-XSim-98] Fetching design files from 'sim_1'...
INFO: [USF-XSim-2] XSim::Compile design
INFO: [USF-XSim-61] Executing 'COMPILE and ANALYZE' step in 'C:/Users/Public/Documents/PVSDRA/Lab_3/Lab_3.sim/sim_1/behav/xsim'
"xvhdl --incr --relax -prj FIR_tb_vhdl.prj"
INFO: [VRFC 10-163] Analyzing VHDL file "C:/Users/Public/Documents/PVSDRA/Lab_3/Lab_3.srcs/sources_1/new/ROM.vhd" into library xil_defaultlib
INFO: [VRFC 10-307] analyzing entity ROM
INFO: [VRFC 10-163] Analyzing VHDL file "C:/Users/Public/Documents/PVSDRA/Lab_3/Lab_3.srcs/sources_1/new/FIR.vhd" into library xil_defaultlib
INFO: [VRFC 10-307] analyzing entity FIR
INFO: [VRFC 10-163] Analyzing VHDL file "C:/Users/Public/Documents/PVSDRA/Lab_3/Lab_3.srcs/sim_1/new/FIR_tb.vhd" into library xil_defaultlib
INFO: [VRFC 10-307] analyzing entity FIR_tb
INFO: [USF-XSim-69] 'compile' step finished in '1' seconds
INFO: [Vivado 12-5682] Launching behavioral simulation in 'C:/Users/Public/Documents/PVSDRA/Lab_3/Lab_3.sim/sim_1/behav/xsim'
INFO: [USF-XSim-3] XSim::Elaborate design
INFO: [USF-XSim-61] Executing 'ELABORATE' step in 'C:/Users/Public/Documents/PVSDRA/Lab_3/Lab_3.sim/sim_1/behav/xsim'
Vivado Simulator 2018.2
Copyright 1986-1999, 2001-2018 Xilinx, Inc. All Rights Reserved.
Running: D:/Xilinx/Vivado/2018.2/bin/unwrapped/win64.o/xelab.exe -wto ba93bc7316ac4ceb80ae35f65eb8577a --incr --debug typical --relax --mt 2 -L xil_defaultlib -L secureip --snapshot FIR_tb_behav xil_defaultlib.FIR_tb -log elaborate.log 
Using 2 slave threads.
Starting static elaboration
Completed static elaboration
Starting simulation data flow analysis
Completed simulation data flow analysis
Time Resolution for simulation is 1ps
Compiling package std.standard
Compiling package std.textio
Compiling package ieee.std_logic_1164
Compiling package ieee.numeric_std
Compiling package std.env
Compiling package ieee.std_logic_arith
Compiling package ieee.std_logic_unsigned
Compiling architecture behavioral of entity xil_defaultlib.ROM [rom_default]
Compiling architecture behavioral of entity xil_defaultlib.FSM [fsm_default]
Compiling architecture behavioral of entity xil_defaultlib.FIR [fir_default]
Compiling architecture behavioral of entity xil_defaultlib.fir_tb
Built simulation snapshot FIR_tb_behav
INFO: [USF-XSim-69] 'elaborate' step finished in '2' seconds
Vivado Simulator 2018.2
Time resolution is 1 ps
relaunch_sim: Time (s): cpu = 00:00:00 ; elapsed = 00:00:07 . Memory (MB): peak = 910.043 ; gain = 0.062
relaunch_sim
INFO: [Vivado 12-5682] Launching behavioral simulation in 'C:/Users/Public/Documents/PVSDRA/Lab_3/Lab_3.sim/sim_1/behav/xsim'
INFO: [SIM-utils-51] Simulation object is 'sim_1'
INFO: [SIM-utils-54] Inspecting design source files for 'FIR_tb' in fileset 'sim_1'...
INFO: [USF-XSim-97] Finding global include files...
INFO: [USF-XSim-98] Fetching design files from 'sim_1'...
INFO: [USF-XSim-2] XSim::Compile design
INFO: [USF-XSim-61] Executing 'COMPILE and ANALYZE' step in 'C:/Users/Public/Documents/PVSDRA/Lab_3/Lab_3.sim/sim_1/behav/xsim'
"xvhdl --incr --relax -prj FIR_tb_vhdl.prj"
INFO: [VRFC 10-163] Analyzing VHDL file "C:/Users/Public/Documents/PVSDRA/Lab_3/Lab_3.srcs/sources_1/new/ROM.vhd" into library xil_defaultlib
INFO: [VRFC 10-307] analyzing entity ROM
INFO: [VRFC 10-163] Analyzing VHDL file "C:/Users/Public/Documents/PVSDRA/Lab_3/Lab_3.srcs/sources_1/new/FIR.vhd" into library xil_defaultlib
INFO: [VRFC 10-307] analyzing entity FIR
INFO: [VRFC 10-163] Analyzing VHDL file "C:/Users/Public/Documents/PVSDRA/Lab_3/Lab_3.srcs/sim_1/new/FIR_tb.vhd" into library xil_defaultlib
INFO: [VRFC 10-307] analyzing entity FIR_tb
INFO: [USF-XSim-69] 'compile' step finished in '1' seconds
INFO: [Vivado 12-5682] Launching behavioral simulation in 'C:/Users/Public/Documents/PVSDRA/Lab_3/Lab_3.sim/sim_1/behav/xsim'
INFO: [USF-XSim-3] XSim::Elaborate design
INFO: [USF-XSim-61] Executing 'ELABORATE' step in 'C:/Users/Public/Documents/PVSDRA/Lab_3/Lab_3.sim/sim_1/behav/xsim'
Vivado Simulator 2018.2
Copyright 1986-1999, 2001-2018 Xilinx, Inc. All Rights Reserved.
Running: D:/Xilinx/Vivado/2018.2/bin/unwrapped/win64.o/xelab.exe -wto ba93bc7316ac4ceb80ae35f65eb8577a --incr --debug typical --relax --mt 2 -L xil_defaultlib -L secureip --snapshot FIR_tb_behav xil_defaultlib.FIR_tb -log elaborate.log 
Using 2 slave threads.
Starting static elaboration
Completed static elaboration
Starting simulation data flow analysis
Completed simulation data flow analysis
Time Resolution for simulation is 1ps
Compiling package std.standard
Compiling package std.textio
Compiling package ieee.std_logic_1164
Compiling package ieee.numeric_std
Compiling package std.env
Compiling package ieee.std_logic_arith
Compiling package ieee.std_logic_unsigned
Compiling architecture behavioral of entity xil_defaultlib.ROM [rom_default]
Compiling architecture behavioral of entity xil_defaultlib.FSM [fsm_default]
Compiling architecture behavioral of entity xil_defaultlib.FIR [fir_default]
Compiling architecture behavioral of entity xil_defaultlib.fir_tb
Built simulation snapshot FIR_tb_behav
INFO: [USF-XSim-69] 'elaborate' step finished in '2' seconds
Vivado Simulator 2018.2
Time resolution is 1 ps
relaunch_sim
INFO: [Vivado 12-5682] Launching behavioral simulation in 'C:/Users/Public/Documents/PVSDRA/Lab_3/Lab_3.sim/sim_1/behav/xsim'
INFO: [SIM-utils-51] Simulation object is 'sim_1'
INFO: [SIM-utils-54] Inspecting design source files for 'FIR_tb' in fileset 'sim_1'...
INFO: [USF-XSim-97] Finding global include files...
INFO: [USF-XSim-98] Fetching design files from 'sim_1'...
INFO: [USF-XSim-2] XSim::Compile design
INFO: [USF-XSim-61] Executing 'COMPILE and ANALYZE' step in 'C:/Users/Public/Documents/PVSDRA/Lab_3/Lab_3.sim/sim_1/behav/xsim'
"xvhdl --incr --relax -prj FIR_tb_vhdl.prj"
INFO: [VRFC 10-163] Analyzing VHDL file "C:/Users/Public/Documents/PVSDRA/Lab_3/Lab_3.srcs/sources_1/new/ROM.vhd" into library xil_defaultlib
INFO: [VRFC 10-307] analyzing entity ROM
INFO: [VRFC 10-163] Analyzing VHDL file "C:/Users/Public/Documents/PVSDRA/Lab_3/Lab_3.srcs/sources_1/new/FIR.vhd" into library xil_defaultlib
INFO: [VRFC 10-307] analyzing entity FIR
INFO: [VRFC 10-163] Analyzing VHDL file "C:/Users/Public/Documents/PVSDRA/Lab_3/Lab_3.srcs/sim_1/new/FIR_tb.vhd" into library xil_defaultlib
INFO: [VRFC 10-307] analyzing entity FIR_tb
INFO: [USF-XSim-69] 'compile' step finished in '1' seconds
INFO: [Vivado 12-5682] Launching behavioral simulation in 'C:/Users/Public/Documents/PVSDRA/Lab_3/Lab_3.sim/sim_1/behav/xsim'
INFO: [USF-XSim-3] XSim::Elaborate design
INFO: [USF-XSim-61] Executing 'ELABORATE' step in 'C:/Users/Public/Documents/PVSDRA/Lab_3/Lab_3.sim/sim_1/behav/xsim'
Vivado Simulator 2018.2
Copyright 1986-1999, 2001-2018 Xilinx, Inc. All Rights Reserved.
Running: D:/Xilinx/Vivado/2018.2/bin/unwrapped/win64.o/xelab.exe -wto ba93bc7316ac4ceb80ae35f65eb8577a --incr --debug typical --relax --mt 2 -L xil_defaultlib -L secureip --snapshot FIR_tb_behav xil_defaultlib.FIR_tb -log elaborate.log 
Using 2 slave threads.
Starting static elaboration
Completed static elaboration
Starting simulation data flow analysis
Completed simulation data flow analysis
Time Resolution for simulation is 1ps
Compiling package std.standard
Compiling package std.textio
Compiling package ieee.std_logic_1164
Compiling package ieee.numeric_std
Compiling package std.env
Compiling package ieee.std_logic_arith
Compiling package ieee.std_logic_unsigned
Compiling architecture behavioral of entity xil_defaultlib.ROM [rom_default]
Compiling architecture behavioral of entity xil_defaultlib.FSM [fsm_default]
Compiling architecture behavioral of entity xil_defaultlib.FIR [fir_default]
Compiling architecture behavioral of entity xil_defaultlib.fir_tb
Built simulation snapshot FIR_tb_behav
INFO: [USF-XSim-69] 'elaborate' step finished in '1' seconds
Vivado Simulator 2018.2
Time resolution is 1 ps
relaunch_sim
INFO: [Vivado 12-5682] Launching behavioral simulation in 'C:/Users/Public/Documents/PVSDRA/Lab_3/Lab_3.sim/sim_1/behav/xsim'
INFO: [SIM-utils-51] Simulation object is 'sim_1'
INFO: [SIM-utils-54] Inspecting design source files for 'FIR_tb' in fileset 'sim_1'...
INFO: [USF-XSim-97] Finding global include files...
INFO: [USF-XSim-98] Fetching design files from 'sim_1'...
INFO: [USF-XSim-2] XSim::Compile design
INFO: [USF-XSim-61] Executing 'COMPILE and ANALYZE' step in 'C:/Users/Public/Documents/PVSDRA/Lab_3/Lab_3.sim/sim_1/behav/xsim'
"xvhdl --incr --relax -prj FIR_tb_vhdl.prj"
INFO: [VRFC 10-163] Analyzing VHDL file "C:/Users/Public/Documents/PVSDRA/Lab_3/Lab_3.srcs/sources_1/new/ROM.vhd" into library xil_defaultlib
INFO: [VRFC 10-307] analyzing entity ROM
INFO: [VRFC 10-163] Analyzing VHDL file "C:/Users/Public/Documents/PVSDRA/Lab_3/Lab_3.srcs/sources_1/new/FIR.vhd" into library xil_defaultlib
INFO: [VRFC 10-307] analyzing entity FIR
INFO: [VRFC 10-163] Analyzing VHDL file "C:/Users/Public/Documents/PVSDRA/Lab_3/Lab_3.srcs/sim_1/new/FIR_tb.vhd" into library xil_defaultlib
INFO: [VRFC 10-307] analyzing entity FIR_tb
INFO: [USF-XSim-69] 'compile' step finished in '1' seconds
INFO: [Vivado 12-5682] Launching behavioral simulation in 'C:/Users/Public/Documents/PVSDRA/Lab_3/Lab_3.sim/sim_1/behav/xsim'
INFO: [USF-XSim-3] XSim::Elaborate design
INFO: [USF-XSim-61] Executing 'ELABORATE' step in 'C:/Users/Public/Documents/PVSDRA/Lab_3/Lab_3.sim/sim_1/behav/xsim'
Vivado Simulator 2018.2
Copyright 1986-1999, 2001-2018 Xilinx, Inc. All Rights Reserved.
Running: D:/Xilinx/Vivado/2018.2/bin/unwrapped/win64.o/xelab.exe -wto ba93bc7316ac4ceb80ae35f65eb8577a --incr --debug typical --relax --mt 2 -L xil_defaultlib -L secureip --snapshot FIR_tb_behav xil_defaultlib.FIR_tb -log elaborate.log 
Using 2 slave threads.
Starting static elaboration
Completed static elaboration
Starting simulation data flow analysis
Completed simulation data flow analysis
Time Resolution for simulation is 1ps
Compiling package std.standard
Compiling package std.textio
Compiling package ieee.std_logic_1164
Compiling package ieee.numeric_std
Compiling package std.env
Compiling package ieee.std_logic_arith
Compiling package ieee.std_logic_unsigned
Compiling architecture behavioral of entity xil_defaultlib.ROM [rom_default]
Compiling architecture behavioral of entity xil_defaultlib.FSM [fsm_default]
Compiling architecture behavioral of entity xil_defaultlib.FIR [fir_default]
Compiling architecture behavioral of entity xil_defaultlib.fir_tb
Built simulation snapshot FIR_tb_behav
INFO: [USF-XSim-69] 'elaborate' step finished in '2' seconds
Vivado Simulator 2018.2
Time resolution is 1 ps
relaunch_sim: Time (s): cpu = 00:00:00 ; elapsed = 00:00:07 . Memory (MB): peak = 914.738 ; gain = 0.000
relaunch_sim
INFO: [Vivado 12-5682] Launching behavioral simulation in 'C:/Users/Public/Documents/PVSDRA/Lab_3/Lab_3.sim/sim_1/behav/xsim'
INFO: [SIM-utils-51] Simulation object is 'sim_1'
INFO: [SIM-utils-54] Inspecting design source files for 'FIR_tb' in fileset 'sim_1'...
INFO: [USF-XSim-97] Finding global include files...
INFO: [USF-XSim-98] Fetching design files from 'sim_1'...
INFO: [USF-XSim-2] XSim::Compile design
INFO: [USF-XSim-61] Executing 'COMPILE and ANALYZE' step in 'C:/Users/Public/Documents/PVSDRA/Lab_3/Lab_3.sim/sim_1/behav/xsim'
"xvhdl --incr --relax -prj FIR_tb_vhdl.prj"
INFO: [VRFC 10-163] Analyzing VHDL file "C:/Users/Public/Documents/PVSDRA/Lab_3/Lab_3.srcs/sources_1/new/ROM.vhd" into library xil_defaultlib
INFO: [VRFC 10-307] analyzing entity ROM
INFO: [VRFC 10-163] Analyzing VHDL file "C:/Users/Public/Documents/PVSDRA/Lab_3/Lab_3.srcs/sources_1/new/FIR.vhd" into library xil_defaultlib
INFO: [VRFC 10-307] analyzing entity FIR
INFO: [VRFC 10-163] Analyzing VHDL file "C:/Users/Public/Documents/PVSDRA/Lab_3/Lab_3.srcs/sim_1/new/FIR_tb.vhd" into library xil_defaultlib
INFO: [VRFC 10-307] analyzing entity FIR_tb
INFO: [USF-XSim-69] 'compile' step finished in '1' seconds
INFO: [Vivado 12-5682] Launching behavioral simulation in 'C:/Users/Public/Documents/PVSDRA/Lab_3/Lab_3.sim/sim_1/behav/xsim'
INFO: [USF-XSim-3] XSim::Elaborate design
INFO: [USF-XSim-61] Executing 'ELABORATE' step in 'C:/Users/Public/Documents/PVSDRA/Lab_3/Lab_3.sim/sim_1/behav/xsim'
Vivado Simulator 2018.2
Copyright 1986-1999, 2001-2018 Xilinx, Inc. All Rights Reserved.
Running: D:/Xilinx/Vivado/2018.2/bin/unwrapped/win64.o/xelab.exe -wto ba93bc7316ac4ceb80ae35f65eb8577a --incr --debug typical --relax --mt 2 -L xil_defaultlib -L secureip --snapshot FIR_tb_behav xil_defaultlib.FIR_tb -log elaborate.log 
Using 2 slave threads.
Starting static elaboration
Completed static elaboration
Starting simulation data flow analysis
Completed simulation data flow analysis
Time Resolution for simulation is 1ps
Compiling package std.standard
Compiling package std.textio
Compiling package ieee.std_logic_1164
Compiling package ieee.numeric_std
Compiling package std.env
Compiling package ieee.std_logic_arith
Compiling package ieee.std_logic_unsigned
Compiling architecture behavioral of entity xil_defaultlib.ROM [rom_default]
Compiling architecture behavioral of entity xil_defaultlib.FSM [fsm_default]
Compiling architecture behavioral of entity xil_defaultlib.FIR [fir_default]
Compiling architecture behavioral of entity xil_defaultlib.fir_tb
Built simulation snapshot FIR_tb_behav
INFO: [USF-XSim-69] 'elaborate' step finished in '1' seconds
Vivado Simulator 2018.2
Time resolution is 1 ps
relaunch_sim
INFO: [Vivado 12-5682] Launching behavioral simulation in 'C:/Users/Public/Documents/PVSDRA/Lab_3/Lab_3.sim/sim_1/behav/xsim'
INFO: [SIM-utils-51] Simulation object is 'sim_1'
INFO: [SIM-utils-54] Inspecting design source files for 'FIR_tb' in fileset 'sim_1'...
INFO: [USF-XSim-97] Finding global include files...
INFO: [USF-XSim-98] Fetching design files from 'sim_1'...
INFO: [USF-XSim-2] XSim::Compile design
INFO: [USF-XSim-61] Executing 'COMPILE and ANALYZE' step in 'C:/Users/Public/Documents/PVSDRA/Lab_3/Lab_3.sim/sim_1/behav/xsim'
"xvhdl --incr --relax -prj FIR_tb_vhdl.prj"
INFO: [VRFC 10-163] Analyzing VHDL file "C:/Users/Public/Documents/PVSDRA/Lab_3/Lab_3.srcs/sources_1/new/ROM.vhd" into library xil_defaultlib
INFO: [VRFC 10-307] analyzing entity ROM
INFO: [VRFC 10-163] Analyzing VHDL file "C:/Users/Public/Documents/PVSDRA/Lab_3/Lab_3.srcs/sources_1/new/FIR.vhd" into library xil_defaultlib
INFO: [VRFC 10-307] analyzing entity FIR
INFO: [VRFC 10-163] Analyzing VHDL file "C:/Users/Public/Documents/PVSDRA/Lab_3/Lab_3.srcs/sim_1/new/FIR_tb.vhd" into library xil_defaultlib
INFO: [VRFC 10-307] analyzing entity FIR_tb
INFO: [USF-XSim-69] 'compile' step finished in '1' seconds
INFO: [Vivado 12-5682] Launching behavioral simulation in 'C:/Users/Public/Documents/PVSDRA/Lab_3/Lab_3.sim/sim_1/behav/xsim'
INFO: [USF-XSim-3] XSim::Elaborate design
INFO: [USF-XSim-61] Executing 'ELABORATE' step in 'C:/Users/Public/Documents/PVSDRA/Lab_3/Lab_3.sim/sim_1/behav/xsim'
Vivado Simulator 2018.2
Copyright 1986-1999, 2001-2018 Xilinx, Inc. All Rights Reserved.
Running: D:/Xilinx/Vivado/2018.2/bin/unwrapped/win64.o/xelab.exe -wto ba93bc7316ac4ceb80ae35f65eb8577a --incr --debug typical --relax --mt 2 -L xil_defaultlib -L secureip --snapshot FIR_tb_behav xil_defaultlib.FIR_tb -log elaborate.log 
Using 2 slave threads.
Starting static elaboration
Completed static elaboration
Starting simulation data flow analysis
Completed simulation data flow analysis
Time Resolution for simulation is 1ps
Compiling package std.standard
Compiling package std.textio
Compiling package ieee.std_logic_1164
Compiling package ieee.numeric_std
Compiling package std.env
Compiling package ieee.std_logic_arith
Compiling package ieee.std_logic_unsigned
Compiling architecture behavioral of entity xil_defaultlib.ROM [rom_default]
Compiling architecture behavioral of entity xil_defaultlib.FSM [fsm_default]
Compiling architecture behavioral of entity xil_defaultlib.FIR [fir_default]
Compiling architecture behavioral of entity xil_defaultlib.fir_tb
Built simulation snapshot FIR_tb_behav
INFO: [USF-XSim-69] 'elaborate' step finished in '2' seconds
Vivado Simulator 2018.2
Time resolution is 1 ps
relaunch_sim
INFO: [Vivado 12-5682] Launching behavioral simulation in 'C:/Users/Public/Documents/PVSDRA/Lab_3/Lab_3.sim/sim_1/behav/xsim'
INFO: [SIM-utils-51] Simulation object is 'sim_1'
INFO: [SIM-utils-54] Inspecting design source files for 'FIR_tb' in fileset 'sim_1'...
INFO: [USF-XSim-97] Finding global include files...
INFO: [USF-XSim-98] Fetching design files from 'sim_1'...
INFO: [USF-XSim-2] XSim::Compile design
INFO: [USF-XSim-61] Executing 'COMPILE and ANALYZE' step in 'C:/Users/Public/Documents/PVSDRA/Lab_3/Lab_3.sim/sim_1/behav/xsim'
"xvhdl --incr --relax -prj FIR_tb_vhdl.prj"
INFO: [VRFC 10-163] Analyzing VHDL file "C:/Users/Public/Documents/PVSDRA/Lab_3/Lab_3.srcs/sources_1/new/ROM.vhd" into library xil_defaultlib
INFO: [VRFC 10-307] analyzing entity ROM
INFO: [VRFC 10-163] Analyzing VHDL file "C:/Users/Public/Documents/PVSDRA/Lab_3/Lab_3.srcs/sources_1/new/FIR.vhd" into library xil_defaultlib
INFO: [VRFC 10-307] analyzing entity FIR
INFO: [VRFC 10-163] Analyzing VHDL file "C:/Users/Public/Documents/PVSDRA/Lab_3/Lab_3.srcs/sim_1/new/FIR_tb.vhd" into library xil_defaultlib
INFO: [VRFC 10-307] analyzing entity FIR_tb
INFO: [USF-XSim-69] 'compile' step finished in '1' seconds
INFO: [Vivado 12-5682] Launching behavioral simulation in 'C:/Users/Public/Documents/PVSDRA/Lab_3/Lab_3.sim/sim_1/behav/xsim'
INFO: [USF-XSim-3] XSim::Elaborate design
INFO: [USF-XSim-61] Executing 'ELABORATE' step in 'C:/Users/Public/Documents/PVSDRA/Lab_3/Lab_3.sim/sim_1/behav/xsim'
Vivado Simulator 2018.2
Copyright 1986-1999, 2001-2018 Xilinx, Inc. All Rights Reserved.
Running: D:/Xilinx/Vivado/2018.2/bin/unwrapped/win64.o/xelab.exe -wto ba93bc7316ac4ceb80ae35f65eb8577a --incr --debug typical --relax --mt 2 -L xil_defaultlib -L secureip --snapshot FIR_tb_behav xil_defaultlib.FIR_tb -log elaborate.log 
Using 2 slave threads.
Starting static elaboration
Completed static elaboration
Starting simulation data flow analysis
Completed simulation data flow analysis
Time Resolution for simulation is 1ps
Compiling package std.standard
Compiling package std.textio
Compiling package ieee.std_logic_1164
Compiling package ieee.numeric_std
Compiling package std.env
Compiling package ieee.std_logic_arith
Compiling package ieee.std_logic_unsigned
Compiling architecture behavioral of entity xil_defaultlib.ROM [rom_default]
Compiling architecture behavioral of entity xil_defaultlib.FSM [fsm_default]
Compiling architecture behavioral of entity xil_defaultlib.FIR [fir_default]
Compiling architecture behavioral of entity xil_defaultlib.fir_tb
Built simulation snapshot FIR_tb_behav
INFO: [USF-XSim-69] 'elaborate' step finished in '2' seconds
Vivado Simulator 2018.2
Time resolution is 1 ps
relaunch_sim: Time (s): cpu = 00:00:00 ; elapsed = 00:00:07 . Memory (MB): peak = 985.445 ; gain = 0.406
relaunch_sim
INFO: [Vivado 12-5682] Launching behavioral simulation in 'C:/Users/Public/Documents/PVSDRA/Lab_3/Lab_3.sim/sim_1/behav/xsim'
INFO: [SIM-utils-51] Simulation object is 'sim_1'
INFO: [SIM-utils-54] Inspecting design source files for 'FIR_tb' in fileset 'sim_1'...
INFO: [USF-XSim-97] Finding global include files...
INFO: [USF-XSim-98] Fetching design files from 'sim_1'...
INFO: [USF-XSim-2] XSim::Compile design
INFO: [USF-XSim-61] Executing 'COMPILE and ANALYZE' step in 'C:/Users/Public/Documents/PVSDRA/Lab_3/Lab_3.sim/sim_1/behav/xsim'
"xvhdl --incr --relax -prj FIR_tb_vhdl.prj"
INFO: [VRFC 10-163] Analyzing VHDL file "C:/Users/Public/Documents/PVSDRA/Lab_3/Lab_3.srcs/sources_1/new/FIR.vhd" into library xil_defaultlib
INFO: [VRFC 10-307] analyzing entity FIR
INFO: [VRFC 10-163] Analyzing VHDL file "C:/Users/Public/Documents/PVSDRA/Lab_3/Lab_3.srcs/sim_1/new/FIR_tb.vhd" into library xil_defaultlib
INFO: [VRFC 10-307] analyzing entity FIR_tb
INFO: [USF-XSim-69] 'compile' step finished in '1' seconds
INFO: [Vivado 12-5682] Launching behavioral simulation in 'C:/Users/Public/Documents/PVSDRA/Lab_3/Lab_3.sim/sim_1/behav/xsim'
INFO: [USF-XSim-3] XSim::Elaborate design
INFO: [USF-XSim-61] Executing 'ELABORATE' step in 'C:/Users/Public/Documents/PVSDRA/Lab_3/Lab_3.sim/sim_1/behav/xsim'
Vivado Simulator 2018.2
Copyright 1986-1999, 2001-2018 Xilinx, Inc. All Rights Reserved.
Running: D:/Xilinx/Vivado/2018.2/bin/unwrapped/win64.o/xelab.exe -wto ba93bc7316ac4ceb80ae35f65eb8577a --incr --debug typical --relax --mt 2 -L xil_defaultlib -L secureip --snapshot FIR_tb_behav xil_defaultlib.FIR_tb -log elaborate.log 
Using 2 slave threads.
Starting static elaboration
Completed static elaboration
Starting simulation data flow analysis
Completed simulation data flow analysis
Time Resolution for simulation is 1ps
Compiling package std.standard
Compiling package std.textio
Compiling package ieee.std_logic_1164
Compiling package ieee.numeric_std
Compiling package std.env
Compiling package ieee.std_logic_arith
Compiling package ieee.std_logic_unsigned
Compiling architecture behavioral of entity xil_defaultlib.ROM [rom_default]
Compiling architecture behavioral of entity xil_defaultlib.FSM [fsm_default]
Compiling architecture behavioral of entity xil_defaultlib.FIR [fir_default]
Compiling architecture behavioral of entity xil_defaultlib.fir_tb
Built simulation snapshot FIR_tb_behav
INFO: [USF-XSim-69] 'elaborate' step finished in '2' seconds
Vivado Simulator 2018.2
Time resolution is 1 ps
relaunch_sim
INFO: [Vivado 12-5682] Launching behavioral simulation in 'C:/Users/Public/Documents/PVSDRA/Lab_3/Lab_3.sim/sim_1/behav/xsim'
INFO: [SIM-utils-51] Simulation object is 'sim_1'
INFO: [SIM-utils-54] Inspecting design source files for 'FIR_tb' in fileset 'sim_1'...
INFO: [USF-XSim-97] Finding global include files...
INFO: [USF-XSim-98] Fetching design files from 'sim_1'...
INFO: [USF-XSim-2] XSim::Compile design
INFO: [USF-XSim-61] Executing 'COMPILE and ANALYZE' step in 'C:/Users/Public/Documents/PVSDRA/Lab_3/Lab_3.sim/sim_1/behav/xsim'
"xvhdl --incr --relax -prj FIR_tb_vhdl.prj"
INFO: [VRFC 10-163] Analyzing VHDL file "C:/Users/Public/Documents/PVSDRA/Lab_3/Lab_3.srcs/sim_1/new/FIR_tb.vhd" into library xil_defaultlib
INFO: [VRFC 10-307] analyzing entity FIR_tb
INFO: [USF-XSim-69] 'compile' step finished in '1' seconds
INFO: [Vivado 12-5682] Launching behavioral simulation in 'C:/Users/Public/Documents/PVSDRA/Lab_3/Lab_3.sim/sim_1/behav/xsim'
INFO: [USF-XSim-3] XSim::Elaborate design
INFO: [USF-XSim-61] Executing 'ELABORATE' step in 'C:/Users/Public/Documents/PVSDRA/Lab_3/Lab_3.sim/sim_1/behav/xsim'
Vivado Simulator 2018.2
Copyright 1986-1999, 2001-2018 Xilinx, Inc. All Rights Reserved.
Running: D:/Xilinx/Vivado/2018.2/bin/unwrapped/win64.o/xelab.exe -wto ba93bc7316ac4ceb80ae35f65eb8577a --incr --debug typical --relax --mt 2 -L xil_defaultlib -L secureip --snapshot FIR_tb_behav xil_defaultlib.FIR_tb -log elaborate.log 
Using 2 slave threads.
Starting static elaboration
Completed static elaboration
Starting simulation data flow analysis
Completed simulation data flow analysis
Time Resolution for simulation is 1ps
Compiling package std.standard
Compiling package std.textio
Compiling package ieee.std_logic_1164
Compiling package ieee.numeric_std
Compiling package std.env
Compiling package ieee.std_logic_arith
Compiling package ieee.std_logic_unsigned
Compiling architecture behavioral of entity xil_defaultlib.ROM [rom_default]
Compiling architecture behavioral of entity xil_defaultlib.FSM [fsm_default]
Compiling architecture behavioral of entity xil_defaultlib.FIR [fir_default]
Compiling architecture behavioral of entity xil_defaultlib.fir_tb
Built simulation snapshot FIR_tb_behav
INFO: [USF-XSim-69] 'elaborate' step finished in '2' seconds
Vivado Simulator 2018.2
Time resolution is 1 ps
relaunch_sim
INFO: [Vivado 12-5682] Launching behavioral simulation in 'C:/Users/Public/Documents/PVSDRA/Lab_3/Lab_3.sim/sim_1/behav/xsim'
INFO: [SIM-utils-51] Simulation object is 'sim_1'
INFO: [SIM-utils-54] Inspecting design source files for 'FIR_tb' in fileset 'sim_1'...
INFO: [USF-XSim-97] Finding global include files...
INFO: [USF-XSim-98] Fetching design files from 'sim_1'...
INFO: [USF-XSim-2] XSim::Compile design
INFO: [USF-XSim-61] Executing 'COMPILE and ANALYZE' step in 'C:/Users/Public/Documents/PVSDRA/Lab_3/Lab_3.sim/sim_1/behav/xsim'
"xvhdl --incr --relax -prj FIR_tb_vhdl.prj"
INFO: [VRFC 10-163] Analyzing VHDL file "C:/Users/Public/Documents/PVSDRA/Lab_3/Lab_3.srcs/sources_1/new/ROM.vhd" into library xil_defaultlib
INFO: [VRFC 10-307] analyzing entity ROM
INFO: [VRFC 10-163] Analyzing VHDL file "C:/Users/Public/Documents/PVSDRA/Lab_3/Lab_3.srcs/sources_1/new/FIR.vhd" into library xil_defaultlib
INFO: [VRFC 10-307] analyzing entity FIR
INFO: [VRFC 10-163] Analyzing VHDL file "C:/Users/Public/Documents/PVSDRA/Lab_3/Lab_3.srcs/sim_1/new/FIR_tb.vhd" into library xil_defaultlib
INFO: [VRFC 10-307] analyzing entity FIR_tb
INFO: [USF-XSim-69] 'compile' step finished in '1' seconds
INFO: [Vivado 12-5682] Launching behavioral simulation in 'C:/Users/Public/Documents/PVSDRA/Lab_3/Lab_3.sim/sim_1/behav/xsim'
INFO: [USF-XSim-3] XSim::Elaborate design
INFO: [USF-XSim-61] Executing 'ELABORATE' step in 'C:/Users/Public/Documents/PVSDRA/Lab_3/Lab_3.sim/sim_1/behav/xsim'
Vivado Simulator 2018.2
Copyright 1986-1999, 2001-2018 Xilinx, Inc. All Rights Reserved.
Running: D:/Xilinx/Vivado/2018.2/bin/unwrapped/win64.o/xelab.exe -wto ba93bc7316ac4ceb80ae35f65eb8577a --incr --debug typical --relax --mt 2 -L xil_defaultlib -L secureip --snapshot FIR_tb_behav xil_defaultlib.FIR_tb -log elaborate.log 
Using 2 slave threads.
Starting static elaboration
Completed static elaboration
Starting simulation data flow analysis
Completed simulation data flow analysis
Time Resolution for simulation is 1ps
Compiling package std.standard
Compiling package std.textio
Compiling package ieee.std_logic_1164
Compiling package ieee.numeric_std
Compiling package std.env
Compiling package ieee.std_logic_arith
Compiling package ieee.std_logic_unsigned
Compiling architecture behavioral of entity xil_defaultlib.ROM [rom_default]
Compiling architecture behavioral of entity xil_defaultlib.FSM [fsm_default]
Compiling architecture behavioral of entity xil_defaultlib.FIR [fir_default]
Compiling architecture behavioral of entity xil_defaultlib.fir_tb
Built simulation snapshot FIR_tb_behav
INFO: [USF-XSim-69] 'elaborate' step finished in '1' seconds
Vivado Simulator 2018.2
Time resolution is 1 ps
relaunch_sim: Time (s): cpu = 00:00:00 ; elapsed = 00:00:07 . Memory (MB): peak = 989.043 ; gain = 0.000
relaunch_sim
INFO: [Vivado 12-5682] Launching behavioral simulation in 'C:/Users/Public/Documents/PVSDRA/Lab_3/Lab_3.sim/sim_1/behav/xsim'
INFO: [SIM-utils-51] Simulation object is 'sim_1'
INFO: [SIM-utils-54] Inspecting design source files for 'FIR_tb' in fileset 'sim_1'...
INFO: [USF-XSim-97] Finding global include files...
INFO: [USF-XSim-98] Fetching design files from 'sim_1'...
INFO: [USF-XSim-2] XSim::Compile design
INFO: [USF-XSim-61] Executing 'COMPILE and ANALYZE' step in 'C:/Users/Public/Documents/PVSDRA/Lab_3/Lab_3.sim/sim_1/behav/xsim'
"xvhdl --incr --relax -prj FIR_tb_vhdl.prj"
INFO: [VRFC 10-163] Analyzing VHDL file "C:/Users/Public/Documents/PVSDRA/Lab_3/Lab_3.srcs/sources_1/new/ROM.vhd" into library xil_defaultlib
INFO: [VRFC 10-307] analyzing entity ROM
INFO: [VRFC 10-163] Analyzing VHDL file "C:/Users/Public/Documents/PVSDRA/Lab_3/Lab_3.srcs/sources_1/new/FIR.vhd" into library xil_defaultlib
INFO: [VRFC 10-307] analyzing entity FIR
INFO: [VRFC 10-163] Analyzing VHDL file "C:/Users/Public/Documents/PVSDRA/Lab_3/Lab_3.srcs/sim_1/new/FIR_tb.vhd" into library xil_defaultlib
INFO: [VRFC 10-307] analyzing entity FIR_tb
INFO: [USF-XSim-69] 'compile' step finished in '1' seconds
INFO: [Vivado 12-5682] Launching behavioral simulation in 'C:/Users/Public/Documents/PVSDRA/Lab_3/Lab_3.sim/sim_1/behav/xsim'
INFO: [USF-XSim-3] XSim::Elaborate design
INFO: [USF-XSim-61] Executing 'ELABORATE' step in 'C:/Users/Public/Documents/PVSDRA/Lab_3/Lab_3.sim/sim_1/behav/xsim'
Vivado Simulator 2018.2
Copyright 1986-1999, 2001-2018 Xilinx, Inc. All Rights Reserved.
Running: D:/Xilinx/Vivado/2018.2/bin/unwrapped/win64.o/xelab.exe -wto ba93bc7316ac4ceb80ae35f65eb8577a --incr --debug typical --relax --mt 2 -L xil_defaultlib -L secureip --snapshot FIR_tb_behav xil_defaultlib.FIR_tb -log elaborate.log 
Using 2 slave threads.
Starting static elaboration
Completed static elaboration
Starting simulation data flow analysis
Completed simulation data flow analysis
Time Resolution for simulation is 1ps
Compiling package std.standard
Compiling package std.textio
Compiling package ieee.std_logic_1164
Compiling package ieee.numeric_std
Compiling package std.env
Compiling package ieee.std_logic_arith
Compiling package ieee.std_logic_unsigned
Compiling architecture behavioral of entity xil_defaultlib.ROM [rom_default]
Compiling architecture behavioral of entity xil_defaultlib.FSM [fsm_default]
Compiling architecture behavioral of entity xil_defaultlib.FIR [fir_default]
Compiling architecture behavioral of entity xil_defaultlib.fir_tb
Built simulation snapshot FIR_tb_behav
INFO: [USF-XSim-69] 'elaborate' step finished in '2' seconds
Vivado Simulator 2018.2
Time resolution is 1 ps
relaunch_sim
INFO: [Vivado 12-5682] Launching behavioral simulation in 'C:/Users/Public/Documents/PVSDRA/Lab_3/Lab_3.sim/sim_1/behav/xsim'
INFO: [SIM-utils-51] Simulation object is 'sim_1'
INFO: [SIM-utils-54] Inspecting design source files for 'FIR_tb' in fileset 'sim_1'...
INFO: [USF-XSim-97] Finding global include files...
INFO: [USF-XSim-98] Fetching design files from 'sim_1'...
INFO: [USF-XSim-2] XSim::Compile design
INFO: [USF-XSim-61] Executing 'COMPILE and ANALYZE' step in 'C:/Users/Public/Documents/PVSDRA/Lab_3/Lab_3.sim/sim_1/behav/xsim'
"xvhdl --incr --relax -prj FIR_tb_vhdl.prj"
INFO: [VRFC 10-163] Analyzing VHDL file "C:/Users/Public/Documents/PVSDRA/Lab_3/Lab_3.srcs/sources_1/new/ROM.vhd" into library xil_defaultlib
INFO: [VRFC 10-307] analyzing entity ROM
INFO: [VRFC 10-163] Analyzing VHDL file "C:/Users/Public/Documents/PVSDRA/Lab_3/Lab_3.srcs/sources_1/new/FIR.vhd" into library xil_defaultlib
INFO: [VRFC 10-307] analyzing entity FIR
INFO: [VRFC 10-163] Analyzing VHDL file "C:/Users/Public/Documents/PVSDRA/Lab_3/Lab_3.srcs/sim_1/new/FIR_tb.vhd" into library xil_defaultlib
INFO: [VRFC 10-307] analyzing entity FIR_tb
INFO: [USF-XSim-69] 'compile' step finished in '1' seconds
INFO: [Vivado 12-5682] Launching behavioral simulation in 'C:/Users/Public/Documents/PVSDRA/Lab_3/Lab_3.sim/sim_1/behav/xsim'
INFO: [USF-XSim-3] XSim::Elaborate design
INFO: [USF-XSim-61] Executing 'ELABORATE' step in 'C:/Users/Public/Documents/PVSDRA/Lab_3/Lab_3.sim/sim_1/behav/xsim'
Vivado Simulator 2018.2
Copyright 1986-1999, 2001-2018 Xilinx, Inc. All Rights Reserved.
Running: D:/Xilinx/Vivado/2018.2/bin/unwrapped/win64.o/xelab.exe -wto ba93bc7316ac4ceb80ae35f65eb8577a --incr --debug typical --relax --mt 2 -L xil_defaultlib -L secureip --snapshot FIR_tb_behav xil_defaultlib.FIR_tb -log elaborate.log 
Using 2 slave threads.
Starting static elaboration
ERROR: [VRFC 10-664] expression has 8 elements ; expected 4 [C:/Users/Public/Documents/PVSDRA/Lab_3/Lab_3.srcs/sources_1/new/ROM.vhd:17]
ERROR: [XSIM 43-3321] Static elaboration of top level VHDL design unit fir_tb in library work failed.
INFO: [USF-XSim-69] 'elaborate' step finished in '1' seconds
INFO: [USF-XSim-99] Step results log file:'C:/Users/Public/Documents/PVSDRA/Lab_3/Lab_3.sim/sim_1/behav/xsim/elaborate.log'
ERROR: [USF-XSim-62] 'elaborate' step failed with error(s). Please check the Tcl console output or 'C:/Users/Public/Documents/PVSDRA/Lab_3/Lab_3.sim/sim_1/behav/xsim/elaborate.log' file for more information.
ERROR: [Vivado 12-4473] Detected error while running simulation. Please correct the issue and retry this operation.
ERROR: [Common 17-39] 'launch_simulation' failed due to earlier errors.
ERROR: [Common 17-69] Command failed: ERROR: [Common 17-39] 'launch_simulation' failed due to earlier errors.

relaunch_sim
INFO: [Vivado 12-5682] Launching behavioral simulation in 'C:/Users/Public/Documents/PVSDRA/Lab_3/Lab_3.sim/sim_1/behav/xsim'
INFO: [SIM-utils-51] Simulation object is 'sim_1'
INFO: [SIM-utils-54] Inspecting design source files for 'FIR_tb' in fileset 'sim_1'...
INFO: [USF-XSim-97] Finding global include files...
INFO: [USF-XSim-98] Fetching design files from 'sim_1'...
INFO: [USF-XSim-2] XSim::Compile design
INFO: [USF-XSim-61] Executing 'COMPILE and ANALYZE' step in 'C:/Users/Public/Documents/PVSDRA/Lab_3/Lab_3.sim/sim_1/behav/xsim'
"xvhdl --incr --relax -prj FIR_tb_vhdl.prj"
INFO: [VRFC 10-163] Analyzing VHDL file "C:/Users/Public/Documents/PVSDRA/Lab_3/Lab_3.srcs/sources_1/new/ROM.vhd" into library xil_defaultlib
INFO: [VRFC 10-307] analyzing entity ROM
INFO: [VRFC 10-163] Analyzing VHDL file "C:/Users/Public/Documents/PVSDRA/Lab_3/Lab_3.srcs/sources_1/new/FIR.vhd" into library xil_defaultlib
INFO: [VRFC 10-307] analyzing entity FIR
INFO: [VRFC 10-163] Analyzing VHDL file "C:/Users/Public/Documents/PVSDRA/Lab_3/Lab_3.srcs/sim_1/new/FIR_tb.vhd" into library xil_defaultlib
INFO: [VRFC 10-307] analyzing entity FIR_tb
INFO: [USF-XSim-69] 'compile' step finished in '1' seconds
INFO: [Vivado 12-5682] Launching behavioral simulation in 'C:/Users/Public/Documents/PVSDRA/Lab_3/Lab_3.sim/sim_1/behav/xsim'
INFO: [USF-XSim-3] XSim::Elaborate design
INFO: [USF-XSim-61] Executing 'ELABORATE' step in 'C:/Users/Public/Documents/PVSDRA/Lab_3/Lab_3.sim/sim_1/behav/xsim'
Vivado Simulator 2018.2
Copyright 1986-1999, 2001-2018 Xilinx, Inc. All Rights Reserved.
Running: D:/Xilinx/Vivado/2018.2/bin/unwrapped/win64.o/xelab.exe -wto ba93bc7316ac4ceb80ae35f65eb8577a --incr --debug typical --relax --mt 2 -L xil_defaultlib -L secureip --snapshot FIR_tb_behav xil_defaultlib.FIR_tb -log elaborate.log 
Using 2 slave threads.
Starting static elaboration
Completed static elaboration
Starting simulation data flow analysis
Completed simulation data flow analysis
Time Resolution for simulation is 1ps
Compiling package std.standard
Compiling package std.textio
Compiling package ieee.std_logic_1164
Compiling package ieee.numeric_std
Compiling package std.env
Compiling package ieee.std_logic_arith
Compiling package ieee.std_logic_unsigned
Compiling architecture behavioral of entity xil_defaultlib.ROM [rom_default]
Compiling architecture behavioral of entity xil_defaultlib.FSM [fsm_default]
Compiling architecture behavioral of entity xil_defaultlib.FIR [fir_default]
Compiling architecture behavioral of entity xil_defaultlib.fir_tb
Built simulation snapshot FIR_tb_behav
INFO: [USF-XSim-69] 'elaborate' step finished in '1' seconds
Vivado Simulator 2018.2
Time resolution is 1 ps
relaunch_sim
INFO: [Vivado 12-5682] Launching behavioral simulation in 'C:/Users/Public/Documents/PVSDRA/Lab_3/Lab_3.sim/sim_1/behav/xsim'
INFO: [SIM-utils-51] Simulation object is 'sim_1'
INFO: [SIM-utils-54] Inspecting design source files for 'FIR_tb' in fileset 'sim_1'...
INFO: [USF-XSim-97] Finding global include files...
INFO: [USF-XSim-98] Fetching design files from 'sim_1'...
INFO: [USF-XSim-2] XSim::Compile design
INFO: [USF-XSim-61] Executing 'COMPILE and ANALYZE' step in 'C:/Users/Public/Documents/PVSDRA/Lab_3/Lab_3.sim/sim_1/behav/xsim'
"xvhdl --incr --relax -prj FIR_tb_vhdl.prj"
INFO: [VRFC 10-163] Analyzing VHDL file "C:/Users/Public/Documents/PVSDRA/Lab_3/Lab_3.srcs/sources_1/new/FIR.vhd" into library xil_defaultlib
INFO: [VRFC 10-307] analyzing entity FIR
INFO: [VRFC 10-163] Analyzing VHDL file "C:/Users/Public/Documents/PVSDRA/Lab_3/Lab_3.srcs/sim_1/new/FIR_tb.vhd" into library xil_defaultlib
INFO: [VRFC 10-307] analyzing entity FIR_tb
INFO: [USF-XSim-69] 'compile' step finished in '1' seconds
INFO: [Vivado 12-5682] Launching behavioral simulation in 'C:/Users/Public/Documents/PVSDRA/Lab_3/Lab_3.sim/sim_1/behav/xsim'
INFO: [USF-XSim-3] XSim::Elaborate design
INFO: [USF-XSim-61] Executing 'ELABORATE' step in 'C:/Users/Public/Documents/PVSDRA/Lab_3/Lab_3.sim/sim_1/behav/xsim'
Vivado Simulator 2018.2
Copyright 1986-1999, 2001-2018 Xilinx, Inc. All Rights Reserved.
Running: D:/Xilinx/Vivado/2018.2/bin/unwrapped/win64.o/xelab.exe -wto ba93bc7316ac4ceb80ae35f65eb8577a --incr --debug typical --relax --mt 2 -L xil_defaultlib -L secureip --snapshot FIR_tb_behav xil_defaultlib.FIR_tb -log elaborate.log 
Using 2 slave threads.
Starting static elaboration
Completed static elaboration
Starting simulation data flow analysis
Completed simulation data flow analysis
Time Resolution for simulation is 1ps
Compiling package std.standard
Compiling package std.textio
Compiling package ieee.std_logic_1164
Compiling package ieee.numeric_std
Compiling package std.env
Compiling package ieee.std_logic_arith
Compiling package ieee.std_logic_unsigned
Compiling architecture behavioral of entity xil_defaultlib.ROM [rom_default]
Compiling architecture behavioral of entity xil_defaultlib.FSM [\FSM(baat=1)\]
Compiling architecture behavioral of entity xil_defaultlib.FIR [\FIR(baat=1)\]
Compiling architecture behavioral of entity xil_defaultlib.fir_tb
Built simulation snapshot FIR_tb_behav
INFO: [USF-XSim-69] 'elaborate' step finished in '1' seconds
Vivado Simulator 2018.2
Time resolution is 1 ps
relaunch_sim: Time (s): cpu = 00:00:00 ; elapsed = 00:00:06 . Memory (MB): peak = 991.566 ; gain = 0.262
relaunch_sim
INFO: [Vivado 12-5682] Launching behavioral simulation in 'C:/Users/Public/Documents/PVSDRA/Lab_3/Lab_3.sim/sim_1/behav/xsim'
INFO: [SIM-utils-51] Simulation object is 'sim_1'
INFO: [SIM-utils-54] Inspecting design source files for 'FIR_tb' in fileset 'sim_1'...
INFO: [USF-XSim-97] Finding global include files...
INFO: [USF-XSim-98] Fetching design files from 'sim_1'...
INFO: [USF-XSim-2] XSim::Compile design
INFO: [USF-XSim-61] Executing 'COMPILE and ANALYZE' step in 'C:/Users/Public/Documents/PVSDRA/Lab_3/Lab_3.sim/sim_1/behav/xsim'
"xvhdl --incr --relax -prj FIR_tb_vhdl.prj"
INFO: [VRFC 10-163] Analyzing VHDL file "C:/Users/Public/Documents/PVSDRA/Lab_3/Lab_3.srcs/sim_1/new/FIR_tb.vhd" into library xil_defaultlib
INFO: [VRFC 10-307] analyzing entity FIR_tb
INFO: [USF-XSim-69] 'compile' step finished in '1' seconds
INFO: [Vivado 12-5682] Launching behavioral simulation in 'C:/Users/Public/Documents/PVSDRA/Lab_3/Lab_3.sim/sim_1/behav/xsim'
INFO: [USF-XSim-3] XSim::Elaborate design
INFO: [USF-XSim-61] Executing 'ELABORATE' step in 'C:/Users/Public/Documents/PVSDRA/Lab_3/Lab_3.sim/sim_1/behav/xsim'
Vivado Simulator 2018.2
Copyright 1986-1999, 2001-2018 Xilinx, Inc. All Rights Reserved.
Running: D:/Xilinx/Vivado/2018.2/bin/unwrapped/win64.o/xelab.exe -wto ba93bc7316ac4ceb80ae35f65eb8577a --incr --debug typical --relax --mt 2 -L xil_defaultlib -L secureip --snapshot FIR_tb_behav xil_defaultlib.FIR_tb -log elaborate.log 
Using 2 slave threads.
Starting static elaboration
Completed static elaboration
Starting simulation data flow analysis
Completed simulation data flow analysis
Time Resolution for simulation is 1ps
Compiling package std.standard
Compiling package std.textio
Compiling package ieee.std_logic_1164
Compiling package ieee.numeric_std
Compiling package std.env
Compiling package ieee.std_logic_arith
Compiling package ieee.std_logic_unsigned
Compiling architecture behavioral of entity xil_defaultlib.ROM [rom_default]
Compiling architecture behavioral of entity xil_defaultlib.FSM [\FSM(baat=2)\]
Compiling architecture behavioral of entity xil_defaultlib.FIR [\FIR(baat=2)\]
Compiling architecture behavioral of entity xil_defaultlib.fir_tb
Built simulation snapshot FIR_tb_behav
INFO: [USF-XSim-69] 'elaborate' step finished in '1' seconds
Vivado Simulator 2018.2
Time resolution is 1 ps
relaunch_sim
INFO: [Vivado 12-5682] Launching behavioral simulation in 'C:/Users/Public/Documents/PVSDRA/Lab_3/Lab_3.sim/sim_1/behav/xsim'
INFO: [SIM-utils-51] Simulation object is 'sim_1'
INFO: [SIM-utils-54] Inspecting design source files for 'FIR_tb' in fileset 'sim_1'...
INFO: [USF-XSim-97] Finding global include files...
INFO: [USF-XSim-98] Fetching design files from 'sim_1'...
INFO: [USF-XSim-2] XSim::Compile design
INFO: [USF-XSim-61] Executing 'COMPILE and ANALYZE' step in 'C:/Users/Public/Documents/PVSDRA/Lab_3/Lab_3.sim/sim_1/behav/xsim'
"xvhdl --incr --relax -prj FIR_tb_vhdl.prj"
INFO: [VRFC 10-163] Analyzing VHDL file "C:/Users/Public/Documents/PVSDRA/Lab_3/Lab_3.srcs/sim_1/new/FIR_tb.vhd" into library xil_defaultlib
INFO: [VRFC 10-307] analyzing entity FIR_tb
INFO: [USF-XSim-69] 'compile' step finished in '1' seconds
INFO: [Vivado 12-5682] Launching behavioral simulation in 'C:/Users/Public/Documents/PVSDRA/Lab_3/Lab_3.sim/sim_1/behav/xsim'
INFO: [USF-XSim-3] XSim::Elaborate design
INFO: [USF-XSim-61] Executing 'ELABORATE' step in 'C:/Users/Public/Documents/PVSDRA/Lab_3/Lab_3.sim/sim_1/behav/xsim'
Vivado Simulator 2018.2
Copyright 1986-1999, 2001-2018 Xilinx, Inc. All Rights Reserved.
Running: D:/Xilinx/Vivado/2018.2/bin/unwrapped/win64.o/xelab.exe -wto ba93bc7316ac4ceb80ae35f65eb8577a --incr --debug typical --relax --mt 2 -L xil_defaultlib -L secureip --snapshot FIR_tb_behav xil_defaultlib.FIR_tb -log elaborate.log 
Using 2 slave threads.
Starting static elaboration
Completed static elaboration
Starting simulation data flow analysis
Completed simulation data flow analysis
Time Resolution for simulation is 1ps
Compiling package std.standard
Compiling package std.textio
Compiling package ieee.std_logic_1164
Compiling package ieee.numeric_std
Compiling package std.env
Compiling package ieee.std_logic_arith
Compiling package ieee.std_logic_unsigned
Compiling architecture behavioral of entity xil_defaultlib.ROM [rom_default]
Compiling architecture behavioral of entity xil_defaultlib.FSM [fsm_default]
Compiling architecture behavioral of entity xil_defaultlib.FIR [fir_default]
Compiling architecture behavioral of entity xil_defaultlib.fir_tb
Built simulation snapshot FIR_tb_behav
INFO: [USF-XSim-69] 'elaborate' step finished in '2' seconds
Vivado Simulator 2018.2
Time resolution is 1 ps
relaunch_sim: Time (s): cpu = 00:00:00 ; elapsed = 00:00:06 . Memory (MB): peak = 994.230 ; gain = 0.000
relaunch_sim
INFO: [Vivado 12-5682] Launching behavioral simulation in 'C:/Users/Public/Documents/PVSDRA/Lab_3/Lab_3.sim/sim_1/behav/xsim'
INFO: [SIM-utils-51] Simulation object is 'sim_1'
INFO: [SIM-utils-54] Inspecting design source files for 'FIR_tb' in fileset 'sim_1'...
INFO: [USF-XSim-97] Finding global include files...
INFO: [USF-XSim-98] Fetching design files from 'sim_1'...
INFO: [USF-XSim-2] XSim::Compile design
INFO: [USF-XSim-61] Executing 'COMPILE and ANALYZE' step in 'C:/Users/Public/Documents/PVSDRA/Lab_3/Lab_3.sim/sim_1/behav/xsim'
"xvhdl --incr --relax -prj FIR_tb_vhdl.prj"
INFO: [VRFC 10-163] Analyzing VHDL file "C:/Users/Public/Documents/PVSDRA/Lab_3/Lab_3.srcs/sources_1/new/FIR.vhd" into library xil_defaultlib
INFO: [VRFC 10-307] analyzing entity FIR
INFO: [VRFC 10-163] Analyzing VHDL file "C:/Users/Public/Documents/PVSDRA/Lab_3/Lab_3.srcs/sim_1/new/FIR_tb.vhd" into library xil_defaultlib
INFO: [VRFC 10-307] analyzing entity FIR_tb
INFO: [USF-XSim-69] 'compile' step finished in '2' seconds
INFO: [Vivado 12-5682] Launching behavioral simulation in 'C:/Users/Public/Documents/PVSDRA/Lab_3/Lab_3.sim/sim_1/behav/xsim'
INFO: [USF-XSim-3] XSim::Elaborate design
INFO: [USF-XSim-61] Executing 'ELABORATE' step in 'C:/Users/Public/Documents/PVSDRA/Lab_3/Lab_3.sim/sim_1/behav/xsim'
Vivado Simulator 2018.2
Copyright 1986-1999, 2001-2018 Xilinx, Inc. All Rights Reserved.
Running: D:/Xilinx/Vivado/2018.2/bin/unwrapped/win64.o/xelab.exe -wto ba93bc7316ac4ceb80ae35f65eb8577a --incr --debug typical --relax --mt 2 -L xil_defaultlib -L secureip --snapshot FIR_tb_behav xil_defaultlib.FIR_tb -log elaborate.log 
Using 2 slave threads.
Starting static elaboration
Completed static elaboration
Starting simulation data flow analysis
Completed simulation data flow analysis
Time Resolution for simulation is 1ps
Compiling package std.standard
Compiling package std.textio
Compiling package ieee.std_logic_1164
Compiling package ieee.numeric_std
Compiling package std.env
Compiling package ieee.std_logic_arith
Compiling package ieee.std_logic_unsigned
Compiling architecture behavioral of entity xil_defaultlib.ROM [rom_default]
Compiling architecture behavioral of entity xil_defaultlib.FSM [\FSM(baat=1)\]
Compiling architecture behavioral of entity xil_defaultlib.FIR [\FIR(baat=1)\]
Compiling architecture behavioral of entity xil_defaultlib.fir_tb
Built simulation snapshot FIR_tb_behav
INFO: [USF-XSim-69] 'elaborate' step finished in '1' seconds
Vivado Simulator 2018.2
Time resolution is 1 ps
ERROR: Array sizes do not match, left array has 3 elements, right array has 2 elements
Time: 0 ps  Iteration: 0  Process: /FIR_tb/uut/\gen_addr(0)\/line__162
  File: C:/Users/Public/Documents/PVSDRA/Lab_3/Lab_3.srcs/sources_1/new/FIR.vhd

HDL Line: C:/Users/Public/Documents/PVSDRA/Lab_3/Lab_3.srcs/sources_1/new/FIR.vhd:162
relaunch_sim
INFO: [Vivado 12-5682] Launching behavioral simulation in 'C:/Users/Public/Documents/PVSDRA/Lab_3/Lab_3.sim/sim_1/behav/xsim'
INFO: [SIM-utils-51] Simulation object is 'sim_1'
INFO: [SIM-utils-54] Inspecting design source files for 'FIR_tb' in fileset 'sim_1'...
INFO: [USF-XSim-97] Finding global include files...
INFO: [USF-XSim-98] Fetching design files from 'sim_1'...
INFO: [USF-XSim-2] XSim::Compile design
INFO: [USF-XSim-61] Executing 'COMPILE and ANALYZE' step in 'C:/Users/Public/Documents/PVSDRA/Lab_3/Lab_3.sim/sim_1/behav/xsim'
"xvhdl --incr --relax -prj FIR_tb_vhdl.prj"
INFO: [VRFC 10-163] Analyzing VHDL file "C:/Users/Public/Documents/PVSDRA/Lab_3/Lab_3.srcs/sources_1/new/ROM.vhd" into library xil_defaultlib
INFO: [VRFC 10-307] analyzing entity ROM
INFO: [VRFC 10-163] Analyzing VHDL file "C:/Users/Public/Documents/PVSDRA/Lab_3/Lab_3.srcs/sources_1/new/FIR.vhd" into library xil_defaultlib
INFO: [VRFC 10-307] analyzing entity FIR
INFO: [VRFC 10-163] Analyzing VHDL file "C:/Users/Public/Documents/PVSDRA/Lab_3/Lab_3.srcs/sim_1/new/FIR_tb.vhd" into library xil_defaultlib
INFO: [VRFC 10-307] analyzing entity FIR_tb
INFO: [USF-XSim-69] 'compile' step finished in '1' seconds
INFO: [Vivado 12-5682] Launching behavioral simulation in 'C:/Users/Public/Documents/PVSDRA/Lab_3/Lab_3.sim/sim_1/behav/xsim'
INFO: [USF-XSim-3] XSim::Elaborate design
INFO: [USF-XSim-61] Executing 'ELABORATE' step in 'C:/Users/Public/Documents/PVSDRA/Lab_3/Lab_3.sim/sim_1/behav/xsim'
Vivado Simulator 2018.2
Copyright 1986-1999, 2001-2018 Xilinx, Inc. All Rights Reserved.
Running: D:/Xilinx/Vivado/2018.2/bin/unwrapped/win64.o/xelab.exe -wto ba93bc7316ac4ceb80ae35f65eb8577a --incr --debug typical --relax --mt 2 -L xil_defaultlib -L secureip --snapshot FIR_tb_behav xil_defaultlib.FIR_tb -log elaborate.log 
Using 2 slave threads.
Starting static elaboration
Completed static elaboration
Starting simulation data flow analysis
Completed simulation data flow analysis
Time Resolution for simulation is 1ps
Compiling package std.standard
Compiling package std.textio
Compiling package ieee.std_logic_1164
Compiling package ieee.numeric_std
Compiling package std.env
Compiling package ieee.std_logic_arith
Compiling package ieee.std_logic_unsigned
Compiling architecture behavioral of entity xil_defaultlib.ROM [rom_default]
Compiling architecture behavioral of entity xil_defaultlib.FSM [\FSM(baat=1)\]
Compiling architecture behavioral of entity xil_defaultlib.FIR [\FIR(baat=1)\]
Compiling architecture behavioral of entity xil_defaultlib.fir_tb
Built simulation snapshot FIR_tb_behav
INFO: [USF-XSim-69] 'elaborate' step finished in '2' seconds
Vivado Simulator 2018.2
Time resolution is 1 ps
relaunch_sim
INFO: [Vivado 12-5682] Launching behavioral simulation in 'C:/Users/Public/Documents/PVSDRA/Lab_3/Lab_3.sim/sim_1/behav/xsim'
INFO: [SIM-utils-51] Simulation object is 'sim_1'
INFO: [SIM-utils-54] Inspecting design source files for 'FIR_tb' in fileset 'sim_1'...
INFO: [USF-XSim-97] Finding global include files...
INFO: [USF-XSim-98] Fetching design files from 'sim_1'...
INFO: [USF-XSim-2] XSim::Compile design
INFO: [USF-XSim-61] Executing 'COMPILE and ANALYZE' step in 'C:/Users/Public/Documents/PVSDRA/Lab_3/Lab_3.sim/sim_1/behav/xsim'
"xvhdl --incr --relax -prj FIR_tb_vhdl.prj"
INFO: [VRFC 10-163] Analyzing VHDL file "C:/Users/Public/Documents/PVSDRA/Lab_3/Lab_3.srcs/sources_1/new/FIR.vhd" into library xil_defaultlib
INFO: [VRFC 10-307] analyzing entity FIR
INFO: [VRFC 10-163] Analyzing VHDL file "C:/Users/Public/Documents/PVSDRA/Lab_3/Lab_3.srcs/sim_1/new/FIR_tb.vhd" into library xil_defaultlib
INFO: [VRFC 10-307] analyzing entity FIR_tb
INFO: [USF-XSim-69] 'compile' step finished in '1' seconds
INFO: [Vivado 12-5682] Launching behavioral simulation in 'C:/Users/Public/Documents/PVSDRA/Lab_3/Lab_3.sim/sim_1/behav/xsim'
INFO: [USF-XSim-3] XSim::Elaborate design
INFO: [USF-XSim-61] Executing 'ELABORATE' step in 'C:/Users/Public/Documents/PVSDRA/Lab_3/Lab_3.sim/sim_1/behav/xsim'
Vivado Simulator 2018.2
Copyright 1986-1999, 2001-2018 Xilinx, Inc. All Rights Reserved.
Running: D:/Xilinx/Vivado/2018.2/bin/unwrapped/win64.o/xelab.exe -wto ba93bc7316ac4ceb80ae35f65eb8577a --incr --debug typical --relax --mt 2 -L xil_defaultlib -L secureip --snapshot FIR_tb_behav xil_defaultlib.FIR_tb -log elaborate.log 
Using 2 slave threads.
Starting static elaboration
Completed static elaboration
Starting simulation data flow analysis
Completed simulation data flow analysis
Time Resolution for simulation is 1ps
Compiling package std.standard
Compiling package std.textio
Compiling package ieee.std_logic_1164
Compiling package ieee.numeric_std
Compiling package std.env
Compiling package ieee.std_logic_arith
Compiling package ieee.std_logic_unsigned
Compiling architecture behavioral of entity xil_defaultlib.ROM [rom_default]
Compiling architecture behavioral of entity xil_defaultlib.FSM [\FSM(baat=1)\]
Compiling architecture behavioral of entity xil_defaultlib.FIR [\FIR(baat=1)\]
Compiling architecture behavioral of entity xil_defaultlib.fir_tb
Built simulation snapshot FIR_tb_behav
INFO: [USF-XSim-69] 'elaborate' step finished in '2' seconds
Vivado Simulator 2018.2
Time resolution is 1 ps
run 10 us
relaunch_sim
INFO: [Vivado 12-5682] Launching behavioral simulation in 'C:/Users/Public/Documents/PVSDRA/Lab_3/Lab_3.sim/sim_1/behav/xsim'
INFO: [SIM-utils-51] Simulation object is 'sim_1'
INFO: [SIM-utils-54] Inspecting design source files for 'FIR_tb' in fileset 'sim_1'...
INFO: [USF-XSim-97] Finding global include files...
INFO: [USF-XSim-98] Fetching design files from 'sim_1'...
INFO: [USF-XSim-2] XSim::Compile design
INFO: [USF-XSim-61] Executing 'COMPILE and ANALYZE' step in 'C:/Users/Public/Documents/PVSDRA/Lab_3/Lab_3.sim/sim_1/behav/xsim'
"xvhdl --incr --relax -prj FIR_tb_vhdl.prj"
INFO: [VRFC 10-163] Analyzing VHDL file "C:/Users/Public/Documents/PVSDRA/Lab_3/Lab_3.srcs/sources_1/new/ROM.vhd" into library xil_defaultlib
INFO: [VRFC 10-307] analyzing entity ROM
INFO: [VRFC 10-163] Analyzing VHDL file "C:/Users/Public/Documents/PVSDRA/Lab_3/Lab_3.srcs/sources_1/new/FIR.vhd" into library xil_defaultlib
INFO: [VRFC 10-307] analyzing entity FIR
INFO: [VRFC 10-163] Analyzing VHDL file "C:/Users/Public/Documents/PVSDRA/Lab_3/Lab_3.srcs/sim_1/new/FIR_tb.vhd" into library xil_defaultlib
INFO: [VRFC 10-307] analyzing entity FIR_tb
INFO: [USF-XSim-69] 'compile' step finished in '1' seconds
INFO: [Vivado 12-5682] Launching behavioral simulation in 'C:/Users/Public/Documents/PVSDRA/Lab_3/Lab_3.sim/sim_1/behav/xsim'
INFO: [USF-XSim-3] XSim::Elaborate design
INFO: [USF-XSim-61] Executing 'ELABORATE' step in 'C:/Users/Public/Documents/PVSDRA/Lab_3/Lab_3.sim/sim_1/behav/xsim'
Vivado Simulator 2018.2
Copyright 1986-1999, 2001-2018 Xilinx, Inc. All Rights Reserved.
Running: D:/Xilinx/Vivado/2018.2/bin/unwrapped/win64.o/xelab.exe -wto ba93bc7316ac4ceb80ae35f65eb8577a --incr --debug typical --relax --mt 2 -L xil_defaultlib -L secureip --snapshot FIR_tb_behav xil_defaultlib.FIR_tb -log elaborate.log 
Using 2 slave threads.
Starting static elaboration
ERROR: [VRFC 10-664] expression has 4 elements ; expected 8 [C:/Users/Public/Documents/PVSDRA/Lab_3/Lab_3.srcs/sources_1/new/ROM.vhd:16]
ERROR: [XSIM 43-3321] Static elaboration of top level VHDL design unit fir_tb in library work failed.
INFO: [USF-XSim-69] 'elaborate' step finished in '1' seconds
INFO: [USF-XSim-99] Step results log file:'C:/Users/Public/Documents/PVSDRA/Lab_3/Lab_3.sim/sim_1/behav/xsim/elaborate.log'
ERROR: [USF-XSim-62] 'elaborate' step failed with error(s). Please check the Tcl console output or 'C:/Users/Public/Documents/PVSDRA/Lab_3/Lab_3.sim/sim_1/behav/xsim/elaborate.log' file for more information.
ERROR: [Vivado 12-4473] Detected error while running simulation. Please correct the issue and retry this operation.
ERROR: [Common 17-39] 'launch_simulation' failed due to earlier errors.
ERROR: [Common 17-69] Command failed: ERROR: [Common 17-39] 'launch_simulation' failed due to earlier errors.

relaunch_sim
INFO: [Vivado 12-5682] Launching behavioral simulation in 'C:/Users/Public/Documents/PVSDRA/Lab_3/Lab_3.sim/sim_1/behav/xsim'
INFO: [SIM-utils-51] Simulation object is 'sim_1'
INFO: [SIM-utils-54] Inspecting design source files for 'FIR_tb' in fileset 'sim_1'...
INFO: [USF-XSim-97] Finding global include files...
INFO: [USF-XSim-98] Fetching design files from 'sim_1'...
INFO: [USF-XSim-2] XSim::Compile design
INFO: [USF-XSim-61] Executing 'COMPILE and ANALYZE' step in 'C:/Users/Public/Documents/PVSDRA/Lab_3/Lab_3.sim/sim_1/behav/xsim'
"xvhdl --incr --relax -prj FIR_tb_vhdl.prj"
INFO: [VRFC 10-163] Analyzing VHDL file "C:/Users/Public/Documents/PVSDRA/Lab_3/Lab_3.srcs/sources_1/new/ROM.vhd" into library xil_defaultlib
INFO: [VRFC 10-307] analyzing entity ROM
INFO: [VRFC 10-163] Analyzing VHDL file "C:/Users/Public/Documents/PVSDRA/Lab_3/Lab_3.srcs/sources_1/new/FIR.vhd" into library xil_defaultlib
INFO: [VRFC 10-307] analyzing entity FIR
INFO: [VRFC 10-163] Analyzing VHDL file "C:/Users/Public/Documents/PVSDRA/Lab_3/Lab_3.srcs/sim_1/new/FIR_tb.vhd" into library xil_defaultlib
INFO: [VRFC 10-307] analyzing entity FIR_tb
INFO: [USF-XSim-69] 'compile' step finished in '2' seconds
INFO: [Vivado 12-5682] Launching behavioral simulation in 'C:/Users/Public/Documents/PVSDRA/Lab_3/Lab_3.sim/sim_1/behav/xsim'
INFO: [USF-XSim-3] XSim::Elaborate design
INFO: [USF-XSim-61] Executing 'ELABORATE' step in 'C:/Users/Public/Documents/PVSDRA/Lab_3/Lab_3.sim/sim_1/behav/xsim'
Vivado Simulator 2018.2
Copyright 1986-1999, 2001-2018 Xilinx, Inc. All Rights Reserved.
Running: D:/Xilinx/Vivado/2018.2/bin/unwrapped/win64.o/xelab.exe -wto ba93bc7316ac4ceb80ae35f65eb8577a --incr --debug typical --relax --mt 2 -L xil_defaultlib -L secureip --snapshot FIR_tb_behav xil_defaultlib.FIR_tb -log elaborate.log 
Using 2 slave threads.
Starting static elaboration
Completed static elaboration
Starting simulation data flow analysis
Completed simulation data flow analysis
Time Resolution for simulation is 1ps
Compiling package std.standard
Compiling package std.textio
Compiling package ieee.std_logic_1164
Compiling package ieee.numeric_std
Compiling package std.env
Compiling package ieee.std_logic_arith
Compiling package ieee.std_logic_unsigned
Compiling architecture behavioral of entity xil_defaultlib.ROM [rom_default]
Compiling architecture behavioral of entity xil_defaultlib.FSM [\FSM(baat=1)\]
Compiling architecture behavioral of entity xil_defaultlib.FIR [\FIR(baat=1)\]
Compiling architecture behavioral of entity xil_defaultlib.fir_tb
Built simulation snapshot FIR_tb_behav
INFO: [USF-XSim-69] 'elaborate' step finished in '1' seconds
Vivado Simulator 2018.2
Time resolution is 1 ps
relaunch_sim: Time (s): cpu = 00:00:00 ; elapsed = 00:00:06 . Memory (MB): peak = 994.461 ; gain = 0.000
relaunch_sim
INFO: [Vivado 12-5682] Launching behavioral simulation in 'C:/Users/Public/Documents/PVSDRA/Lab_3/Lab_3.sim/sim_1/behav/xsim'
INFO: [SIM-utils-51] Simulation object is 'sim_1'
INFO: [SIM-utils-54] Inspecting design source files for 'FIR_tb' in fileset 'sim_1'...
INFO: [USF-XSim-97] Finding global include files...
INFO: [USF-XSim-98] Fetching design files from 'sim_1'...
INFO: [USF-XSim-2] XSim::Compile design
INFO: [USF-XSim-61] Executing 'COMPILE and ANALYZE' step in 'C:/Users/Public/Documents/PVSDRA/Lab_3/Lab_3.sim/sim_1/behav/xsim'
"xvhdl --incr --relax -prj FIR_tb_vhdl.prj"
INFO: [VRFC 10-163] Analyzing VHDL file "C:/Users/Public/Documents/PVSDRA/Lab_3/Lab_3.srcs/sources_1/new/ROM.vhd" into library xil_defaultlib
INFO: [VRFC 10-307] analyzing entity ROM
INFO: [VRFC 10-163] Analyzing VHDL file "C:/Users/Public/Documents/PVSDRA/Lab_3/Lab_3.srcs/sources_1/new/FIR.vhd" into library xil_defaultlib
INFO: [VRFC 10-307] analyzing entity FIR
INFO: [VRFC 10-163] Analyzing VHDL file "C:/Users/Public/Documents/PVSDRA/Lab_3/Lab_3.srcs/sim_1/new/FIR_tb.vhd" into library xil_defaultlib
INFO: [VRFC 10-307] analyzing entity FIR_tb
INFO: [USF-XSim-69] 'compile' step finished in '1' seconds
INFO: [Vivado 12-5682] Launching behavioral simulation in 'C:/Users/Public/Documents/PVSDRA/Lab_3/Lab_3.sim/sim_1/behav/xsim'
INFO: [USF-XSim-3] XSim::Elaborate design
INFO: [USF-XSim-61] Executing 'ELABORATE' step in 'C:/Users/Public/Documents/PVSDRA/Lab_3/Lab_3.sim/sim_1/behav/xsim'
Vivado Simulator 2018.2
Copyright 1986-1999, 2001-2018 Xilinx, Inc. All Rights Reserved.
Running: D:/Xilinx/Vivado/2018.2/bin/unwrapped/win64.o/xelab.exe -wto ba93bc7316ac4ceb80ae35f65eb8577a --incr --debug typical --relax --mt 2 -L xil_defaultlib -L secureip --snapshot FIR_tb_behav xil_defaultlib.FIR_tb -log elaborate.log 
Using 2 slave threads.
Starting static elaboration
Completed static elaboration
Starting simulation data flow analysis
Completed simulation data flow analysis
Time Resolution for simulation is 1ps
Compiling package std.standard
Compiling package std.textio
Compiling package ieee.std_logic_1164
Compiling package ieee.numeric_std
Compiling package std.env
Compiling package ieee.std_logic_arith
Compiling package ieee.std_logic_unsigned
Compiling architecture behavioral of entity xil_defaultlib.ROM [rom_default]
Compiling architecture behavioral of entity xil_defaultlib.FSM [\FSM(baat=1)\]
Compiling architecture behavioral of entity xil_defaultlib.FIR [\FIR(baat=1)\]
Compiling architecture behavioral of entity xil_defaultlib.fir_tb
Built simulation snapshot FIR_tb_behav
INFO: [USF-XSim-69] 'elaborate' step finished in '2' seconds
Vivado Simulator 2018.2
Time resolution is 1 ps
relaunch_sim
INFO: [Vivado 12-5682] Launching behavioral simulation in 'C:/Users/Public/Documents/PVSDRA/Lab_3/Lab_3.sim/sim_1/behav/xsim'
INFO: [SIM-utils-51] Simulation object is 'sim_1'
INFO: [SIM-utils-54] Inspecting design source files for 'FIR_tb' in fileset 'sim_1'...
INFO: [USF-XSim-97] Finding global include files...
INFO: [USF-XSim-98] Fetching design files from 'sim_1'...
INFO: [USF-XSim-2] XSim::Compile design
INFO: [USF-XSim-61] Executing 'COMPILE and ANALYZE' step in 'C:/Users/Public/Documents/PVSDRA/Lab_3/Lab_3.sim/sim_1/behav/xsim'
"xvhdl --incr --relax -prj FIR_tb_vhdl.prj"
INFO: [VRFC 10-163] Analyzing VHDL file "C:/Users/Public/Documents/PVSDRA/Lab_3/Lab_3.srcs/sources_1/new/ROM.vhd" into library xil_defaultlib
INFO: [VRFC 10-307] analyzing entity ROM
INFO: [VRFC 10-163] Analyzing VHDL file "C:/Users/Public/Documents/PVSDRA/Lab_3/Lab_3.srcs/sources_1/new/FIR.vhd" into library xil_defaultlib
INFO: [VRFC 10-307] analyzing entity FIR
INFO: [VRFC 10-163] Analyzing VHDL file "C:/Users/Public/Documents/PVSDRA/Lab_3/Lab_3.srcs/sim_1/new/FIR_tb.vhd" into library xil_defaultlib
INFO: [VRFC 10-307] analyzing entity FIR_tb
INFO: [USF-XSim-69] 'compile' step finished in '1' seconds
INFO: [Vivado 12-5682] Launching behavioral simulation in 'C:/Users/Public/Documents/PVSDRA/Lab_3/Lab_3.sim/sim_1/behav/xsim'
INFO: [USF-XSim-3] XSim::Elaborate design
INFO: [USF-XSim-61] Executing 'ELABORATE' step in 'C:/Users/Public/Documents/PVSDRA/Lab_3/Lab_3.sim/sim_1/behav/xsim'
Vivado Simulator 2018.2
Copyright 1986-1999, 2001-2018 Xilinx, Inc. All Rights Reserved.
Running: D:/Xilinx/Vivado/2018.2/bin/unwrapped/win64.o/xelab.exe -wto ba93bc7316ac4ceb80ae35f65eb8577a --incr --debug typical --relax --mt 2 -L xil_defaultlib -L secureip --snapshot FIR_tb_behav xil_defaultlib.FIR_tb -log elaborate.log 
Using 2 slave threads.
Starting static elaboration
Completed static elaboration
Starting simulation data flow analysis
Completed simulation data flow analysis
Time Resolution for simulation is 1ps
Compiling package std.standard
Compiling package std.textio
Compiling package ieee.std_logic_1164
Compiling package ieee.numeric_std
Compiling package std.env
Compiling package ieee.std_logic_arith
Compiling package ieee.std_logic_unsigned
Compiling architecture behavioral of entity xil_defaultlib.ROM [rom_default]
Compiling architecture behavioral of entity xil_defaultlib.FSM [\FSM(baat=1)\]
Compiling architecture behavioral of entity xil_defaultlib.FIR [\FIR(baat=1)\]
Compiling architecture behavioral of entity xil_defaultlib.fir_tb
Built simulation snapshot FIR_tb_behav
INFO: [USF-XSim-69] 'elaborate' step finished in '2' seconds
Vivado Simulator 2018.2
Time resolution is 1 ps
relaunch_sim
INFO: [Vivado 12-5682] Launching behavioral simulation in 'C:/Users/Public/Documents/PVSDRA/Lab_3/Lab_3.sim/sim_1/behav/xsim'
INFO: [SIM-utils-51] Simulation object is 'sim_1'
INFO: [SIM-utils-54] Inspecting design source files for 'FIR_tb' in fileset 'sim_1'...
INFO: [USF-XSim-97] Finding global include files...
INFO: [USF-XSim-98] Fetching design files from 'sim_1'...
INFO: [USF-XSim-2] XSim::Compile design
INFO: [USF-XSim-61] Executing 'COMPILE and ANALYZE' step in 'C:/Users/Public/Documents/PVSDRA/Lab_3/Lab_3.sim/sim_1/behav/xsim'
"xvhdl --incr --relax -prj FIR_tb_vhdl.prj"
INFO: [VRFC 10-163] Analyzing VHDL file "C:/Users/Public/Documents/PVSDRA/Lab_3/Lab_3.srcs/sources_1/new/ROM.vhd" into library xil_defaultlib
INFO: [VRFC 10-307] analyzing entity ROM
INFO: [VRFC 10-163] Analyzing VHDL file "C:/Users/Public/Documents/PVSDRA/Lab_3/Lab_3.srcs/sources_1/new/FIR.vhd" into library xil_defaultlib
INFO: [VRFC 10-307] analyzing entity FIR
INFO: [VRFC 10-163] Analyzing VHDL file "C:/Users/Public/Documents/PVSDRA/Lab_3/Lab_3.srcs/sim_1/new/FIR_tb.vhd" into library xil_defaultlib
INFO: [VRFC 10-307] analyzing entity FIR_tb
INFO: [USF-XSim-69] 'compile' step finished in '1' seconds
INFO: [Vivado 12-5682] Launching behavioral simulation in 'C:/Users/Public/Documents/PVSDRA/Lab_3/Lab_3.sim/sim_1/behav/xsim'
INFO: [USF-XSim-3] XSim::Elaborate design
INFO: [USF-XSim-61] Executing 'ELABORATE' step in 'C:/Users/Public/Documents/PVSDRA/Lab_3/Lab_3.sim/sim_1/behav/xsim'
Vivado Simulator 2018.2
Copyright 1986-1999, 2001-2018 Xilinx, Inc. All Rights Reserved.
Running: D:/Xilinx/Vivado/2018.2/bin/unwrapped/win64.o/xelab.exe -wto ba93bc7316ac4ceb80ae35f65eb8577a --incr --debug typical --relax --mt 2 -L xil_defaultlib -L secureip --snapshot FIR_tb_behav xil_defaultlib.FIR_tb -log elaborate.log 
Using 2 slave threads.
Starting static elaboration
Completed static elaboration
Starting simulation data flow analysis
Completed simulation data flow analysis
Time Resolution for simulation is 1ps
Compiling package std.standard
Compiling package std.textio
Compiling package ieee.std_logic_1164
Compiling package ieee.numeric_std
Compiling package std.env
Compiling package ieee.std_logic_arith
Compiling package ieee.std_logic_unsigned
Compiling architecture behavioral of entity xil_defaultlib.ROM [rom_default]
Compiling architecture behavioral of entity xil_defaultlib.FSM [\FSM(baat=1)\]
Compiling architecture behavioral of entity xil_defaultlib.FIR [\FIR(baat=1)\]
Compiling architecture behavioral of entity xil_defaultlib.fir_tb
Built simulation snapshot FIR_tb_behav
INFO: [USF-XSim-69] 'elaborate' step finished in '2' seconds
Vivado Simulator 2018.2
Time resolution is 1 ps
relaunch_sim
INFO: [Vivado 12-5682] Launching behavioral simulation in 'C:/Users/Public/Documents/PVSDRA/Lab_3/Lab_3.sim/sim_1/behav/xsim'
INFO: [SIM-utils-51] Simulation object is 'sim_1'
INFO: [SIM-utils-54] Inspecting design source files for 'FIR_tb' in fileset 'sim_1'...
INFO: [USF-XSim-97] Finding global include files...
INFO: [USF-XSim-98] Fetching design files from 'sim_1'...
INFO: [USF-XSim-2] XSim::Compile design
INFO: [USF-XSim-61] Executing 'COMPILE and ANALYZE' step in 'C:/Users/Public/Documents/PVSDRA/Lab_3/Lab_3.sim/sim_1/behav/xsim'
"xvhdl --incr --relax -prj FIR_tb_vhdl.prj"
INFO: [VRFC 10-163] Analyzing VHDL file "C:/Users/Public/Documents/PVSDRA/Lab_3/Lab_3.srcs/sources_1/new/ROM.vhd" into library xil_defaultlib
INFO: [VRFC 10-307] analyzing entity ROM
INFO: [VRFC 10-163] Analyzing VHDL file "C:/Users/Public/Documents/PVSDRA/Lab_3/Lab_3.srcs/sources_1/new/FIR.vhd" into library xil_defaultlib
INFO: [VRFC 10-307] analyzing entity FIR
INFO: [VRFC 10-163] Analyzing VHDL file "C:/Users/Public/Documents/PVSDRA/Lab_3/Lab_3.srcs/sim_1/new/FIR_tb.vhd" into library xil_defaultlib
INFO: [VRFC 10-307] analyzing entity FIR_tb
INFO: [USF-XSim-69] 'compile' step finished in '1' seconds
INFO: [Vivado 12-5682] Launching behavioral simulation in 'C:/Users/Public/Documents/PVSDRA/Lab_3/Lab_3.sim/sim_1/behav/xsim'
INFO: [USF-XSim-3] XSim::Elaborate design
INFO: [USF-XSim-61] Executing 'ELABORATE' step in 'C:/Users/Public/Documents/PVSDRA/Lab_3/Lab_3.sim/sim_1/behav/xsim'
Vivado Simulator 2018.2
Copyright 1986-1999, 2001-2018 Xilinx, Inc. All Rights Reserved.
Running: D:/Xilinx/Vivado/2018.2/bin/unwrapped/win64.o/xelab.exe -wto ba93bc7316ac4ceb80ae35f65eb8577a --incr --debug typical --relax --mt 2 -L xil_defaultlib -L secureip --snapshot FIR_tb_behav xil_defaultlib.FIR_tb -log elaborate.log 
Using 2 slave threads.
Starting static elaboration
Completed static elaboration
Starting simulation data flow analysis
Completed simulation data flow analysis
Time Resolution for simulation is 1ps
Compiling package std.standard
Compiling package std.textio
Compiling package ieee.std_logic_1164
Compiling package ieee.numeric_std
Compiling package std.env
Compiling package ieee.std_logic_arith
Compiling package ieee.std_logic_unsigned
Compiling architecture behavioral of entity xil_defaultlib.ROM [rom_default]
Compiling architecture behavioral of entity xil_defaultlib.FSM [\FSM(baat=1)\]
Compiling architecture behavioral of entity xil_defaultlib.FIR [\FIR(baat=1)\]
Compiling architecture behavioral of entity xil_defaultlib.fir_tb
Built simulation snapshot FIR_tb_behav
INFO: [USF-XSim-69] 'elaborate' step finished in '2' seconds
Vivado Simulator 2018.2
Time resolution is 1 ps
relaunch_sim: Time (s): cpu = 00:00:00 ; elapsed = 00:00:07 . Memory (MB): peak = 996.820 ; gain = 0.000
relaunch_sim
INFO: [Vivado 12-5682] Launching behavioral simulation in 'C:/Users/Public/Documents/PVSDRA/Lab_3/Lab_3.sim/sim_1/behav/xsim'
INFO: [SIM-utils-51] Simulation object is 'sim_1'
INFO: [SIM-utils-54] Inspecting design source files for 'FIR_tb' in fileset 'sim_1'...
INFO: [USF-XSim-97] Finding global include files...
INFO: [USF-XSim-98] Fetching design files from 'sim_1'...
INFO: [USF-XSim-2] XSim::Compile design
INFO: [USF-XSim-61] Executing 'COMPILE and ANALYZE' step in 'C:/Users/Public/Documents/PVSDRA/Lab_3/Lab_3.sim/sim_1/behav/xsim'
"xvhdl --incr --relax -prj FIR_tb_vhdl.prj"
INFO: [VRFC 10-163] Analyzing VHDL file "C:/Users/Public/Documents/PVSDRA/Lab_3/Lab_3.srcs/sources_1/new/ROM.vhd" into library xil_defaultlib
INFO: [VRFC 10-307] analyzing entity ROM
ERROR: [VRFC 10-1412] syntax error near = [C:/Users/Public/Documents/PVSDRA/Lab_3/Lab_3.srcs/sources_1/new/ROM.vhd:24]
ERROR: [VRFC 10-704] formal size_res has no actual or default value [C:/Users/Public/Documents/PVSDRA/Lab_3/Lab_3.srcs/sources_1/new/ROM.vhd:24]
ERROR: [VRFC 10-1504] unit behavioral ignored due to previous errors [C:/Users/Public/Documents/PVSDRA/Lab_3/Lab_3.srcs/sources_1/new/ROM.vhd:14]
INFO: [VRFC 10-240] VHDL file C:/Users/Public/Documents/PVSDRA/Lab_3/Lab_3.srcs/sources_1/new/ROM.vhd ignored due to errors
INFO: [USF-XSim-69] 'compile' step finished in '1' seconds
INFO: [USF-XSim-99] Step results log file:'C:/Users/Public/Documents/PVSDRA/Lab_3/Lab_3.sim/sim_1/behav/xsim/xvhdl.log'
ERROR: [USF-XSim-62] 'compile' step failed with error(s). Please check the Tcl console output or 'C:/Users/Public/Documents/PVSDRA/Lab_3/Lab_3.sim/sim_1/behav/xsim/xvhdl.log' file for more information.
ERROR: [Vivado 12-4473] Detected error while running simulation. Please correct the issue and retry this operation.
ERROR: [Common 17-39] 'launch_simulation' failed due to earlier errors.
ERROR: [Common 17-69] Command failed: ERROR: [Common 17-39] 'launch_simulation' failed due to earlier errors.

relaunch_sim
INFO: [Vivado 12-5682] Launching behavioral simulation in 'C:/Users/Public/Documents/PVSDRA/Lab_3/Lab_3.sim/sim_1/behav/xsim'
INFO: [SIM-utils-51] Simulation object is 'sim_1'
INFO: [SIM-utils-54] Inspecting design source files for 'FIR_tb' in fileset 'sim_1'...
INFO: [USF-XSim-97] Finding global include files...
INFO: [USF-XSim-98] Fetching design files from 'sim_1'...
INFO: [USF-XSim-2] XSim::Compile design
INFO: [USF-XSim-61] Executing 'COMPILE and ANALYZE' step in 'C:/Users/Public/Documents/PVSDRA/Lab_3/Lab_3.sim/sim_1/behav/xsim'
"xvhdl --incr --relax -prj FIR_tb_vhdl.prj"
INFO: [VRFC 10-163] Analyzing VHDL file "C:/Users/Public/Documents/PVSDRA/Lab_3/Lab_3.srcs/sources_1/new/ROM.vhd" into library xil_defaultlib
INFO: [VRFC 10-307] analyzing entity ROM
INFO: [VRFC 10-163] Analyzing VHDL file "C:/Users/Public/Documents/PVSDRA/Lab_3/Lab_3.srcs/sources_1/new/FIR.vhd" into library xil_defaultlib
INFO: [VRFC 10-307] analyzing entity FIR
INFO: [VRFC 10-163] Analyzing VHDL file "C:/Users/Public/Documents/PVSDRA/Lab_3/Lab_3.srcs/sim_1/new/FIR_tb.vhd" into library xil_defaultlib
INFO: [VRFC 10-307] analyzing entity FIR_tb
INFO: [USF-XSim-69] 'compile' step finished in '1' seconds
INFO: [Vivado 12-5682] Launching behavioral simulation in 'C:/Users/Public/Documents/PVSDRA/Lab_3/Lab_3.sim/sim_1/behav/xsim'
INFO: [USF-XSim-3] XSim::Elaborate design
INFO: [USF-XSim-61] Executing 'ELABORATE' step in 'C:/Users/Public/Documents/PVSDRA/Lab_3/Lab_3.sim/sim_1/behav/xsim'
Vivado Simulator 2018.2
Copyright 1986-1999, 2001-2018 Xilinx, Inc. All Rights Reserved.
Running: D:/Xilinx/Vivado/2018.2/bin/unwrapped/win64.o/xelab.exe -wto ba93bc7316ac4ceb80ae35f65eb8577a --incr --debug typical --relax --mt 2 -L xil_defaultlib -L secureip --snapshot FIR_tb_behav xil_defaultlib.FIR_tb -log elaborate.log 
Using 2 slave threads.
Starting static elaboration
Completed static elaboration
Starting simulation data flow analysis
Completed simulation data flow analysis
Time Resolution for simulation is 1ps
Compiling package std.standard
Compiling package std.textio
Compiling package ieee.std_logic_1164
Compiling package ieee.numeric_std
Compiling package std.env
Compiling package ieee.std_logic_arith
Compiling package ieee.std_logic_unsigned
Compiling architecture behavioral of entity xil_defaultlib.ROM [rom_default]
Compiling architecture behavioral of entity xil_defaultlib.FSM [\FSM(baat=1)\]
Compiling architecture behavioral of entity xil_defaultlib.FIR [\FIR(baat=1)\]
Compiling architecture behavioral of entity xil_defaultlib.fir_tb
Built simulation snapshot FIR_tb_behav
INFO: [USF-XSim-69] 'elaborate' step finished in '2' seconds
Vivado Simulator 2018.2
Time resolution is 1 ps
relaunch_sim: Time (s): cpu = 00:00:00 ; elapsed = 00:00:06 . Memory (MB): peak = 996.820 ; gain = 0.000
relaunch_sim
INFO: [Vivado 12-5682] Launching behavioral simulation in 'C:/Users/Public/Documents/PVSDRA/Lab_3/Lab_3.sim/sim_1/behav/xsim'
INFO: [SIM-utils-51] Simulation object is 'sim_1'
INFO: [SIM-utils-54] Inspecting design source files for 'FIR_tb' in fileset 'sim_1'...
INFO: [USF-XSim-97] Finding global include files...
INFO: [USF-XSim-98] Fetching design files from 'sim_1'...
INFO: [USF-XSim-2] XSim::Compile design
INFO: [USF-XSim-61] Executing 'COMPILE and ANALYZE' step in 'C:/Users/Public/Documents/PVSDRA/Lab_3/Lab_3.sim/sim_1/behav/xsim'
"xvhdl --incr --relax -prj FIR_tb_vhdl.prj"
INFO: [VRFC 10-163] Analyzing VHDL file "C:/Users/Public/Documents/PVSDRA/Lab_3/Lab_3.srcs/sim_1/new/FIR_tb.vhd" into library xil_defaultlib
INFO: [VRFC 10-307] analyzing entity FIR_tb
INFO: [USF-XSim-69] 'compile' step finished in '1' seconds
INFO: [Vivado 12-5682] Launching behavioral simulation in 'C:/Users/Public/Documents/PVSDRA/Lab_3/Lab_3.sim/sim_1/behav/xsim'
INFO: [USF-XSim-3] XSim::Elaborate design
INFO: [USF-XSim-61] Executing 'ELABORATE' step in 'C:/Users/Public/Documents/PVSDRA/Lab_3/Lab_3.sim/sim_1/behav/xsim'
Vivado Simulator 2018.2
Copyright 1986-1999, 2001-2018 Xilinx, Inc. All Rights Reserved.
Running: D:/Xilinx/Vivado/2018.2/bin/unwrapped/win64.o/xelab.exe -wto ba93bc7316ac4ceb80ae35f65eb8577a --incr --debug typical --relax --mt 2 -L xil_defaultlib -L secureip --snapshot FIR_tb_behav xil_defaultlib.FIR_tb -log elaborate.log 
Using 2 slave threads.
Starting static elaboration
Completed static elaboration
Starting simulation data flow analysis
Completed simulation data flow analysis
Time Resolution for simulation is 1ps
Compiling package std.standard
Compiling package std.textio
Compiling package ieee.std_logic_1164
Compiling package ieee.numeric_std
Compiling package std.env
Compiling package ieee.std_logic_arith
Compiling package ieee.std_logic_unsigned
Compiling architecture behavioral of entity xil_defaultlib.ROM [rom_default]
Compiling architecture behavioral of entity xil_defaultlib.FSM [fsm_default]
Compiling architecture behavioral of entity xil_defaultlib.FIR [fir_default]
Compiling architecture behavioral of entity xil_defaultlib.fir_tb
Built simulation snapshot FIR_tb_behav
INFO: [USF-XSim-69] 'elaborate' step finished in '1' seconds
Vivado Simulator 2018.2
Time resolution is 1 ps
relaunch_sim: Time (s): cpu = 00:00:00 ; elapsed = 00:00:06 . Memory (MB): peak = 998.223 ; gain = 1.402
relaunch_sim
INFO: [Vivado 12-5682] Launching behavioral simulation in 'C:/Users/Public/Documents/PVSDRA/Lab_3/Lab_3.sim/sim_1/behav/xsim'
INFO: [SIM-utils-51] Simulation object is 'sim_1'
INFO: [SIM-utils-54] Inspecting design source files for 'FIR_tb' in fileset 'sim_1'...
INFO: [USF-XSim-97] Finding global include files...
INFO: [USF-XSim-98] Fetching design files from 'sim_1'...
INFO: [USF-XSim-2] XSim::Compile design
INFO: [USF-XSim-61] Executing 'COMPILE and ANALYZE' step in 'C:/Users/Public/Documents/PVSDRA/Lab_3/Lab_3.sim/sim_1/behav/xsim'
"xvhdl --incr --relax -prj FIR_tb_vhdl.prj"
INFO: [VRFC 10-163] Analyzing VHDL file "C:/Users/Public/Documents/PVSDRA/Lab_3/Lab_3.srcs/sim_1/new/FIR_tb.vhd" into library xil_defaultlib
INFO: [VRFC 10-307] analyzing entity FIR_tb
INFO: [USF-XSim-69] 'compile' step finished in '1' seconds
INFO: [Vivado 12-5682] Launching behavioral simulation in 'C:/Users/Public/Documents/PVSDRA/Lab_3/Lab_3.sim/sim_1/behav/xsim'
INFO: [USF-XSim-3] XSim::Elaborate design
INFO: [USF-XSim-61] Executing 'ELABORATE' step in 'C:/Users/Public/Documents/PVSDRA/Lab_3/Lab_3.sim/sim_1/behav/xsim'
Vivado Simulator 2018.2
Copyright 1986-1999, 2001-2018 Xilinx, Inc. All Rights Reserved.
Running: D:/Xilinx/Vivado/2018.2/bin/unwrapped/win64.o/xelab.exe -wto ba93bc7316ac4ceb80ae35f65eb8577a --incr --debug typical --relax --mt 2 -L xil_defaultlib -L secureip --snapshot FIR_tb_behav xil_defaultlib.FIR_tb -log elaborate.log 
Using 2 slave threads.
Starting static elaboration
Completed static elaboration
Starting simulation data flow analysis
Completed simulation data flow analysis
Time Resolution for simulation is 1ps
Compiling package std.standard
Compiling package std.textio
Compiling package ieee.std_logic_1164
Compiling package ieee.numeric_std
Compiling package std.env
Compiling package ieee.std_logic_arith
Compiling package ieee.std_logic_unsigned
Compiling architecture behavioral of entity xil_defaultlib.ROM [rom_default]
Compiling architecture behavioral of entity xil_defaultlib.FSM [\FSM(baat=1)\]
Compiling architecture behavioral of entity xil_defaultlib.FIR [\FIR(baat=1)\]
Compiling architecture behavioral of entity xil_defaultlib.fir_tb
Built simulation snapshot FIR_tb_behav
INFO: [USF-XSim-69] 'elaborate' step finished in '1' seconds
Vivado Simulator 2018.2
Time resolution is 1 ps
close_sim
INFO: [Simtcl 6-16] Simulation closed
exit
INFO: [Common 17-206] Exiting Vivado at Mon Nov 24 22:42:37 2025...
