#-----------------------------------------------------------
# Vivado v2018.2 (64-bit)
# SW Build 2258646 on Thu Jun 14 20:03:12 MDT 2018
# IP Build 2256618 on Thu Jun 14 22:10:49 MDT 2018
# Start of session at: Wed Nov 26 15:32:13 2025
# Process ID: 7740
# Current directory: C:/Users/Public/Documents/PVSDRA/Lab_3
# Command line: vivado.exe -gui_launcher_event rodinguilauncherevent11044 C:\Users\Public\Documents\PVSDRA\Lab_3\Lab_3.xpr
# Log file: C:/Users/Public/Documents/PVSDRA/Lab_3/vivado.log
# Journal file: C:/Users/Public/Documents/PVSDRA/Lab_3\vivado.jou
#-----------------------------------------------------------
start_gui
open_project C:/Users/Public/Documents/PVSDRA/Lab_3/Lab_3.xpr
Scanning sources...
Finished scanning sources
INFO: [IP_Flow 19-234] Refreshing IP repositories
INFO: [IP_Flow 19-1704] No user IP repositories specified
INFO: [IP_Flow 19-2313] Loaded Vivado IP repository 'D:/Xilinx/Vivado/2018.2/data/ip'.
open_project: Time (s): cpu = 00:00:26 ; elapsed = 00:00:31 . Memory (MB): peak = 822.109 ; gain = 104.762
update_compile_order -fileset sources_1
launch_simulation
INFO: [Vivado 12-5682] Launching behavioral simulation in 'C:/Users/Public/Documents/PVSDRA/Lab_3/Lab_3.sim/sim_1/behav/xsim'
INFO: [SIM-utils-51] Simulation object is 'sim_1'
INFO: [SIM-utils-54] Inspecting design source files for 'FIR_tb' in fileset 'sim_1'...
INFO: [USF-XSim-97] Finding global include files...
INFO: [USF-XSim-98] Fetching design files from 'sim_1'...
INFO: [USF-XSim-2] XSim::Compile design
INFO: [USF-XSim-61] Executing 'COMPILE and ANALYZE' step in 'C:/Users/Public/Documents/PVSDRA/Lab_3/Lab_3.sim/sim_1/behav/xsim'
"xvhdl --incr --relax -prj FIR_tb_vhdl.prj"
INFO: [VRFC 10-163] Analyzing VHDL file "C:/Users/Public/Documents/PVSDRA/Lab_3/Lab_3.srcs/sim_1/new/FIR_tb.vhd" into library xil_defaultlib
INFO: [VRFC 10-307] analyzing entity FIR_tb
INFO: [USF-XSim-69] 'compile' step finished in '4' seconds
INFO: [USF-XSim-3] XSim::Elaborate design
INFO: [USF-XSim-61] Executing 'ELABORATE' step in 'C:/Users/Public/Documents/PVSDRA/Lab_3/Lab_3.sim/sim_1/behav/xsim'
Vivado Simulator 2018.2
Copyright 1986-1999, 2001-2018 Xilinx, Inc. All Rights Reserved.
Running: D:/Xilinx/Vivado/2018.2/bin/unwrapped/win64.o/xelab.exe -wto ba93bc7316ac4ceb80ae35f65eb8577a --incr --debug typical --relax --mt 2 -L xil_defaultlib -L secureip --snapshot FIR_tb_behav xil_defaultlib.FIR_tb -log elaborate.log 
Using 2 slave threads.
Starting static elaboration
Completed static elaboration
Starting simulation data flow analysis
Completed simulation data flow analysis
Time Resolution for simulation is 1ps
Compiling package std.standard
Compiling package std.textio
Compiling package ieee.std_logic_1164
Compiling package ieee.numeric_std
Compiling package std.env
Compiling package ieee.std_logic_arith
Compiling package ieee.std_logic_unsigned
Compiling architecture behavioral of entity xil_defaultlib.ROM [rom_default]
Compiling architecture behavioral of entity xil_defaultlib.FSM [\FSM(baat=1)\]
Compiling architecture behavioral of entity xil_defaultlib.FIR [\FIR(baat=1)\]
Compiling architecture behavioral of entity xil_defaultlib.fir_tb
Built simulation snapshot FIR_tb_behav
run_program: Time (s): cpu = 00:00:01 ; elapsed = 00:00:06 . Memory (MB): peak = 859.848 ; gain = 0.000
INFO: [USF-XSim-69] 'elaborate' step finished in '6' seconds
INFO: [USF-XSim-4] XSim::Simulate design
INFO: [USF-XSim-61] Executing 'SIMULATE' step in 'C:/Users/Public/Documents/PVSDRA/Lab_3/Lab_3.sim/sim_1/behav/xsim'
INFO: [USF-XSim-98] *** Running xsim
   with args "FIR_tb_behav -key {Behavioral:sim_1:Functional:FIR_tb} -tclbatch {FIR_tb.tcl} -view {C:/Users/Public/Documents/PVSDRA/Lab_3/FIR_tb_behav.wcfg} -log {simulate.log}"
INFO: [USF-XSim-8] Loading simulator feature
Vivado Simulator 2018.2
Time resolution is 1 ps
open_wave_config C:/Users/Public/Documents/PVSDRA/Lab_3/FIR_tb_behav.wcfg
source FIR_tb.tcl
# set curr_wave [current_wave_config]
# if { [string length $curr_wave] == 0 } {
#   if { [llength [get_objects]] > 0} {
#     add_wave /
#     set_property needs_save false [current_wave_config]
#   } else {
#      send_msg_id Add_Wave-1 WARNING "No top level signals found. Simulator will start without a wave window. If you want to open a wave window go to 'File->New Waveform Configuration' or type 'create_wave_config' in the TCL console."
#   }
# }
# run 1000ns
xsim: Time (s): cpu = 00:00:09 ; elapsed = 00:00:06 . Memory (MB): peak = 861.504 ; gain = 1.656
INFO: [USF-XSim-96] XSim completed. Design snapshot 'FIR_tb_behav' loaded.
INFO: [USF-XSim-97] XSim simulation ran for 1000ns
launch_simulation: Time (s): cpu = 00:00:13 ; elapsed = 00:00:18 . Memory (MB): peak = 861.504 ; gain = 1.656
run 10 us
relaunch_sim
INFO: [Vivado 12-5682] Launching behavioral simulation in 'C:/Users/Public/Documents/PVSDRA/Lab_3/Lab_3.sim/sim_1/behav/xsim'
INFO: [SIM-utils-51] Simulation object is 'sim_1'
INFO: [SIM-utils-54] Inspecting design source files for 'FIR_tb' in fileset 'sim_1'...
INFO: [USF-XSim-97] Finding global include files...
INFO: [USF-XSim-98] Fetching design files from 'sim_1'...
INFO: [USF-XSim-2] XSim::Compile design
INFO: [USF-XSim-61] Executing 'COMPILE and ANALYZE' step in 'C:/Users/Public/Documents/PVSDRA/Lab_3/Lab_3.sim/sim_1/behav/xsim'
"xvhdl --incr --relax -prj FIR_tb_vhdl.prj"
INFO: [VRFC 10-163] Analyzing VHDL file "C:/Users/Public/Documents/PVSDRA/Lab_3/Lab_3.srcs/sim_1/new/FIR_tb.vhd" into library xil_defaultlib
INFO: [VRFC 10-307] analyzing entity FIR_tb
INFO: [USF-XSim-69] 'compile' step finished in '3' seconds
INFO: [Vivado 12-5682] Launching behavioral simulation in 'C:/Users/Public/Documents/PVSDRA/Lab_3/Lab_3.sim/sim_1/behav/xsim'
INFO: [USF-XSim-3] XSim::Elaborate design
INFO: [USF-XSim-61] Executing 'ELABORATE' step in 'C:/Users/Public/Documents/PVSDRA/Lab_3/Lab_3.sim/sim_1/behav/xsim'
Vivado Simulator 2018.2
Copyright 1986-1999, 2001-2018 Xilinx, Inc. All Rights Reserved.
Running: D:/Xilinx/Vivado/2018.2/bin/unwrapped/win64.o/xelab.exe -wto ba93bc7316ac4ceb80ae35f65eb8577a --incr --debug typical --relax --mt 2 -L xil_defaultlib -L secureip --snapshot FIR_tb_behav xil_defaultlib.FIR_tb -log elaborate.log 
Using 2 slave threads.
Starting static elaboration
Completed static elaboration
Starting simulation data flow analysis
Completed simulation data flow analysis
Time Resolution for simulation is 1ps
Compiling package std.standard
Compiling package std.textio
Compiling package ieee.std_logic_1164
Compiling package ieee.numeric_std
Compiling package std.env
Compiling package ieee.std_logic_arith
Compiling package ieee.std_logic_unsigned
Compiling architecture behavioral of entity xil_defaultlib.ROM [rom_default]
Compiling architecture behavioral of entity xil_defaultlib.FSM [fsm_default]
Compiling architecture behavioral of entity xil_defaultlib.FIR [fir_default]
Compiling architecture behavioral of entity xil_defaultlib.fir_tb
Built simulation snapshot FIR_tb_behav
INFO: [USF-XSim-69] 'elaborate' step finished in '3' seconds
Vivado Simulator 2018.2
Time resolution is 1 ps
relaunch_sim: Time (s): cpu = 00:00:03 ; elapsed = 00:00:10 . Memory (MB): peak = 890.344 ; gain = 0.000
relaunch_sim
INFO: [Vivado 12-5682] Launching behavioral simulation in 'C:/Users/Public/Documents/PVSDRA/Lab_3/Lab_3.sim/sim_1/behav/xsim'
INFO: [SIM-utils-51] Simulation object is 'sim_1'
INFO: [SIM-utils-54] Inspecting design source files for 'FIR_tb' in fileset 'sim_1'...
INFO: [USF-XSim-97] Finding global include files...
INFO: [USF-XSim-98] Fetching design files from 'sim_1'...
INFO: [USF-XSim-2] XSim::Compile design
INFO: [USF-XSim-61] Executing 'COMPILE and ANALYZE' step in 'C:/Users/Public/Documents/PVSDRA/Lab_3/Lab_3.sim/sim_1/behav/xsim'
"xvhdl --incr --relax -prj FIR_tb_vhdl.prj"
INFO: [VRFC 10-163] Analyzing VHDL file "C:/Users/Public/Documents/PVSDRA/Lab_3/Lab_3.srcs/sources_1/new/FIR.vhd" into library xil_defaultlib
INFO: [VRFC 10-307] analyzing entity FIR
INFO: [VRFC 10-163] Analyzing VHDL file "C:/Users/Public/Documents/PVSDRA/Lab_3/Lab_3.srcs/sim_1/new/FIR_tb.vhd" into library xil_defaultlib
INFO: [VRFC 10-307] analyzing entity FIR_tb
INFO: [USF-XSim-69] 'compile' step finished in '2' seconds
INFO: [Vivado 12-5682] Launching behavioral simulation in 'C:/Users/Public/Documents/PVSDRA/Lab_3/Lab_3.sim/sim_1/behav/xsim'
INFO: [USF-XSim-3] XSim::Elaborate design
INFO: [USF-XSim-61] Executing 'ELABORATE' step in 'C:/Users/Public/Documents/PVSDRA/Lab_3/Lab_3.sim/sim_1/behav/xsim'
Vivado Simulator 2018.2
Copyright 1986-1999, 2001-2018 Xilinx, Inc. All Rights Reserved.
Running: D:/Xilinx/Vivado/2018.2/bin/unwrapped/win64.o/xelab.exe -wto ba93bc7316ac4ceb80ae35f65eb8577a --incr --debug typical --relax --mt 2 -L xil_defaultlib -L secureip --snapshot FIR_tb_behav xil_defaultlib.FIR_tb -log elaborate.log 
Using 2 slave threads.
Starting static elaboration
Completed static elaboration
Starting simulation data flow analysis
Completed simulation data flow analysis
Time Resolution for simulation is 1ps
Compiling package std.standard
Compiling package std.textio
Compiling package ieee.std_logic_1164
Compiling package ieee.numeric_std
Compiling package std.env
Compiling package ieee.std_logic_arith
Compiling package ieee.std_logic_unsigned
Compiling architecture behavioral of entity xil_defaultlib.ROM [rom_default]
Compiling architecture behavioral of entity xil_defaultlib.FSM [fsm_default]
Compiling architecture behavioral of entity xil_defaultlib.FIR [fir_default]
Compiling architecture behavioral of entity xil_defaultlib.fir_tb
Built simulation snapshot FIR_tb_behav
INFO: [USF-XSim-69] 'elaborate' step finished in '3' seconds
Vivado Simulator 2018.2
Time resolution is 1 ps
relaunch_sim: Time (s): cpu = 00:00:02 ; elapsed = 00:00:09 . Memory (MB): peak = 890.344 ; gain = 0.000
relaunch_sim
INFO: [Vivado 12-5682] Launching behavioral simulation in 'C:/Users/Public/Documents/PVSDRA/Lab_3/Lab_3.sim/sim_1/behav/xsim'
INFO: [SIM-utils-51] Simulation object is 'sim_1'
INFO: [SIM-utils-54] Inspecting design source files for 'FIR_tb' in fileset 'sim_1'...
INFO: [USF-XSim-97] Finding global include files...
INFO: [USF-XSim-98] Fetching design files from 'sim_1'...
INFO: [USF-XSim-2] XSim::Compile design
INFO: [USF-XSim-61] Executing 'COMPILE and ANALYZE' step in 'C:/Users/Public/Documents/PVSDRA/Lab_3/Lab_3.sim/sim_1/behav/xsim'
"xvhdl --incr --relax -prj FIR_tb_vhdl.prj"
INFO: [VRFC 10-163] Analyzing VHDL file "C:/Users/Public/Documents/PVSDRA/Lab_3/Lab_3.srcs/sim_1/new/FIR_tb.vhd" into library xil_defaultlib
INFO: [VRFC 10-307] analyzing entity FIR_tb
INFO: [USF-XSim-69] 'compile' step finished in '2' seconds
INFO: [Vivado 12-5682] Launching behavioral simulation in 'C:/Users/Public/Documents/PVSDRA/Lab_3/Lab_3.sim/sim_1/behav/xsim'
INFO: [USF-XSim-3] XSim::Elaborate design
INFO: [USF-XSim-61] Executing 'ELABORATE' step in 'C:/Users/Public/Documents/PVSDRA/Lab_3/Lab_3.sim/sim_1/behav/xsim'
Vivado Simulator 2018.2
Copyright 1986-1999, 2001-2018 Xilinx, Inc. All Rights Reserved.
Running: D:/Xilinx/Vivado/2018.2/bin/unwrapped/win64.o/xelab.exe -wto ba93bc7316ac4ceb80ae35f65eb8577a --incr --debug typical --relax --mt 2 -L xil_defaultlib -L secureip --snapshot FIR_tb_behav xil_defaultlib.FIR_tb -log elaborate.log 
Using 2 slave threads.
Starting static elaboration
Completed static elaboration
Starting simulation data flow analysis
Completed simulation data flow analysis
Time Resolution for simulation is 1ps
Compiling package std.standard
Compiling package std.textio
Compiling package ieee.std_logic_1164
Compiling package ieee.numeric_std
Compiling package std.env
Compiling package ieee.std_logic_arith
Compiling package ieee.std_logic_unsigned
Compiling architecture behavioral of entity xil_defaultlib.ROM [rom_default]
Compiling architecture behavioral of entity xil_defaultlib.FSM [fsm_default]
Compiling architecture behavioral of entity xil_defaultlib.FIR [fir_default]
Compiling architecture behavioral of entity xil_defaultlib.fir_tb
Built simulation snapshot FIR_tb_behav
INFO: [USF-XSim-69] 'elaborate' step finished in '3' seconds
Vivado Simulator 2018.2
Time resolution is 1 ps
relaunch_sim: Time (s): cpu = 00:00:01 ; elapsed = 00:00:09 . Memory (MB): peak = 890.344 ; gain = 0.000
relaunch_sim
INFO: [Vivado 12-5682] Launching behavioral simulation in 'C:/Users/Public/Documents/PVSDRA/Lab_3/Lab_3.sim/sim_1/behav/xsim'
INFO: [SIM-utils-51] Simulation object is 'sim_1'
INFO: [SIM-utils-54] Inspecting design source files for 'FIR_tb' in fileset 'sim_1'...
INFO: [USF-XSim-97] Finding global include files...
INFO: [USF-XSim-98] Fetching design files from 'sim_1'...
INFO: [USF-XSim-2] XSim::Compile design
INFO: [USF-XSim-61] Executing 'COMPILE and ANALYZE' step in 'C:/Users/Public/Documents/PVSDRA/Lab_3/Lab_3.sim/sim_1/behav/xsim'
"xvhdl --incr --relax -prj FIR_tb_vhdl.prj"
INFO: [VRFC 10-163] Analyzing VHDL file "C:/Users/Public/Documents/PVSDRA/Lab_3/Lab_3.srcs/sources_1/new/FIR.vhd" into library xil_defaultlib
INFO: [VRFC 10-307] analyzing entity FIR
INFO: [VRFC 10-163] Analyzing VHDL file "C:/Users/Public/Documents/PVSDRA/Lab_3/Lab_3.srcs/sim_1/new/FIR_tb.vhd" into library xil_defaultlib
INFO: [VRFC 10-307] analyzing entity FIR_tb
INFO: [USF-XSim-69] 'compile' step finished in '3' seconds
INFO: [Vivado 12-5682] Launching behavioral simulation in 'C:/Users/Public/Documents/PVSDRA/Lab_3/Lab_3.sim/sim_1/behav/xsim'
INFO: [USF-XSim-3] XSim::Elaborate design
INFO: [USF-XSim-61] Executing 'ELABORATE' step in 'C:/Users/Public/Documents/PVSDRA/Lab_3/Lab_3.sim/sim_1/behav/xsim'
Vivado Simulator 2018.2
Copyright 1986-1999, 2001-2018 Xilinx, Inc. All Rights Reserved.
Running: D:/Xilinx/Vivado/2018.2/bin/unwrapped/win64.o/xelab.exe -wto ba93bc7316ac4ceb80ae35f65eb8577a --incr --debug typical --relax --mt 2 -L xil_defaultlib -L secureip --snapshot FIR_tb_behav xil_defaultlib.FIR_tb -log elaborate.log 
Using 2 slave threads.
Starting static elaboration
Completed static elaboration
Starting simulation data flow analysis
Completed simulation data flow analysis
Time Resolution for simulation is 1ps
Compiling package std.standard
Compiling package std.textio
Compiling package ieee.std_logic_1164
Compiling package ieee.numeric_std
Compiling package std.env
Compiling package ieee.std_logic_arith
Compiling package ieee.std_logic_unsigned
Compiling architecture behavioral of entity xil_defaultlib.ROM [rom_default]
Compiling architecture behavioral of entity xil_defaultlib.FSM [fsm_default]
Compiling architecture behavioral of entity xil_defaultlib.FIR [fir_default]
Compiling architecture behavioral of entity xil_defaultlib.fir_tb
Built simulation snapshot FIR_tb_behav
INFO: [USF-XSim-69] 'elaborate' step finished in '3' seconds
Vivado Simulator 2018.2
Time resolution is 1 ps
relaunch_sim: Time (s): cpu = 00:00:02 ; elapsed = 00:00:09 . Memory (MB): peak = 890.344 ; gain = 0.000
relaunch_sim
INFO: [Vivado 12-5682] Launching behavioral simulation in 'C:/Users/Public/Documents/PVSDRA/Lab_3/Lab_3.sim/sim_1/behav/xsim'
INFO: [SIM-utils-51] Simulation object is 'sim_1'
INFO: [SIM-utils-54] Inspecting design source files for 'FIR_tb' in fileset 'sim_1'...
INFO: [USF-XSim-97] Finding global include files...
INFO: [USF-XSim-98] Fetching design files from 'sim_1'...
INFO: [USF-XSim-2] XSim::Compile design
INFO: [USF-XSim-61] Executing 'COMPILE and ANALYZE' step in 'C:/Users/Public/Documents/PVSDRA/Lab_3/Lab_3.sim/sim_1/behav/xsim'
"xvhdl --incr --relax -prj FIR_tb_vhdl.prj"
INFO: [VRFC 10-163] Analyzing VHDL file "C:/Users/Public/Documents/PVSDRA/Lab_3/Lab_3.srcs/sim_1/new/FIR_tb.vhd" into library xil_defaultlib
INFO: [VRFC 10-307] analyzing entity FIR_tb
INFO: [USF-XSim-69] 'compile' step finished in '3' seconds
INFO: [Vivado 12-5682] Launching behavioral simulation in 'C:/Users/Public/Documents/PVSDRA/Lab_3/Lab_3.sim/sim_1/behav/xsim'
INFO: [USF-XSim-3] XSim::Elaborate design
INFO: [USF-XSim-61] Executing 'ELABORATE' step in 'C:/Users/Public/Documents/PVSDRA/Lab_3/Lab_3.sim/sim_1/behav/xsim'
Vivado Simulator 2018.2
Copyright 1986-1999, 2001-2018 Xilinx, Inc. All Rights Reserved.
Running: D:/Xilinx/Vivado/2018.2/bin/unwrapped/win64.o/xelab.exe -wto ba93bc7316ac4ceb80ae35f65eb8577a --incr --debug typical --relax --mt 2 -L xil_defaultlib -L secureip --snapshot FIR_tb_behav xil_defaultlib.FIR_tb -log elaborate.log 
Using 2 slave threads.
Starting static elaboration
Completed static elaboration
Starting simulation data flow analysis
Completed simulation data flow analysis
Time Resolution for simulation is 1ps
Compiling package std.standard
Compiling package std.textio
Compiling package ieee.std_logic_1164
Compiling package ieee.numeric_std
Compiling package std.env
Compiling package ieee.std_logic_arith
Compiling package ieee.std_logic_unsigned
Compiling architecture behavioral of entity xil_defaultlib.ROM [rom_default]
Compiling architecture behavioral of entity xil_defaultlib.FSM [\FSM(baat=1)\]
Compiling architecture behavioral of entity xil_defaultlib.FIR [\FIR(baat=1)\]
Compiling architecture behavioral of entity xil_defaultlib.fir_tb
Built simulation snapshot FIR_tb_behav
INFO: [USF-XSim-69] 'elaborate' step finished in '3' seconds
Vivado Simulator 2018.2
Time resolution is 1 ps
relaunch_sim: Time (s): cpu = 00:00:02 ; elapsed = 00:00:10 . Memory (MB): peak = 890.344 ; gain = 0.000
relaunch_sim
INFO: [Vivado 12-5682] Launching behavioral simulation in 'C:/Users/Public/Documents/PVSDRA/Lab_3/Lab_3.sim/sim_1/behav/xsim'
INFO: [SIM-utils-51] Simulation object is 'sim_1'
INFO: [SIM-utils-54] Inspecting design source files for 'FIR_tb' in fileset 'sim_1'...
INFO: [USF-XSim-97] Finding global include files...
INFO: [USF-XSim-98] Fetching design files from 'sim_1'...
INFO: [USF-XSim-2] XSim::Compile design
INFO: [USF-XSim-61] Executing 'COMPILE and ANALYZE' step in 'C:/Users/Public/Documents/PVSDRA/Lab_3/Lab_3.sim/sim_1/behav/xsim'
"xvhdl --incr --relax -prj FIR_tb_vhdl.prj"
INFO: [VRFC 10-163] Analyzing VHDL file "C:/Users/Public/Documents/PVSDRA/Lab_3/Lab_3.srcs/sim_1/new/FIR_tb.vhd" into library xil_defaultlib
INFO: [VRFC 10-307] analyzing entity FIR_tb
INFO: [USF-XSim-69] 'compile' step finished in '3' seconds
INFO: [Vivado 12-5682] Launching behavioral simulation in 'C:/Users/Public/Documents/PVSDRA/Lab_3/Lab_3.sim/sim_1/behav/xsim'
INFO: [USF-XSim-3] XSim::Elaborate design
INFO: [USF-XSim-61] Executing 'ELABORATE' step in 'C:/Users/Public/Documents/PVSDRA/Lab_3/Lab_3.sim/sim_1/behav/xsim'
Vivado Simulator 2018.2
Copyright 1986-1999, 2001-2018 Xilinx, Inc. All Rights Reserved.
Running: D:/Xilinx/Vivado/2018.2/bin/unwrapped/win64.o/xelab.exe -wto ba93bc7316ac4ceb80ae35f65eb8577a --incr --debug typical --relax --mt 2 -L xil_defaultlib -L secureip --snapshot FIR_tb_behav xil_defaultlib.FIR_tb -log elaborate.log 
Using 2 slave threads.
Starting static elaboration
Completed static elaboration
Starting simulation data flow analysis
Completed simulation data flow analysis
Time Resolution for simulation is 1ps
Compiling package std.standard
Compiling package std.textio
Compiling package ieee.std_logic_1164
Compiling package ieee.numeric_std
Compiling package std.env
Compiling package ieee.std_logic_arith
Compiling package ieee.std_logic_unsigned
Compiling architecture behavioral of entity xil_defaultlib.ROM [rom_default]
Compiling architecture behavioral of entity xil_defaultlib.FSM [fsm_default]
Compiling architecture behavioral of entity xil_defaultlib.FIR [fir_default]
Compiling architecture behavioral of entity xil_defaultlib.fir_tb
Built simulation snapshot FIR_tb_behav
INFO: [USF-XSim-69] 'elaborate' step finished in '3' seconds
Vivado Simulator 2018.2
Time resolution is 1 ps
relaunch_sim: Time (s): cpu = 00:00:01 ; elapsed = 00:00:09 . Memory (MB): peak = 897.156 ; gain = 0.320
relaunch_sim
INFO: [Vivado 12-5682] Launching behavioral simulation in 'C:/Users/Public/Documents/PVSDRA/Lab_3/Lab_3.sim/sim_1/behav/xsim'
INFO: [SIM-utils-51] Simulation object is 'sim_1'
INFO: [SIM-utils-54] Inspecting design source files for 'FIR_tb' in fileset 'sim_1'...
INFO: [USF-XSim-97] Finding global include files...
INFO: [USF-XSim-98] Fetching design files from 'sim_1'...
INFO: [USF-XSim-2] XSim::Compile design
INFO: [USF-XSim-61] Executing 'COMPILE and ANALYZE' step in 'C:/Users/Public/Documents/PVSDRA/Lab_3/Lab_3.sim/sim_1/behav/xsim'
"xvhdl --incr --relax -prj FIR_tb_vhdl.prj"
INFO: [VRFC 10-163] Analyzing VHDL file "C:/Users/Public/Documents/PVSDRA/Lab_3/Lab_3.srcs/sources_1/new/ROM.vhd" into library xil_defaultlib
INFO: [VRFC 10-307] analyzing entity ROM
INFO: [VRFC 10-163] Analyzing VHDL file "C:/Users/Public/Documents/PVSDRA/Lab_3/Lab_3.srcs/sources_1/new/FIR.vhd" into library xil_defaultlib
INFO: [VRFC 10-307] analyzing entity FIR
INFO: [VRFC 10-163] Analyzing VHDL file "C:/Users/Public/Documents/PVSDRA/Lab_3/Lab_3.srcs/sim_1/new/FIR_tb.vhd" into library xil_defaultlib
INFO: [VRFC 10-307] analyzing entity FIR_tb
INFO: [USF-XSim-69] 'compile' step finished in '3' seconds
INFO: [Vivado 12-5682] Launching behavioral simulation in 'C:/Users/Public/Documents/PVSDRA/Lab_3/Lab_3.sim/sim_1/behav/xsim'
INFO: [USF-XSim-3] XSim::Elaborate design
INFO: [USF-XSim-61] Executing 'ELABORATE' step in 'C:/Users/Public/Documents/PVSDRA/Lab_3/Lab_3.sim/sim_1/behav/xsim'
Vivado Simulator 2018.2
Copyright 1986-1999, 2001-2018 Xilinx, Inc. All Rights Reserved.
Running: D:/Xilinx/Vivado/2018.2/bin/unwrapped/win64.o/xelab.exe -wto ba93bc7316ac4ceb80ae35f65eb8577a --incr --debug typical --relax --mt 2 -L xil_defaultlib -L secureip --snapshot FIR_tb_behav xil_defaultlib.FIR_tb -log elaborate.log 
Using 2 slave threads.
Starting static elaboration
Completed static elaboration
Starting simulation data flow analysis
Completed simulation data flow analysis
Time Resolution for simulation is 1ps
Compiling package std.standard
Compiling package std.textio
Compiling package ieee.std_logic_1164
Compiling package ieee.numeric_std
Compiling package std.env
Compiling package ieee.std_logic_arith
Compiling package ieee.std_logic_unsigned
Compiling architecture behavioral of entity xil_defaultlib.ROM [rom_default]
Compiling architecture behavioral of entity xil_defaultlib.FSM [fsm_default]
Compiling architecture behavioral of entity xil_defaultlib.FIR [fir_default]
Compiling architecture behavioral of entity xil_defaultlib.fir_tb
Built simulation snapshot FIR_tb_behav
INFO: [USF-XSim-69] 'elaborate' step finished in '4' seconds
Vivado Simulator 2018.2
Time resolution is 1 ps
relaunch_sim: Time (s): cpu = 00:00:01 ; elapsed = 00:00:09 . Memory (MB): peak = 899.063 ; gain = 0.336
relaunch_sim
INFO: [Vivado 12-5682] Launching behavioral simulation in 'C:/Users/Public/Documents/PVSDRA/Lab_3/Lab_3.sim/sim_1/behav/xsim'
INFO: [SIM-utils-51] Simulation object is 'sim_1'
INFO: [SIM-utils-54] Inspecting design source files for 'FIR_tb' in fileset 'sim_1'...
INFO: [USF-XSim-97] Finding global include files...
INFO: [USF-XSim-98] Fetching design files from 'sim_1'...
INFO: [USF-XSim-2] XSim::Compile design
INFO: [USF-XSim-61] Executing 'COMPILE and ANALYZE' step in 'C:/Users/Public/Documents/PVSDRA/Lab_3/Lab_3.sim/sim_1/behav/xsim'
"xvhdl --incr --relax -prj FIR_tb_vhdl.prj"
INFO: [VRFC 10-163] Analyzing VHDL file "C:/Users/Public/Documents/PVSDRA/Lab_3/Lab_3.srcs/sources_1/new/ROM.vhd" into library xil_defaultlib
INFO: [VRFC 10-307] analyzing entity ROM
INFO: [VRFC 10-163] Analyzing VHDL file "C:/Users/Public/Documents/PVSDRA/Lab_3/Lab_3.srcs/sources_1/new/FIR.vhd" into library xil_defaultlib
INFO: [VRFC 10-307] analyzing entity FIR
INFO: [VRFC 10-163] Analyzing VHDL file "C:/Users/Public/Documents/PVSDRA/Lab_3/Lab_3.srcs/sim_1/new/FIR_tb.vhd" into library xil_defaultlib
INFO: [VRFC 10-307] analyzing entity FIR_tb
INFO: [USF-XSim-69] 'compile' step finished in '2' seconds
INFO: [Vivado 12-5682] Launching behavioral simulation in 'C:/Users/Public/Documents/PVSDRA/Lab_3/Lab_3.sim/sim_1/behav/xsim'
INFO: [USF-XSim-3] XSim::Elaborate design
INFO: [USF-XSim-61] Executing 'ELABORATE' step in 'C:/Users/Public/Documents/PVSDRA/Lab_3/Lab_3.sim/sim_1/behav/xsim'
Vivado Simulator 2018.2
Copyright 1986-1999, 2001-2018 Xilinx, Inc. All Rights Reserved.
Running: D:/Xilinx/Vivado/2018.2/bin/unwrapped/win64.o/xelab.exe -wto ba93bc7316ac4ceb80ae35f65eb8577a --incr --debug typical --relax --mt 2 -L xil_defaultlib -L secureip --snapshot FIR_tb_behav xil_defaultlib.FIR_tb -log elaborate.log 
Using 2 slave threads.
Starting static elaboration
Completed static elaboration
Starting simulation data flow analysis
Completed simulation data flow analysis
Time Resolution for simulation is 1ps
Compiling package std.standard
Compiling package std.textio
Compiling package ieee.std_logic_1164
Compiling package ieee.numeric_std
Compiling package std.env
Compiling package ieee.std_logic_arith
Compiling package ieee.std_logic_unsigned
Compiling architecture behavioral of entity xil_defaultlib.ROM [rom_default]
Compiling architecture behavioral of entity xil_defaultlib.FSM [fsm_default]
Compiling architecture behavioral of entity xil_defaultlib.FIR [fir_default]
Compiling architecture behavioral of entity xil_defaultlib.fir_tb
Built simulation snapshot FIR_tb_behav
INFO: [USF-XSim-69] 'elaborate' step finished in '3' seconds
Vivado Simulator 2018.2
Time resolution is 1 ps
relaunch_sim: Time (s): cpu = 00:00:01 ; elapsed = 00:00:09 . Memory (MB): peak = 905.645 ; gain = 0.000
relaunch_sim
INFO: [Vivado 12-5682] Launching behavioral simulation in 'C:/Users/Public/Documents/PVSDRA/Lab_3/Lab_3.sim/sim_1/behav/xsim'
INFO: [SIM-utils-51] Simulation object is 'sim_1'
INFO: [SIM-utils-54] Inspecting design source files for 'FIR_tb' in fileset 'sim_1'...
INFO: [USF-XSim-97] Finding global include files...
INFO: [USF-XSim-98] Fetching design files from 'sim_1'...
INFO: [USF-XSim-2] XSim::Compile design
INFO: [USF-XSim-61] Executing 'COMPILE and ANALYZE' step in 'C:/Users/Public/Documents/PVSDRA/Lab_3/Lab_3.sim/sim_1/behav/xsim'
"xvhdl --incr --relax -prj FIR_tb_vhdl.prj"
INFO: [VRFC 10-163] Analyzing VHDL file "C:/Users/Public/Documents/PVSDRA/Lab_3/Lab_3.srcs/sources_1/new/ROM.vhd" into library xil_defaultlib
INFO: [VRFC 10-307] analyzing entity ROM
INFO: [VRFC 10-163] Analyzing VHDL file "C:/Users/Public/Documents/PVSDRA/Lab_3/Lab_3.srcs/sources_1/new/FIR.vhd" into library xil_defaultlib
INFO: [VRFC 10-307] analyzing entity FIR
INFO: [VRFC 10-163] Analyzing VHDL file "C:/Users/Public/Documents/PVSDRA/Lab_3/Lab_3.srcs/sim_1/new/FIR_tb.vhd" into library xil_defaultlib
INFO: [VRFC 10-307] analyzing entity FIR_tb
INFO: [USF-XSim-69] 'compile' step finished in '2' seconds
INFO: [Vivado 12-5682] Launching behavioral simulation in 'C:/Users/Public/Documents/PVSDRA/Lab_3/Lab_3.sim/sim_1/behav/xsim'
INFO: [USF-XSim-3] XSim::Elaborate design
INFO: [USF-XSim-61] Executing 'ELABORATE' step in 'C:/Users/Public/Documents/PVSDRA/Lab_3/Lab_3.sim/sim_1/behav/xsim'
Vivado Simulator 2018.2
Copyright 1986-1999, 2001-2018 Xilinx, Inc. All Rights Reserved.
Running: D:/Xilinx/Vivado/2018.2/bin/unwrapped/win64.o/xelab.exe -wto ba93bc7316ac4ceb80ae35f65eb8577a --incr --debug typical --relax --mt 2 -L xil_defaultlib -L secureip --snapshot FIR_tb_behav xil_defaultlib.FIR_tb -log elaborate.log 
Using 2 slave threads.
Starting static elaboration
Completed static elaboration
Starting simulation data flow analysis
Completed simulation data flow analysis
Time Resolution for simulation is 1ps
Compiling package std.standard
Compiling package std.textio
Compiling package ieee.std_logic_1164
Compiling package ieee.numeric_std
Compiling package std.env
Compiling package ieee.std_logic_arith
Compiling package ieee.std_logic_unsigned
Compiling architecture behavioral of entity xil_defaultlib.ROM [rom_default]
Compiling architecture behavioral of entity xil_defaultlib.FSM [fsm_default]
Compiling architecture behavioral of entity xil_defaultlib.FIR [fir_default]
Compiling architecture behavioral of entity xil_defaultlib.fir_tb
Built simulation snapshot FIR_tb_behav
INFO: [USF-XSim-69] 'elaborate' step finished in '3' seconds
Vivado Simulator 2018.2
Time resolution is 1 ps
relaunch_sim: Time (s): cpu = 00:00:02 ; elapsed = 00:00:08 . Memory (MB): peak = 907.277 ; gain = 0.000
relaunch_sim
INFO: [Vivado 12-5682] Launching behavioral simulation in 'C:/Users/Public/Documents/PVSDRA/Lab_3/Lab_3.sim/sim_1/behav/xsim'
INFO: [SIM-utils-51] Simulation object is 'sim_1'
INFO: [SIM-utils-54] Inspecting design source files for 'FIR_tb' in fileset 'sim_1'...
INFO: [USF-XSim-97] Finding global include files...
INFO: [USF-XSim-98] Fetching design files from 'sim_1'...
INFO: [USF-XSim-2] XSim::Compile design
INFO: [USF-XSim-61] Executing 'COMPILE and ANALYZE' step in 'C:/Users/Public/Documents/PVSDRA/Lab_3/Lab_3.sim/sim_1/behav/xsim'
"xvhdl --incr --relax -prj FIR_tb_vhdl.prj"
INFO: [VRFC 10-163] Analyzing VHDL file "C:/Users/Public/Documents/PVSDRA/Lab_3/Lab_3.srcs/sources_1/new/FIR.vhd" into library xil_defaultlib
INFO: [VRFC 10-307] analyzing entity FIR
INFO: [VRFC 10-163] Analyzing VHDL file "C:/Users/Public/Documents/PVSDRA/Lab_3/Lab_3.srcs/sim_1/new/FIR_tb.vhd" into library xil_defaultlib
INFO: [VRFC 10-307] analyzing entity FIR_tb
INFO: [USF-XSim-69] 'compile' step finished in '2' seconds
INFO: [Vivado 12-5682] Launching behavioral simulation in 'C:/Users/Public/Documents/PVSDRA/Lab_3/Lab_3.sim/sim_1/behav/xsim'
INFO: [USF-XSim-3] XSim::Elaborate design
INFO: [USF-XSim-61] Executing 'ELABORATE' step in 'C:/Users/Public/Documents/PVSDRA/Lab_3/Lab_3.sim/sim_1/behav/xsim'
Vivado Simulator 2018.2
Copyright 1986-1999, 2001-2018 Xilinx, Inc. All Rights Reserved.
Running: D:/Xilinx/Vivado/2018.2/bin/unwrapped/win64.o/xelab.exe -wto ba93bc7316ac4ceb80ae35f65eb8577a --incr --debug typical --relax --mt 2 -L xil_defaultlib -L secureip --snapshot FIR_tb_behav xil_defaultlib.FIR_tb -log elaborate.log 
Using 2 slave threads.
Starting static elaboration
Completed static elaboration
Starting simulation data flow analysis
Completed simulation data flow analysis
Time Resolution for simulation is 1ps
Compiling package std.standard
Compiling package std.textio
Compiling package ieee.std_logic_1164
Compiling package ieee.numeric_std
Compiling package std.env
Compiling package ieee.std_logic_arith
Compiling package ieee.std_logic_unsigned
Compiling architecture behavioral of entity xil_defaultlib.ROM [rom_default]
Compiling architecture behavioral of entity xil_defaultlib.FSM [\FSM(baat=1)\]
Compiling architecture behavioral of entity xil_defaultlib.FIR [\FIR(baat=1)\]
Compiling architecture behavioral of entity xil_defaultlib.fir_tb
Built simulation snapshot FIR_tb_behav
INFO: [USF-XSim-69] 'elaborate' step finished in '4' seconds
Vivado Simulator 2018.2
Time resolution is 1 ps
relaunch_sim: Time (s): cpu = 00:00:01 ; elapsed = 00:00:10 . Memory (MB): peak = 907.277 ; gain = 0.000
relaunch_sim
INFO: [Vivado 12-5682] Launching behavioral simulation in 'C:/Users/Public/Documents/PVSDRA/Lab_3/Lab_3.sim/sim_1/behav/xsim'
INFO: [SIM-utils-51] Simulation object is 'sim_1'
INFO: [SIM-utils-54] Inspecting design source files for 'FIR_tb' in fileset 'sim_1'...
INFO: [USF-XSim-97] Finding global include files...
INFO: [USF-XSim-98] Fetching design files from 'sim_1'...
INFO: [USF-XSim-2] XSim::Compile design
INFO: [USF-XSim-61] Executing 'COMPILE and ANALYZE' step in 'C:/Users/Public/Documents/PVSDRA/Lab_3/Lab_3.sim/sim_1/behav/xsim'
"xvhdl --incr --relax -prj FIR_tb_vhdl.prj"
INFO: [VRFC 10-163] Analyzing VHDL file "C:/Users/Public/Documents/PVSDRA/Lab_3/Lab_3.srcs/sources_1/new/FIR.vhd" into library xil_defaultlib
INFO: [VRFC 10-307] analyzing entity FIR
INFO: [VRFC 10-163] Analyzing VHDL file "C:/Users/Public/Documents/PVSDRA/Lab_3/Lab_3.srcs/sim_1/new/FIR_tb.vhd" into library xil_defaultlib
INFO: [VRFC 10-307] analyzing entity FIR_tb
INFO: [USF-XSim-69] 'compile' step finished in '3' seconds
INFO: [Vivado 12-5682] Launching behavioral simulation in 'C:/Users/Public/Documents/PVSDRA/Lab_3/Lab_3.sim/sim_1/behav/xsim'
INFO: [USF-XSim-3] XSim::Elaborate design
INFO: [USF-XSim-61] Executing 'ELABORATE' step in 'C:/Users/Public/Documents/PVSDRA/Lab_3/Lab_3.sim/sim_1/behav/xsim'
Vivado Simulator 2018.2
Copyright 1986-1999, 2001-2018 Xilinx, Inc. All Rights Reserved.
Running: D:/Xilinx/Vivado/2018.2/bin/unwrapped/win64.o/xelab.exe -wto ba93bc7316ac4ceb80ae35f65eb8577a --incr --debug typical --relax --mt 2 -L xil_defaultlib -L secureip --snapshot FIR_tb_behav xil_defaultlib.FIR_tb -log elaborate.log 
Using 2 slave threads.
Starting static elaboration
Completed static elaboration
Starting simulation data flow analysis
Completed simulation data flow analysis
Time Resolution for simulation is 1ps
Compiling package std.standard
Compiling package std.textio
Compiling package ieee.std_logic_1164
Compiling package ieee.numeric_std
Compiling package std.env
Compiling package ieee.std_logic_arith
Compiling package ieee.std_logic_unsigned
Compiling architecture behavioral of entity xil_defaultlib.ROM [rom_default]
Compiling architecture behavioral of entity xil_defaultlib.FSM [\FSM(baat=1)\]
Compiling architecture behavioral of entity xil_defaultlib.FIR [\FIR(baat=1)\]
Compiling architecture behavioral of entity xil_defaultlib.fir_tb
Built simulation snapshot FIR_tb_behav
INFO: [USF-XSim-69] 'elaborate' step finished in '4' seconds
Vivado Simulator 2018.2
Time resolution is 1 ps
relaunch_sim: Time (s): cpu = 00:00:04 ; elapsed = 00:00:10 . Memory (MB): peak = 907.277 ; gain = 0.000
relaunch_sim
INFO: [Vivado 12-5682] Launching behavioral simulation in 'C:/Users/Public/Documents/PVSDRA/Lab_3/Lab_3.sim/sim_1/behav/xsim'
INFO: [SIM-utils-51] Simulation object is 'sim_1'
INFO: [SIM-utils-54] Inspecting design source files for 'FIR_tb' in fileset 'sim_1'...
INFO: [USF-XSim-97] Finding global include files...
INFO: [USF-XSim-98] Fetching design files from 'sim_1'...
INFO: [USF-XSim-2] XSim::Compile design
INFO: [USF-XSim-61] Executing 'COMPILE and ANALYZE' step in 'C:/Users/Public/Documents/PVSDRA/Lab_3/Lab_3.sim/sim_1/behav/xsim'
"xvhdl --incr --relax -prj FIR_tb_vhdl.prj"
INFO: [VRFC 10-163] Analyzing VHDL file "C:/Users/Public/Documents/PVSDRA/Lab_3/Lab_3.srcs/sources_1/new/FIR.vhd" into library xil_defaultlib
INFO: [VRFC 10-307] analyzing entity FIR
INFO: [VRFC 10-163] Analyzing VHDL file "C:/Users/Public/Documents/PVSDRA/Lab_3/Lab_3.srcs/sim_1/new/FIR_tb.vhd" into library xil_defaultlib
INFO: [VRFC 10-307] analyzing entity FIR_tb
INFO: [USF-XSim-69] 'compile' step finished in '2' seconds
INFO: [Vivado 12-5682] Launching behavioral simulation in 'C:/Users/Public/Documents/PVSDRA/Lab_3/Lab_3.sim/sim_1/behav/xsim'
INFO: [USF-XSim-3] XSim::Elaborate design
INFO: [USF-XSim-61] Executing 'ELABORATE' step in 'C:/Users/Public/Documents/PVSDRA/Lab_3/Lab_3.sim/sim_1/behav/xsim'
Vivado Simulator 2018.2
Copyright 1986-1999, 2001-2018 Xilinx, Inc. All Rights Reserved.
Running: D:/Xilinx/Vivado/2018.2/bin/unwrapped/win64.o/xelab.exe -wto ba93bc7316ac4ceb80ae35f65eb8577a --incr --debug typical --relax --mt 2 -L xil_defaultlib -L secureip --snapshot FIR_tb_behav xil_defaultlib.FIR_tb -log elaborate.log 
Using 2 slave threads.
Starting static elaboration
Completed static elaboration
Starting simulation data flow analysis
Completed simulation data flow analysis
Time Resolution for simulation is 1ps
Compiling package std.standard
Compiling package std.textio
Compiling package ieee.std_logic_1164
Compiling package ieee.numeric_std
Compiling package std.env
Compiling package ieee.std_logic_arith
Compiling package ieee.std_logic_unsigned
Compiling architecture behavioral of entity xil_defaultlib.ROM [rom_default]
Compiling architecture behavioral of entity xil_defaultlib.FSM [\FSM(baat=1)\]
Compiling architecture behavioral of entity xil_defaultlib.FIR [\FIR(baat=1)\]
Compiling architecture behavioral of entity xil_defaultlib.fir_tb
Built simulation snapshot FIR_tb_behav
INFO: [USF-XSim-69] 'elaborate' step finished in '3' seconds
Vivado Simulator 2018.2
Time resolution is 1 ps
relaunch_sim: Time (s): cpu = 00:00:03 ; elapsed = 00:00:09 . Memory (MB): peak = 907.277 ; gain = 0.000
relaunch_sim
INFO: [Vivado 12-5682] Launching behavioral simulation in 'C:/Users/Public/Documents/PVSDRA/Lab_3/Lab_3.sim/sim_1/behav/xsim'
INFO: [SIM-utils-51] Simulation object is 'sim_1'
INFO: [SIM-utils-54] Inspecting design source files for 'FIR_tb' in fileset 'sim_1'...
INFO: [USF-XSim-97] Finding global include files...
INFO: [USF-XSim-98] Fetching design files from 'sim_1'...
INFO: [USF-XSim-2] XSim::Compile design
INFO: [USF-XSim-61] Executing 'COMPILE and ANALYZE' step in 'C:/Users/Public/Documents/PVSDRA/Lab_3/Lab_3.sim/sim_1/behav/xsim'
"xvhdl --incr --relax -prj FIR_tb_vhdl.prj"
INFO: [VRFC 10-163] Analyzing VHDL file "C:/Users/Public/Documents/PVSDRA/Lab_3/Lab_3.srcs/sources_1/new/FIR.vhd" into library xil_defaultlib
INFO: [VRFC 10-307] analyzing entity FIR
INFO: [VRFC 10-163] Analyzing VHDL file "C:/Users/Public/Documents/PVSDRA/Lab_3/Lab_3.srcs/sim_1/new/FIR_tb.vhd" into library xil_defaultlib
INFO: [VRFC 10-307] analyzing entity FIR_tb
INFO: [USF-XSim-69] 'compile' step finished in '3' seconds
INFO: [Vivado 12-5682] Launching behavioral simulation in 'C:/Users/Public/Documents/PVSDRA/Lab_3/Lab_3.sim/sim_1/behav/xsim'
INFO: [USF-XSim-3] XSim::Elaborate design
INFO: [USF-XSim-61] Executing 'ELABORATE' step in 'C:/Users/Public/Documents/PVSDRA/Lab_3/Lab_3.sim/sim_1/behav/xsim'
Vivado Simulator 2018.2
Copyright 1986-1999, 2001-2018 Xilinx, Inc. All Rights Reserved.
Running: D:/Xilinx/Vivado/2018.2/bin/unwrapped/win64.o/xelab.exe -wto ba93bc7316ac4ceb80ae35f65eb8577a --incr --debug typical --relax --mt 2 -L xil_defaultlib -L secureip --snapshot FIR_tb_behav xil_defaultlib.FIR_tb -log elaborate.log 
Using 2 slave threads.
Starting static elaboration
Completed static elaboration
Starting simulation data flow analysis
Completed simulation data flow analysis
Time Resolution for simulation is 1ps
Compiling package std.standard
Compiling package std.textio
Compiling package ieee.std_logic_1164
Compiling package ieee.numeric_std
Compiling package std.env
Compiling package ieee.std_logic_arith
Compiling package ieee.std_logic_unsigned
Compiling architecture behavioral of entity xil_defaultlib.ROM [rom_default]
Compiling architecture behavioral of entity xil_defaultlib.FSM [\FSM(baat=1)\]
Compiling architecture behavioral of entity xil_defaultlib.FIR [\FIR(baat=1)\]
Compiling architecture behavioral of entity xil_defaultlib.fir_tb
Built simulation snapshot FIR_tb_behav
INFO: [USF-XSim-69] 'elaborate' step finished in '4' seconds
Vivado Simulator 2018.2
Time resolution is 1 ps
relaunch_sim: Time (s): cpu = 00:00:01 ; elapsed = 00:00:09 . Memory (MB): peak = 907.277 ; gain = 0.000
relaunch_sim
INFO: [Vivado 12-5682] Launching behavioral simulation in 'C:/Users/Public/Documents/PVSDRA/Lab_3/Lab_3.sim/sim_1/behav/xsim'
INFO: [SIM-utils-51] Simulation object is 'sim_1'
INFO: [SIM-utils-54] Inspecting design source files for 'FIR_tb' in fileset 'sim_1'...
INFO: [USF-XSim-97] Finding global include files...
INFO: [USF-XSim-98] Fetching design files from 'sim_1'...
INFO: [USF-XSim-2] XSim::Compile design
INFO: [USF-XSim-61] Executing 'COMPILE and ANALYZE' step in 'C:/Users/Public/Documents/PVSDRA/Lab_3/Lab_3.sim/sim_1/behav/xsim'
"xvhdl --incr --relax -prj FIR_tb_vhdl.prj"
INFO: [VRFC 10-163] Analyzing VHDL file "C:/Users/Public/Documents/PVSDRA/Lab_3/Lab_3.srcs/sim_1/new/FIR_tb.vhd" into library xil_defaultlib
INFO: [VRFC 10-307] analyzing entity FIR_tb
INFO: [USF-XSim-69] 'compile' step finished in '3' seconds
INFO: [Vivado 12-5682] Launching behavioral simulation in 'C:/Users/Public/Documents/PVSDRA/Lab_3/Lab_3.sim/sim_1/behav/xsim'
INFO: [USF-XSim-3] XSim::Elaborate design
INFO: [USF-XSim-61] Executing 'ELABORATE' step in 'C:/Users/Public/Documents/PVSDRA/Lab_3/Lab_3.sim/sim_1/behav/xsim'
Vivado Simulator 2018.2
Copyright 1986-1999, 2001-2018 Xilinx, Inc. All Rights Reserved.
Running: D:/Xilinx/Vivado/2018.2/bin/unwrapped/win64.o/xelab.exe -wto ba93bc7316ac4ceb80ae35f65eb8577a --incr --debug typical --relax --mt 2 -L xil_defaultlib -L secureip --snapshot FIR_tb_behav xil_defaultlib.FIR_tb -log elaborate.log 
Using 2 slave threads.
Starting static elaboration
Completed static elaboration
Starting simulation data flow analysis
Completed simulation data flow analysis
Time Resolution for simulation is 1ps
Compiling package std.standard
Compiling package std.textio
Compiling package ieee.std_logic_1164
Compiling package ieee.numeric_std
Compiling package std.env
Compiling package ieee.std_logic_arith
Compiling package ieee.std_logic_unsigned
Compiling architecture behavioral of entity xil_defaultlib.ROM [rom_default]
Compiling architecture behavioral of entity xil_defaultlib.FSM [fsm_default]
Compiling architecture behavioral of entity xil_defaultlib.FIR [fir_default]
Compiling architecture behavioral of entity xil_defaultlib.fir_tb
Built simulation snapshot FIR_tb_behav
INFO: [USF-XSim-69] 'elaborate' step finished in '4' seconds
Vivado Simulator 2018.2
Time resolution is 1 ps
relaunch_sim: Time (s): cpu = 00:00:01 ; elapsed = 00:00:10 . Memory (MB): peak = 907.277 ; gain = 0.000
relaunch_sim
INFO: [Vivado 12-5682] Launching behavioral simulation in 'C:/Users/Public/Documents/PVSDRA/Lab_3/Lab_3.sim/sim_1/behav/xsim'
INFO: [SIM-utils-51] Simulation object is 'sim_1'
INFO: [SIM-utils-54] Inspecting design source files for 'FIR_tb' in fileset 'sim_1'...
INFO: [USF-XSim-97] Finding global include files...
INFO: [USF-XSim-98] Fetching design files from 'sim_1'...
INFO: [USF-XSim-2] XSim::Compile design
INFO: [USF-XSim-61] Executing 'COMPILE and ANALYZE' step in 'C:/Users/Public/Documents/PVSDRA/Lab_3/Lab_3.sim/sim_1/behav/xsim'
"xvhdl --incr --relax -prj FIR_tb_vhdl.prj"
INFO: [VRFC 10-163] Analyzing VHDL file "C:/Users/Public/Documents/PVSDRA/Lab_3/Lab_3.srcs/sources_1/new/FIR.vhd" into library xil_defaultlib
INFO: [VRFC 10-307] analyzing entity FIR
INFO: [VRFC 10-163] Analyzing VHDL file "C:/Users/Public/Documents/PVSDRA/Lab_3/Lab_3.srcs/sim_1/new/FIR_tb.vhd" into library xil_defaultlib
INFO: [VRFC 10-307] analyzing entity FIR_tb
INFO: [USF-XSim-69] 'compile' step finished in '3' seconds
INFO: [Vivado 12-5682] Launching behavioral simulation in 'C:/Users/Public/Documents/PVSDRA/Lab_3/Lab_3.sim/sim_1/behav/xsim'
INFO: [USF-XSim-3] XSim::Elaborate design
INFO: [USF-XSim-61] Executing 'ELABORATE' step in 'C:/Users/Public/Documents/PVSDRA/Lab_3/Lab_3.sim/sim_1/behav/xsim'
Vivado Simulator 2018.2
Copyright 1986-1999, 2001-2018 Xilinx, Inc. All Rights Reserved.
Running: D:/Xilinx/Vivado/2018.2/bin/unwrapped/win64.o/xelab.exe -wto ba93bc7316ac4ceb80ae35f65eb8577a --incr --debug typical --relax --mt 2 -L xil_defaultlib -L secureip --snapshot FIR_tb_behav xil_defaultlib.FIR_tb -log elaborate.log 
Using 2 slave threads.
Starting static elaboration
Completed static elaboration
Starting simulation data flow analysis
Completed simulation data flow analysis
Time Resolution for simulation is 1ps
Compiling package std.standard
Compiling package std.textio
Compiling package ieee.std_logic_1164
Compiling package ieee.numeric_std
Compiling package std.env
Compiling package ieee.std_logic_arith
Compiling package ieee.std_logic_unsigned
Compiling architecture behavioral of entity xil_defaultlib.ROM [rom_default]
Compiling architecture behavioral of entity xil_defaultlib.FSM [\FSM(baat=1)\]
Compiling architecture behavioral of entity xil_defaultlib.FIR [\FIR(baat=1)\]
Compiling architecture behavioral of entity xil_defaultlib.fir_tb
Built simulation snapshot FIR_tb_behav
INFO: [USF-XSim-69] 'elaborate' step finished in '4' seconds
Vivado Simulator 2018.2
Time resolution is 1 ps
relaunch_sim: Time (s): cpu = 00:00:02 ; elapsed = 00:00:09 . Memory (MB): peak = 909.789 ; gain = 0.000
relaunch_sim
INFO: [Vivado 12-5682] Launching behavioral simulation in 'C:/Users/Public/Documents/PVSDRA/Lab_3/Lab_3.sim/sim_1/behav/xsim'
INFO: [SIM-utils-51] Simulation object is 'sim_1'
INFO: [SIM-utils-54] Inspecting design source files for 'FIR_tb' in fileset 'sim_1'...
INFO: [USF-XSim-97] Finding global include files...
INFO: [USF-XSim-98] Fetching design files from 'sim_1'...
INFO: [USF-XSim-2] XSim::Compile design
INFO: [USF-XSim-61] Executing 'COMPILE and ANALYZE' step in 'C:/Users/Public/Documents/PVSDRA/Lab_3/Lab_3.sim/sim_1/behav/xsim'
"xvhdl --incr --relax -prj FIR_tb_vhdl.prj"
INFO: [VRFC 10-163] Analyzing VHDL file "C:/Users/Public/Documents/PVSDRA/Lab_3/Lab_3.srcs/sim_1/new/FIR_tb.vhd" into library xil_defaultlib
INFO: [VRFC 10-307] analyzing entity FIR_tb
INFO: [USF-XSim-69] 'compile' step finished in '3' seconds
INFO: [Vivado 12-5682] Launching behavioral simulation in 'C:/Users/Public/Documents/PVSDRA/Lab_3/Lab_3.sim/sim_1/behav/xsim'
INFO: [USF-XSim-3] XSim::Elaborate design
INFO: [USF-XSim-61] Executing 'ELABORATE' step in 'C:/Users/Public/Documents/PVSDRA/Lab_3/Lab_3.sim/sim_1/behav/xsim'
Vivado Simulator 2018.2
Copyright 1986-1999, 2001-2018 Xilinx, Inc. All Rights Reserved.
Running: D:/Xilinx/Vivado/2018.2/bin/unwrapped/win64.o/xelab.exe -wto ba93bc7316ac4ceb80ae35f65eb8577a --incr --debug typical --relax --mt 2 -L xil_defaultlib -L secureip --snapshot FIR_tb_behav xil_defaultlib.FIR_tb -log elaborate.log 
Using 2 slave threads.
Starting static elaboration
Completed static elaboration
Starting simulation data flow analysis
Completed simulation data flow analysis
Time Resolution for simulation is 1ps
Compiling package std.standard
Compiling package std.textio
Compiling package ieee.std_logic_1164
Compiling package ieee.numeric_std
Compiling package std.env
Compiling package ieee.std_logic_arith
Compiling package ieee.std_logic_unsigned
Compiling architecture behavioral of entity xil_defaultlib.ROM [rom_default]
Compiling architecture behavioral of entity xil_defaultlib.FSM [fsm_default]
Compiling architecture behavioral of entity xil_defaultlib.FIR [fir_default]
Compiling architecture behavioral of entity xil_defaultlib.fir_tb
Built simulation snapshot FIR_tb_behav
INFO: [USF-XSim-69] 'elaborate' step finished in '3' seconds
Vivado Simulator 2018.2
Time resolution is 1 ps
relaunch_sim: Time (s): cpu = 00:00:01 ; elapsed = 00:00:09 . Memory (MB): peak = 909.789 ; gain = 0.000
relaunch_sim
INFO: [Vivado 12-5682] Launching behavioral simulation in 'C:/Users/Public/Documents/PVSDRA/Lab_3/Lab_3.sim/sim_1/behav/xsim'
INFO: [SIM-utils-51] Simulation object is 'sim_1'
INFO: [SIM-utils-54] Inspecting design source files for 'FIR_tb' in fileset 'sim_1'...
INFO: [USF-XSim-97] Finding global include files...
INFO: [USF-XSim-98] Fetching design files from 'sim_1'...
INFO: [USF-XSim-2] XSim::Compile design
INFO: [USF-XSim-61] Executing 'COMPILE and ANALYZE' step in 'C:/Users/Public/Documents/PVSDRA/Lab_3/Lab_3.sim/sim_1/behav/xsim'
"xvhdl --incr --relax -prj FIR_tb_vhdl.prj"
INFO: [VRFC 10-163] Analyzing VHDL file "C:/Users/Public/Documents/PVSDRA/Lab_3/Lab_3.srcs/sources_1/new/FIR.vhd" into library xil_defaultlib
INFO: [VRFC 10-307] analyzing entity FIR
INFO: [VRFC 10-163] Analyzing VHDL file "C:/Users/Public/Documents/PVSDRA/Lab_3/Lab_3.srcs/sim_1/new/FIR_tb.vhd" into library xil_defaultlib
INFO: [VRFC 10-307] analyzing entity FIR_tb
INFO: [USF-XSim-69] 'compile' step finished in '3' seconds
INFO: [Vivado 12-5682] Launching behavioral simulation in 'C:/Users/Public/Documents/PVSDRA/Lab_3/Lab_3.sim/sim_1/behav/xsim'
INFO: [USF-XSim-3] XSim::Elaborate design
INFO: [USF-XSim-61] Executing 'ELABORATE' step in 'C:/Users/Public/Documents/PVSDRA/Lab_3/Lab_3.sim/sim_1/behav/xsim'
Vivado Simulator 2018.2
Copyright 1986-1999, 2001-2018 Xilinx, Inc. All Rights Reserved.
Running: D:/Xilinx/Vivado/2018.2/bin/unwrapped/win64.o/xelab.exe -wto ba93bc7316ac4ceb80ae35f65eb8577a --incr --debug typical --relax --mt 2 -L xil_defaultlib -L secureip --snapshot FIR_tb_behav xil_defaultlib.FIR_tb -log elaborate.log 
Using 2 slave threads.
Starting static elaboration
Completed static elaboration
Starting simulation data flow analysis
Completed simulation data flow analysis
Time Resolution for simulation is 1ps
Compiling package std.standard
Compiling package std.textio
Compiling package ieee.std_logic_1164
Compiling package ieee.numeric_std
Compiling package std.env
Compiling package ieee.std_logic_arith
Compiling package ieee.std_logic_unsigned
Compiling architecture behavioral of entity xil_defaultlib.ROM [rom_default]
Compiling architecture behavioral of entity xil_defaultlib.FSM [fsm_default]
Compiling architecture behavioral of entity xil_defaultlib.FIR [fir_default]
Compiling architecture behavioral of entity xil_defaultlib.fir_tb
Built simulation snapshot FIR_tb_behav
INFO: [USF-XSim-69] 'elaborate' step finished in '4' seconds
Vivado Simulator 2018.2
Time resolution is 1 ps
relaunch_sim: Time (s): cpu = 00:00:02 ; elapsed = 00:00:09 . Memory (MB): peak = 912.449 ; gain = 0.000
relaunch_sim
INFO: [Vivado 12-5682] Launching behavioral simulation in 'C:/Users/Public/Documents/PVSDRA/Lab_3/Lab_3.sim/sim_1/behav/xsim'
INFO: [SIM-utils-51] Simulation object is 'sim_1'
INFO: [SIM-utils-54] Inspecting design source files for 'FIR_tb' in fileset 'sim_1'...
INFO: [USF-XSim-97] Finding global include files...
INFO: [USF-XSim-98] Fetching design files from 'sim_1'...
INFO: [USF-XSim-2] XSim::Compile design
INFO: [USF-XSim-61] Executing 'COMPILE and ANALYZE' step in 'C:/Users/Public/Documents/PVSDRA/Lab_3/Lab_3.sim/sim_1/behav/xsim'
"xvhdl --incr --relax -prj FIR_tb_vhdl.prj"
INFO: [VRFC 10-163] Analyzing VHDL file "C:/Users/Public/Documents/PVSDRA/Lab_3/Lab_3.srcs/sources_1/new/FIR.vhd" into library xil_defaultlib
INFO: [VRFC 10-307] analyzing entity FIR
INFO: [VRFC 10-163] Analyzing VHDL file "C:/Users/Public/Documents/PVSDRA/Lab_3/Lab_3.srcs/sim_1/new/FIR_tb.vhd" into library xil_defaultlib
INFO: [VRFC 10-307] analyzing entity FIR_tb
INFO: [USF-XSim-69] 'compile' step finished in '3' seconds
INFO: [Vivado 12-5682] Launching behavioral simulation in 'C:/Users/Public/Documents/PVSDRA/Lab_3/Lab_3.sim/sim_1/behav/xsim'
INFO: [USF-XSim-3] XSim::Elaborate design
INFO: [USF-XSim-61] Executing 'ELABORATE' step in 'C:/Users/Public/Documents/PVSDRA/Lab_3/Lab_3.sim/sim_1/behav/xsim'
Vivado Simulator 2018.2
Copyright 1986-1999, 2001-2018 Xilinx, Inc. All Rights Reserved.
Running: D:/Xilinx/Vivado/2018.2/bin/unwrapped/win64.o/xelab.exe -wto ba93bc7316ac4ceb80ae35f65eb8577a --incr --debug typical --relax --mt 2 -L xil_defaultlib -L secureip --snapshot FIR_tb_behav xil_defaultlib.FIR_tb -log elaborate.log 
Using 2 slave threads.
Starting static elaboration
WARNING: [VRFC 10-1121] no index value can belong to null index range [C:/Users/Public/Documents/PVSDRA/Lab_3/Lab_3.srcs/sources_1/new/FIR.vhd:114]
WARNING: [VRFC 10-1121] no index value can belong to null index range [C:/Users/Public/Documents/PVSDRA/Lab_3/Lab_3.srcs/sources_1/new/FIR.vhd:115]
Completed static elaboration
Starting simulation data flow analysis
Completed simulation data flow analysis
Time Resolution for simulation is 1ps
Compiling package std.standard
Compiling package std.textio
Compiling package ieee.std_logic_1164
Compiling package ieee.numeric_std
Compiling package std.env
Compiling package ieee.std_logic_arith
Compiling package ieee.std_logic_unsigned
Compiling architecture behavioral of entity xil_defaultlib.ROM [rom_default]
Compiling architecture behavioral of entity xil_defaultlib.FSM [\FSM(baat=1)\]
Compiling architecture behavioral of entity xil_defaultlib.FIR [\FIR(baat=1)\]
Compiling architecture behavioral of entity xil_defaultlib.fir_tb
Built simulation snapshot FIR_tb_behav
INFO: [USF-XSim-69] 'elaborate' step finished in '3' seconds
Vivado Simulator 2018.2
Time resolution is 1 ps
relaunch_sim: Time (s): cpu = 00:00:01 ; elapsed = 00:00:09 . Memory (MB): peak = 915.457 ; gain = 0.191
relaunch_sim
INFO: [Vivado 12-5682] Launching behavioral simulation in 'C:/Users/Public/Documents/PVSDRA/Lab_3/Lab_3.sim/sim_1/behav/xsim'
INFO: [SIM-utils-51] Simulation object is 'sim_1'
INFO: [SIM-utils-54] Inspecting design source files for 'FIR_tb' in fileset 'sim_1'...
INFO: [USF-XSim-97] Finding global include files...
INFO: [USF-XSim-98] Fetching design files from 'sim_1'...
INFO: [USF-XSim-2] XSim::Compile design
INFO: [USF-XSim-61] Executing 'COMPILE and ANALYZE' step in 'C:/Users/Public/Documents/PVSDRA/Lab_3/Lab_3.sim/sim_1/behav/xsim'
"xvhdl --incr --relax -prj FIR_tb_vhdl.prj"
INFO: [VRFC 10-163] Analyzing VHDL file "C:/Users/Public/Documents/PVSDRA/Lab_3/Lab_3.srcs/sources_1/new/FIR.vhd" into library xil_defaultlib
INFO: [VRFC 10-307] analyzing entity FIR
INFO: [VRFC 10-163] Analyzing VHDL file "C:/Users/Public/Documents/PVSDRA/Lab_3/Lab_3.srcs/sim_1/new/FIR_tb.vhd" into library xil_defaultlib
INFO: [VRFC 10-307] analyzing entity FIR_tb
INFO: [USF-XSim-69] 'compile' step finished in '3' seconds
INFO: [Vivado 12-5682] Launching behavioral simulation in 'C:/Users/Public/Documents/PVSDRA/Lab_3/Lab_3.sim/sim_1/behav/xsim'
INFO: [USF-XSim-3] XSim::Elaborate design
INFO: [USF-XSim-61] Executing 'ELABORATE' step in 'C:/Users/Public/Documents/PVSDRA/Lab_3/Lab_3.sim/sim_1/behav/xsim'
Vivado Simulator 2018.2
Copyright 1986-1999, 2001-2018 Xilinx, Inc. All Rights Reserved.
Running: D:/Xilinx/Vivado/2018.2/bin/unwrapped/win64.o/xelab.exe -wto ba93bc7316ac4ceb80ae35f65eb8577a --incr --debug typical --relax --mt 2 -L xil_defaultlib -L secureip --snapshot FIR_tb_behav xil_defaultlib.FIR_tb -log elaborate.log 
Using 2 slave threads.
Starting static elaboration
WARNING: [VRFC 10-1121] no index value can belong to null index range [C:/Users/Public/Documents/PVSDRA/Lab_3/Lab_3.srcs/sources_1/new/FIR.vhd:114]
WARNING: [VRFC 10-1121] no index value can belong to null index range [C:/Users/Public/Documents/PVSDRA/Lab_3/Lab_3.srcs/sources_1/new/FIR.vhd:115]
Completed static elaboration
Starting simulation data flow analysis
Completed simulation data flow analysis
Time Resolution for simulation is 1ps
Compiling package std.standard
Compiling package std.textio
Compiling package ieee.std_logic_1164
Compiling package ieee.numeric_std
Compiling package std.env
Compiling package ieee.std_logic_arith
Compiling package ieee.std_logic_unsigned
Compiling architecture behavioral of entity xil_defaultlib.ROM [rom_default]
Compiling architecture behavioral of entity xil_defaultlib.FSM [\FSM(baat=1)\]
Compiling architecture behavioral of entity xil_defaultlib.FIR [\FIR(baat=1)\]
Compiling architecture behavioral of entity xil_defaultlib.fir_tb
Built simulation snapshot FIR_tb_behav
INFO: [USF-XSim-69] 'elaborate' step finished in '3' seconds
Vivado Simulator 2018.2
Time resolution is 1 ps
relaunch_sim: Time (s): cpu = 00:00:01 ; elapsed = 00:00:09 . Memory (MB): peak = 917.930 ; gain = 0.000
relaunch_sim
INFO: [Vivado 12-5682] Launching behavioral simulation in 'C:/Users/Public/Documents/PVSDRA/Lab_3/Lab_3.sim/sim_1/behav/xsim'
INFO: [SIM-utils-51] Simulation object is 'sim_1'
INFO: [SIM-utils-54] Inspecting design source files for 'FIR_tb' in fileset 'sim_1'...
INFO: [USF-XSim-97] Finding global include files...
INFO: [USF-XSim-98] Fetching design files from 'sim_1'...
INFO: [USF-XSim-2] XSim::Compile design
INFO: [USF-XSim-61] Executing 'COMPILE and ANALYZE' step in 'C:/Users/Public/Documents/PVSDRA/Lab_3/Lab_3.sim/sim_1/behav/xsim'
"xvhdl --incr --relax -prj FIR_tb_vhdl.prj"
INFO: [VRFC 10-163] Analyzing VHDL file "C:/Users/Public/Documents/PVSDRA/Lab_3/Lab_3.srcs/sim_1/new/FIR_tb.vhd" into library xil_defaultlib
INFO: [VRFC 10-307] analyzing entity FIR_tb
INFO: [USF-XSim-69] 'compile' step finished in '2' seconds
INFO: [Vivado 12-5682] Launching behavioral simulation in 'C:/Users/Public/Documents/PVSDRA/Lab_3/Lab_3.sim/sim_1/behav/xsim'
INFO: [USF-XSim-3] XSim::Elaborate design
INFO: [USF-XSim-61] Executing 'ELABORATE' step in 'C:/Users/Public/Documents/PVSDRA/Lab_3/Lab_3.sim/sim_1/behav/xsim'
Vivado Simulator 2018.2
Copyright 1986-1999, 2001-2018 Xilinx, Inc. All Rights Reserved.
Running: D:/Xilinx/Vivado/2018.2/bin/unwrapped/win64.o/xelab.exe -wto ba93bc7316ac4ceb80ae35f65eb8577a --incr --debug typical --relax --mt 2 -L xil_defaultlib -L secureip --snapshot FIR_tb_behav xil_defaultlib.FIR_tb -log elaborate.log 
Using 2 slave threads.
Starting static elaboration
Completed static elaboration
Starting simulation data flow analysis
Completed simulation data flow analysis
Time Resolution for simulation is 1ps
Compiling package std.standard
Compiling package std.textio
Compiling package ieee.std_logic_1164
Compiling package ieee.numeric_std
Compiling package std.env
Compiling package ieee.std_logic_arith
Compiling package ieee.std_logic_unsigned
Compiling architecture behavioral of entity xil_defaultlib.ROM [rom_default]
Compiling architecture behavioral of entity xil_defaultlib.FSM [fsm_default]
Compiling architecture behavioral of entity xil_defaultlib.FIR [fir_default]
Compiling architecture behavioral of entity xil_defaultlib.fir_tb
Built simulation snapshot FIR_tb_behav
INFO: [USF-XSim-69] 'elaborate' step finished in '3' seconds
Vivado Simulator 2018.2
Time resolution is 1 ps
relaunch_sim: Time (s): cpu = 00:00:01 ; elapsed = 00:00:10 . Memory (MB): peak = 917.930 ; gain = 0.000
relaunch_sim
INFO: [Vivado 12-5682] Launching behavioral simulation in 'C:/Users/Public/Documents/PVSDRA/Lab_3/Lab_3.sim/sim_1/behav/xsim'
INFO: [SIM-utils-51] Simulation object is 'sim_1'
INFO: [SIM-utils-54] Inspecting design source files for 'FIR_tb' in fileset 'sim_1'...
INFO: [USF-XSim-97] Finding global include files...
INFO: [USF-XSim-98] Fetching design files from 'sim_1'...
INFO: [USF-XSim-2] XSim::Compile design
INFO: [USF-XSim-61] Executing 'COMPILE and ANALYZE' step in 'C:/Users/Public/Documents/PVSDRA/Lab_3/Lab_3.sim/sim_1/behav/xsim'
"xvhdl --incr --relax -prj FIR_tb_vhdl.prj"
INFO: [VRFC 10-163] Analyzing VHDL file "C:/Users/Public/Documents/PVSDRA/Lab_3/Lab_3.srcs/sources_1/new/FIR.vhd" into library xil_defaultlib
INFO: [VRFC 10-307] analyzing entity FIR
INFO: [VRFC 10-163] Analyzing VHDL file "C:/Users/Public/Documents/PVSDRA/Lab_3/Lab_3.srcs/sim_1/new/FIR_tb.vhd" into library xil_defaultlib
INFO: [VRFC 10-307] analyzing entity FIR_tb
INFO: [USF-XSim-69] 'compile' step finished in '4' seconds
INFO: [Vivado 12-5682] Launching behavioral simulation in 'C:/Users/Public/Documents/PVSDRA/Lab_3/Lab_3.sim/sim_1/behav/xsim'
INFO: [USF-XSim-3] XSim::Elaborate design
INFO: [USF-XSim-61] Executing 'ELABORATE' step in 'C:/Users/Public/Documents/PVSDRA/Lab_3/Lab_3.sim/sim_1/behav/xsim'
Vivado Simulator 2018.2
Copyright 1986-1999, 2001-2018 Xilinx, Inc. All Rights Reserved.
Running: D:/Xilinx/Vivado/2018.2/bin/unwrapped/win64.o/xelab.exe -wto ba93bc7316ac4ceb80ae35f65eb8577a --incr --debug typical --relax --mt 2 -L xil_defaultlib -L secureip --snapshot FIR_tb_behav xil_defaultlib.FIR_tb -log elaborate.log 
Using 2 slave threads.
Starting static elaboration
Completed static elaboration
Starting simulation data flow analysis
Completed simulation data flow analysis
Time Resolution for simulation is 1ps
Compiling package std.standard
Compiling package std.textio
Compiling package ieee.std_logic_1164
Compiling package ieee.numeric_std
Compiling package std.env
Compiling package ieee.std_logic_arith
Compiling package ieee.std_logic_unsigned
Compiling architecture behavioral of entity xil_defaultlib.ROM [rom_default]
Compiling architecture behavioral of entity xil_defaultlib.FSM [fsm_default]
Compiling architecture behavioral of entity xil_defaultlib.FIR [fir_default]
Compiling architecture behavioral of entity xil_defaultlib.fir_tb
Built simulation snapshot FIR_tb_behav
INFO: [USF-XSim-69] 'elaborate' step finished in '3' seconds
Vivado Simulator 2018.2
Time resolution is 1 ps
relaunch_sim: Time (s): cpu = 00:00:01 ; elapsed = 00:00:10 . Memory (MB): peak = 917.930 ; gain = 0.000
relaunch_sim
INFO: [Vivado 12-5682] Launching behavioral simulation in 'C:/Users/Public/Documents/PVSDRA/Lab_3/Lab_3.sim/sim_1/behav/xsim'
INFO: [SIM-utils-51] Simulation object is 'sim_1'
INFO: [SIM-utils-54] Inspecting design source files for 'FIR_tb' in fileset 'sim_1'...
INFO: [USF-XSim-97] Finding global include files...
INFO: [USF-XSim-98] Fetching design files from 'sim_1'...
INFO: [USF-XSim-2] XSim::Compile design
INFO: [USF-XSim-61] Executing 'COMPILE and ANALYZE' step in 'C:/Users/Public/Documents/PVSDRA/Lab_3/Lab_3.sim/sim_1/behav/xsim'
"xvhdl --incr --relax -prj FIR_tb_vhdl.prj"
INFO: [VRFC 10-163] Analyzing VHDL file "C:/Users/Public/Documents/PVSDRA/Lab_3/Lab_3.srcs/sources_1/new/FIR.vhd" into library xil_defaultlib
INFO: [VRFC 10-307] analyzing entity FIR
INFO: [VRFC 10-163] Analyzing VHDL file "C:/Users/Public/Documents/PVSDRA/Lab_3/Lab_3.srcs/sim_1/new/FIR_tb.vhd" into library xil_defaultlib
INFO: [VRFC 10-307] analyzing entity FIR_tb
INFO: [USF-XSim-69] 'compile' step finished in '3' seconds
INFO: [Vivado 12-5682] Launching behavioral simulation in 'C:/Users/Public/Documents/PVSDRA/Lab_3/Lab_3.sim/sim_1/behav/xsim'
INFO: [USF-XSim-3] XSim::Elaborate design
INFO: [USF-XSim-61] Executing 'ELABORATE' step in 'C:/Users/Public/Documents/PVSDRA/Lab_3/Lab_3.sim/sim_1/behav/xsim'
Vivado Simulator 2018.2
Copyright 1986-1999, 2001-2018 Xilinx, Inc. All Rights Reserved.
Running: D:/Xilinx/Vivado/2018.2/bin/unwrapped/win64.o/xelab.exe -wto ba93bc7316ac4ceb80ae35f65eb8577a --incr --debug typical --relax --mt 2 -L xil_defaultlib -L secureip --snapshot FIR_tb_behav xil_defaultlib.FIR_tb -log elaborate.log 
Using 2 slave threads.
Starting static elaboration
Completed static elaboration
Starting simulation data flow analysis
Completed simulation data flow analysis
Time Resolution for simulation is 1ps
Compiling package std.standard
Compiling package std.textio
Compiling package ieee.std_logic_1164
Compiling package ieee.numeric_std
Compiling package std.env
Compiling package ieee.std_logic_arith
Compiling package ieee.std_logic_unsigned
Compiling architecture behavioral of entity xil_defaultlib.ROM [rom_default]
Compiling architecture behavioral of entity xil_defaultlib.FSM [fsm_default]
Compiling architecture behavioral of entity xil_defaultlib.FIR [fir_default]
Compiling architecture behavioral of entity xil_defaultlib.fir_tb
Built simulation snapshot FIR_tb_behav
INFO: [USF-XSim-69] 'elaborate' step finished in '4' seconds
Vivado Simulator 2018.2
Time resolution is 1 ps
relaunch_sim: Time (s): cpu = 00:00:01 ; elapsed = 00:00:10 . Memory (MB): peak = 917.930 ; gain = 0.000
relaunch_sim
INFO: [Vivado 12-5682] Launching behavioral simulation in 'C:/Users/Public/Documents/PVSDRA/Lab_3/Lab_3.sim/sim_1/behav/xsim'
INFO: [SIM-utils-51] Simulation object is 'sim_1'
INFO: [SIM-utils-54] Inspecting design source files for 'FIR_tb' in fileset 'sim_1'...
INFO: [USF-XSim-97] Finding global include files...
INFO: [USF-XSim-98] Fetching design files from 'sim_1'...
INFO: [USF-XSim-2] XSim::Compile design
INFO: [USF-XSim-61] Executing 'COMPILE and ANALYZE' step in 'C:/Users/Public/Documents/PVSDRA/Lab_3/Lab_3.sim/sim_1/behav/xsim'
"xvhdl --incr --relax -prj FIR_tb_vhdl.prj"
INFO: [VRFC 10-163] Analyzing VHDL file "C:/Users/Public/Documents/PVSDRA/Lab_3/Lab_3.srcs/sources_1/new/FIR.vhd" into library xil_defaultlib
INFO: [VRFC 10-307] analyzing entity FIR
INFO: [VRFC 10-163] Analyzing VHDL file "C:/Users/Public/Documents/PVSDRA/Lab_3/Lab_3.srcs/sim_1/new/FIR_tb.vhd" into library xil_defaultlib
INFO: [VRFC 10-307] analyzing entity FIR_tb
INFO: [USF-XSim-69] 'compile' step finished in '2' seconds
launch_simulation: Time (s): cpu = 00:00:00 ; elapsed = 00:00:05 . Memory (MB): peak = 917.930 ; gain = 0.000
INFO: [Vivado 12-5682] Launching behavioral simulation in 'C:/Users/Public/Documents/PVSDRA/Lab_3/Lab_3.sim/sim_1/behav/xsim'
INFO: [USF-XSim-3] XSim::Elaborate design
INFO: [USF-XSim-61] Executing 'ELABORATE' step in 'C:/Users/Public/Documents/PVSDRA/Lab_3/Lab_3.sim/sim_1/behav/xsim'
Vivado Simulator 2018.2
Copyright 1986-1999, 2001-2018 Xilinx, Inc. All Rights Reserved.
Running: D:/Xilinx/Vivado/2018.2/bin/unwrapped/win64.o/xelab.exe -wto ba93bc7316ac4ceb80ae35f65eb8577a --incr --debug typical --relax --mt 2 -L xil_defaultlib -L secureip --snapshot FIR_tb_behav xil_defaultlib.FIR_tb -log elaborate.log 
Using 2 slave threads.
Starting static elaboration
Completed static elaboration
Starting simulation data flow analysis
Completed simulation data flow analysis
Time Resolution for simulation is 1ps
Compiling package std.standard
Compiling package std.textio
Compiling package ieee.std_logic_1164
Compiling package ieee.numeric_std
Compiling package std.env
Compiling package ieee.std_logic_arith
Compiling package ieee.std_logic_unsigned
Compiling architecture behavioral of entity xil_defaultlib.ROM [rom_default]
Compiling architecture behavioral of entity xil_defaultlib.FSM [fsm_default]
Compiling architecture behavioral of entity xil_defaultlib.FIR [fir_default]
Compiling architecture behavioral of entity xil_defaultlib.fir_tb
Built simulation snapshot FIR_tb_behav
INFO: [USF-XSim-69] 'elaborate' step finished in '3' seconds
Vivado Simulator 2018.2
Time resolution is 1 ps
relaunch_sim: Time (s): cpu = 00:00:02 ; elapsed = 00:00:11 . Memory (MB): peak = 918.000 ; gain = 0.070
relaunch_sim
INFO: [Vivado 12-5682] Launching behavioral simulation in 'C:/Users/Public/Documents/PVSDRA/Lab_3/Lab_3.sim/sim_1/behav/xsim'
INFO: [SIM-utils-51] Simulation object is 'sim_1'
INFO: [SIM-utils-54] Inspecting design source files for 'FIR_tb' in fileset 'sim_1'...
INFO: [USF-XSim-97] Finding global include files...
INFO: [USF-XSim-98] Fetching design files from 'sim_1'...
INFO: [USF-XSim-2] XSim::Compile design
INFO: [USF-XSim-61] Executing 'COMPILE and ANALYZE' step in 'C:/Users/Public/Documents/PVSDRA/Lab_3/Lab_3.sim/sim_1/behav/xsim'
"xvhdl --incr --relax -prj FIR_tb_vhdl.prj"
INFO: [VRFC 10-163] Analyzing VHDL file "C:/Users/Public/Documents/PVSDRA/Lab_3/Lab_3.srcs/sources_1/new/FIR.vhd" into library xil_defaultlib
INFO: [VRFC 10-307] analyzing entity FIR
INFO: [VRFC 10-163] Analyzing VHDL file "C:/Users/Public/Documents/PVSDRA/Lab_3/Lab_3.srcs/sim_1/new/FIR_tb.vhd" into library xil_defaultlib
INFO: [VRFC 10-307] analyzing entity FIR_tb
INFO: [USF-XSim-69] 'compile' step finished in '3' seconds
INFO: [Vivado 12-5682] Launching behavioral simulation in 'C:/Users/Public/Documents/PVSDRA/Lab_3/Lab_3.sim/sim_1/behav/xsim'
INFO: [USF-XSim-3] XSim::Elaborate design
INFO: [USF-XSim-61] Executing 'ELABORATE' step in 'C:/Users/Public/Documents/PVSDRA/Lab_3/Lab_3.sim/sim_1/behav/xsim'
Vivado Simulator 2018.2
Copyright 1986-1999, 2001-2018 Xilinx, Inc. All Rights Reserved.
Running: D:/Xilinx/Vivado/2018.2/bin/unwrapped/win64.o/xelab.exe -wto ba93bc7316ac4ceb80ae35f65eb8577a --incr --debug typical --relax --mt 2 -L xil_defaultlib -L secureip --snapshot FIR_tb_behav xil_defaultlib.FIR_tb -log elaborate.log 
Using 2 slave threads.
Starting static elaboration
Completed static elaboration
Starting simulation data flow analysis
Completed simulation data flow analysis
Time Resolution for simulation is 1ps
Compiling package std.standard
Compiling package std.textio
Compiling package ieee.std_logic_1164
Compiling package ieee.numeric_std
Compiling package std.env
Compiling package ieee.std_logic_arith
Compiling package ieee.std_logic_unsigned
Compiling architecture behavioral of entity xil_defaultlib.ROM [rom_default]
Compiling architecture behavioral of entity xil_defaultlib.FSM [fsm_default]
Compiling architecture behavioral of entity xil_defaultlib.FIR [fir_default]
Compiling architecture behavioral of entity xil_defaultlib.fir_tb
Built simulation snapshot FIR_tb_behav
INFO: [USF-XSim-69] 'elaborate' step finished in '3' seconds
Vivado Simulator 2018.2
Time resolution is 1 ps
relaunch_sim: Time (s): cpu = 00:00:01 ; elapsed = 00:00:09 . Memory (MB): peak = 931.102 ; gain = 0.000
relaunch_sim
INFO: [Vivado 12-5682] Launching behavioral simulation in 'C:/Users/Public/Documents/PVSDRA/Lab_3/Lab_3.sim/sim_1/behav/xsim'
INFO: [SIM-utils-51] Simulation object is 'sim_1'
INFO: [SIM-utils-54] Inspecting design source files for 'FIR_tb' in fileset 'sim_1'...
INFO: [USF-XSim-97] Finding global include files...
INFO: [USF-XSim-98] Fetching design files from 'sim_1'...
INFO: [USF-XSim-2] XSim::Compile design
INFO: [USF-XSim-61] Executing 'COMPILE and ANALYZE' step in 'C:/Users/Public/Documents/PVSDRA/Lab_3/Lab_3.sim/sim_1/behav/xsim'
"xvhdl --incr --relax -prj FIR_tb_vhdl.prj"
INFO: [VRFC 10-163] Analyzing VHDL file "C:/Users/Public/Documents/PVSDRA/Lab_3/Lab_3.srcs/sources_1/new/FIR.vhd" into library xil_defaultlib
INFO: [VRFC 10-307] analyzing entity FIR
INFO: [VRFC 10-163] Analyzing VHDL file "C:/Users/Public/Documents/PVSDRA/Lab_3/Lab_3.srcs/sim_1/new/FIR_tb.vhd" into library xil_defaultlib
INFO: [VRFC 10-307] analyzing entity FIR_tb
INFO: [USF-XSim-69] 'compile' step finished in '4' seconds
INFO: [Vivado 12-5682] Launching behavioral simulation in 'C:/Users/Public/Documents/PVSDRA/Lab_3/Lab_3.sim/sim_1/behav/xsim'
INFO: [USF-XSim-3] XSim::Elaborate design
INFO: [USF-XSim-61] Executing 'ELABORATE' step in 'C:/Users/Public/Documents/PVSDRA/Lab_3/Lab_3.sim/sim_1/behav/xsim'
Vivado Simulator 2018.2
Copyright 1986-1999, 2001-2018 Xilinx, Inc. All Rights Reserved.
Running: D:/Xilinx/Vivado/2018.2/bin/unwrapped/win64.o/xelab.exe -wto ba93bc7316ac4ceb80ae35f65eb8577a --incr --debug typical --relax --mt 2 -L xil_defaultlib -L secureip --snapshot FIR_tb_behav xil_defaultlib.FIR_tb -log elaborate.log 
Using 2 slave threads.
Starting static elaboration
Completed static elaboration
Starting simulation data flow analysis
Completed simulation data flow analysis
Time Resolution for simulation is 1ps
Compiling package std.standard
Compiling package std.textio
Compiling package ieee.std_logic_1164
Compiling package ieee.numeric_std
Compiling package std.env
Compiling package ieee.std_logic_arith
Compiling package ieee.std_logic_unsigned
Compiling architecture behavioral of entity xil_defaultlib.ROM [rom_default]
Compiling architecture behavioral of entity xil_defaultlib.FSM [fsm_default]
Compiling architecture behavioral of entity xil_defaultlib.FIR [fir_default]
Compiling architecture behavioral of entity xil_defaultlib.fir_tb
Built simulation snapshot FIR_tb_behav
INFO: [USF-XSim-69] 'elaborate' step finished in '3' seconds
Vivado Simulator 2018.2
Time resolution is 1 ps
relaunch_sim: Time (s): cpu = 00:00:01 ; elapsed = 00:00:10 . Memory (MB): peak = 931.102 ; gain = 0.000
relaunch_sim
INFO: [Vivado 12-5682] Launching behavioral simulation in 'C:/Users/Public/Documents/PVSDRA/Lab_3/Lab_3.sim/sim_1/behav/xsim'
INFO: [SIM-utils-51] Simulation object is 'sim_1'
INFO: [SIM-utils-54] Inspecting design source files for 'FIR_tb' in fileset 'sim_1'...
INFO: [USF-XSim-97] Finding global include files...
INFO: [USF-XSim-98] Fetching design files from 'sim_1'...
INFO: [USF-XSim-2] XSim::Compile design
INFO: [USF-XSim-61] Executing 'COMPILE and ANALYZE' step in 'C:/Users/Public/Documents/PVSDRA/Lab_3/Lab_3.sim/sim_1/behav/xsim'
"xvhdl --incr --relax -prj FIR_tb_vhdl.prj"
INFO: [VRFC 10-163] Analyzing VHDL file "C:/Users/Public/Documents/PVSDRA/Lab_3/Lab_3.srcs/sim_1/new/FIR_tb.vhd" into library xil_defaultlib
INFO: [VRFC 10-307] analyzing entity FIR_tb
INFO: [USF-XSim-69] 'compile' step finished in '2' seconds
INFO: [Vivado 12-5682] Launching behavioral simulation in 'C:/Users/Public/Documents/PVSDRA/Lab_3/Lab_3.sim/sim_1/behav/xsim'
INFO: [USF-XSim-3] XSim::Elaborate design
INFO: [USF-XSim-61] Executing 'ELABORATE' step in 'C:/Users/Public/Documents/PVSDRA/Lab_3/Lab_3.sim/sim_1/behav/xsim'
Vivado Simulator 2018.2
Copyright 1986-1999, 2001-2018 Xilinx, Inc. All Rights Reserved.
Running: D:/Xilinx/Vivado/2018.2/bin/unwrapped/win64.o/xelab.exe -wto ba93bc7316ac4ceb80ae35f65eb8577a --incr --debug typical --relax --mt 2 -L xil_defaultlib -L secureip --snapshot FIR_tb_behav xil_defaultlib.FIR_tb -log elaborate.log 
Using 2 slave threads.
Starting static elaboration
WARNING: [VRFC 10-1121] no index value can belong to null index range [C:/Users/Public/Documents/PVSDRA/Lab_3/Lab_3.srcs/sources_1/new/FIR.vhd:118]
WARNING: [VRFC 10-1121] no index value can belong to null index range [C:/Users/Public/Documents/PVSDRA/Lab_3/Lab_3.srcs/sources_1/new/FIR.vhd:119]
Completed static elaboration
Starting simulation data flow analysis
Completed simulation data flow analysis
Time Resolution for simulation is 1ps
Compiling package std.standard
Compiling package std.textio
Compiling package ieee.std_logic_1164
Compiling package ieee.numeric_std
Compiling package std.env
Compiling package ieee.std_logic_arith
Compiling package ieee.std_logic_unsigned
Compiling architecture behavioral of entity xil_defaultlib.ROM [rom_default]
Compiling architecture behavioral of entity xil_defaultlib.FSM [\FSM(baat=1)\]
Compiling architecture behavioral of entity xil_defaultlib.FIR [\FIR(baat=1)\]
Compiling architecture behavioral of entity xil_defaultlib.fir_tb
Built simulation snapshot FIR_tb_behav
INFO: [USF-XSim-69] 'elaborate' step finished in '4' seconds
Vivado Simulator 2018.2
Time resolution is 1 ps
relaunch_sim: Time (s): cpu = 00:00:02 ; elapsed = 00:00:09 . Memory (MB): peak = 931.102 ; gain = 0.000
relaunch_sim
INFO: [Vivado 12-5682] Launching behavioral simulation in 'C:/Users/Public/Documents/PVSDRA/Lab_3/Lab_3.sim/sim_1/behav/xsim'
INFO: [SIM-utils-51] Simulation object is 'sim_1'
INFO: [SIM-utils-54] Inspecting design source files for 'FIR_tb' in fileset 'sim_1'...
INFO: [USF-XSim-97] Finding global include files...
INFO: [USF-XSim-98] Fetching design files from 'sim_1'...
INFO: [USF-XSim-2] XSim::Compile design
INFO: [USF-XSim-61] Executing 'COMPILE and ANALYZE' step in 'C:/Users/Public/Documents/PVSDRA/Lab_3/Lab_3.sim/sim_1/behav/xsim'
"xvhdl --incr --relax -prj FIR_tb_vhdl.prj"
INFO: [VRFC 10-163] Analyzing VHDL file "C:/Users/Public/Documents/PVSDRA/Lab_3/Lab_3.srcs/sources_1/new/FIR.vhd" into library xil_defaultlib
INFO: [VRFC 10-307] analyzing entity FIR
INFO: [VRFC 10-163] Analyzing VHDL file "C:/Users/Public/Documents/PVSDRA/Lab_3/Lab_3.srcs/sim_1/new/FIR_tb.vhd" into library xil_defaultlib
INFO: [VRFC 10-307] analyzing entity FIR_tb
INFO: [USF-XSim-69] 'compile' step finished in '3' seconds
INFO: [Vivado 12-5682] Launching behavioral simulation in 'C:/Users/Public/Documents/PVSDRA/Lab_3/Lab_3.sim/sim_1/behav/xsim'
INFO: [USF-XSim-3] XSim::Elaborate design
INFO: [USF-XSim-61] Executing 'ELABORATE' step in 'C:/Users/Public/Documents/PVSDRA/Lab_3/Lab_3.sim/sim_1/behav/xsim'
Vivado Simulator 2018.2
Copyright 1986-1999, 2001-2018 Xilinx, Inc. All Rights Reserved.
Running: D:/Xilinx/Vivado/2018.2/bin/unwrapped/win64.o/xelab.exe -wto ba93bc7316ac4ceb80ae35f65eb8577a --incr --debug typical --relax --mt 2 -L xil_defaultlib -L secureip --snapshot FIR_tb_behav xil_defaultlib.FIR_tb -log elaborate.log 
Using 2 slave threads.
Starting static elaboration
Completed static elaboration
Starting simulation data flow analysis
Completed simulation data flow analysis
Time Resolution for simulation is 1ps
Compiling package std.standard
Compiling package std.textio
Compiling package ieee.std_logic_1164
Compiling package ieee.numeric_std
Compiling package std.env
Compiling package ieee.std_logic_arith
Compiling package ieee.std_logic_unsigned
Compiling architecture behavioral of entity xil_defaultlib.ROM [rom_default]
Compiling architecture behavioral of entity xil_defaultlib.FSM [fsm_default]
Compiling architecture behavioral of entity xil_defaultlib.FIR [fir_default]
Compiling architecture behavioral of entity xil_defaultlib.fir_tb
Built simulation snapshot FIR_tb_behav
INFO: [USF-XSim-69] 'elaborate' step finished in '3' seconds
Vivado Simulator 2018.2
Time resolution is 1 ps
ERROR: Index 2 out of bound 0 to 1
Time: 44 ns  Iteration: 4  Process: /FIR_tb/uut/sum_comb
  File: C:/Users/Public/Documents/PVSDRA/Lab_3/Lab_3.srcs/sources_1/new/FIR.vhd

HDL Line: C:/Users/Public/Documents/PVSDRA/Lab_3/Lab_3.srcs/sources_1/new/FIR.vhd:118
relaunch_sim: Time (s): cpu = 00:00:01 ; elapsed = 00:00:10 . Memory (MB): peak = 931.102 ; gain = 0.000
relaunch_sim
INFO: [Vivado 12-5682] Launching behavioral simulation in 'C:/Users/Public/Documents/PVSDRA/Lab_3/Lab_3.sim/sim_1/behav/xsim'
INFO: [SIM-utils-51] Simulation object is 'sim_1'
INFO: [SIM-utils-54] Inspecting design source files for 'FIR_tb' in fileset 'sim_1'...
INFO: [USF-XSim-97] Finding global include files...
INFO: [USF-XSim-98] Fetching design files from 'sim_1'...
INFO: [USF-XSim-2] XSim::Compile design
INFO: [USF-XSim-61] Executing 'COMPILE and ANALYZE' step in 'C:/Users/Public/Documents/PVSDRA/Lab_3/Lab_3.sim/sim_1/behav/xsim'
"xvhdl --incr --relax -prj FIR_tb_vhdl.prj"
INFO: [VRFC 10-163] Analyzing VHDL file "C:/Users/Public/Documents/PVSDRA/Lab_3/Lab_3.srcs/sources_1/new/FIR.vhd" into library xil_defaultlib
INFO: [VRFC 10-307] analyzing entity FIR
INFO: [VRFC 10-163] Analyzing VHDL file "C:/Users/Public/Documents/PVSDRA/Lab_3/Lab_3.srcs/sim_1/new/FIR_tb.vhd" into library xil_defaultlib
INFO: [VRFC 10-307] analyzing entity FIR_tb
INFO: [USF-XSim-69] 'compile' step finished in '3' seconds
INFO: [Vivado 12-5682] Launching behavioral simulation in 'C:/Users/Public/Documents/PVSDRA/Lab_3/Lab_3.sim/sim_1/behav/xsim'
INFO: [USF-XSim-3] XSim::Elaborate design
INFO: [USF-XSim-61] Executing 'ELABORATE' step in 'C:/Users/Public/Documents/PVSDRA/Lab_3/Lab_3.sim/sim_1/behav/xsim'
Vivado Simulator 2018.2
Copyright 1986-1999, 2001-2018 Xilinx, Inc. All Rights Reserved.
Running: D:/Xilinx/Vivado/2018.2/bin/unwrapped/win64.o/xelab.exe -wto ba93bc7316ac4ceb80ae35f65eb8577a --incr --debug typical --relax --mt 2 -L xil_defaultlib -L secureip --snapshot FIR_tb_behav xil_defaultlib.FIR_tb -log elaborate.log 
Using 2 slave threads.
Starting static elaboration
Completed static elaboration
Starting simulation data flow analysis
Completed simulation data flow analysis
Time Resolution for simulation is 1ps
Compiling package std.standard
Compiling package std.textio
Compiling package ieee.std_logic_1164
Compiling package ieee.numeric_std
Compiling package std.env
Compiling package ieee.std_logic_arith
Compiling package ieee.std_logic_unsigned
Compiling architecture behavioral of entity xil_defaultlib.ROM [rom_default]
Compiling architecture behavioral of entity xil_defaultlib.FSM [fsm_default]
Compiling architecture behavioral of entity xil_defaultlib.FIR [fir_default]
Compiling architecture behavioral of entity xil_defaultlib.fir_tb
Built simulation snapshot FIR_tb_behav
INFO: [USF-XSim-69] 'elaborate' step finished in '4' seconds
Vivado Simulator 2018.2
Time resolution is 1 ps
ERROR: Index 2 out of bound 0 to 1
Time: 44 ns  Iteration: 4  Process: /FIR_tb/uut/sum_comb
  File: C:/Users/Public/Documents/PVSDRA/Lab_3/Lab_3.srcs/sources_1/new/FIR.vhd

HDL Line: C:/Users/Public/Documents/PVSDRA/Lab_3/Lab_3.srcs/sources_1/new/FIR.vhd:118
relaunch_sim: Time (s): cpu = 00:00:01 ; elapsed = 00:00:09 . Memory (MB): peak = 931.102 ; gain = 0.000
relaunch_sim
INFO: [Vivado 12-5682] Launching behavioral simulation in 'C:/Users/Public/Documents/PVSDRA/Lab_3/Lab_3.sim/sim_1/behav/xsim'
INFO: [SIM-utils-51] Simulation object is 'sim_1'
INFO: [SIM-utils-54] Inspecting design source files for 'FIR_tb' in fileset 'sim_1'...
INFO: [USF-XSim-97] Finding global include files...
INFO: [USF-XSim-98] Fetching design files from 'sim_1'...
INFO: [USF-XSim-2] XSim::Compile design
INFO: [USF-XSim-61] Executing 'COMPILE and ANALYZE' step in 'C:/Users/Public/Documents/PVSDRA/Lab_3/Lab_3.sim/sim_1/behav/xsim'
"xvhdl --incr --relax -prj FIR_tb_vhdl.prj"
INFO: [VRFC 10-163] Analyzing VHDL file "C:/Users/Public/Documents/PVSDRA/Lab_3/Lab_3.srcs/sources_1/new/FIR.vhd" into library xil_defaultlib
INFO: [VRFC 10-307] analyzing entity FIR
INFO: [VRFC 10-163] Analyzing VHDL file "C:/Users/Public/Documents/PVSDRA/Lab_3/Lab_3.srcs/sim_1/new/FIR_tb.vhd" into library xil_defaultlib
INFO: [VRFC 10-307] analyzing entity FIR_tb
INFO: [USF-XSim-69] 'compile' step finished in '3' seconds
launch_simulation: Time (s): cpu = 00:00:00 ; elapsed = 00:00:05 . Memory (MB): peak = 931.102 ; gain = 0.000
INFO: [Vivado 12-5682] Launching behavioral simulation in 'C:/Users/Public/Documents/PVSDRA/Lab_3/Lab_3.sim/sim_1/behav/xsim'
INFO: [USF-XSim-3] XSim::Elaborate design
INFO: [USF-XSim-61] Executing 'ELABORATE' step in 'C:/Users/Public/Documents/PVSDRA/Lab_3/Lab_3.sim/sim_1/behav/xsim'
Vivado Simulator 2018.2
Copyright 1986-1999, 2001-2018 Xilinx, Inc. All Rights Reserved.
Running: D:/Xilinx/Vivado/2018.2/bin/unwrapped/win64.o/xelab.exe -wto ba93bc7316ac4ceb80ae35f65eb8577a --incr --debug typical --relax --mt 2 -L xil_defaultlib -L secureip --snapshot FIR_tb_behav xil_defaultlib.FIR_tb -log elaborate.log 
Using 2 slave threads.
Starting static elaboration
Completed static elaboration
Starting simulation data flow analysis
Completed simulation data flow analysis
Time Resolution for simulation is 1ps
Compiling package std.standard
Compiling package std.textio
Compiling package ieee.std_logic_1164
Compiling package ieee.numeric_std
Compiling package std.env
Compiling package ieee.std_logic_arith
Compiling package ieee.std_logic_unsigned
Compiling architecture behavioral of entity xil_defaultlib.ROM [rom_default]
Compiling architecture behavioral of entity xil_defaultlib.FSM [fsm_default]
Compiling architecture behavioral of entity xil_defaultlib.FIR [fir_default]
Compiling architecture behavioral of entity xil_defaultlib.fir_tb
Built simulation snapshot FIR_tb_behav
INFO: [USF-XSim-69] 'elaborate' step finished in '3' seconds
Vivado Simulator 2018.2
Time resolution is 1 ps
relaunch_sim: Time (s): cpu = 00:00:02 ; elapsed = 00:00:11 . Memory (MB): peak = 931.102 ; gain = 0.000
relaunch_sim
INFO: [Vivado 12-5682] Launching behavioral simulation in 'C:/Users/Public/Documents/PVSDRA/Lab_3/Lab_3.sim/sim_1/behav/xsim'
INFO: [SIM-utils-51] Simulation object is 'sim_1'
INFO: [SIM-utils-54] Inspecting design source files for 'FIR_tb' in fileset 'sim_1'...
INFO: [USF-XSim-97] Finding global include files...
INFO: [USF-XSim-98] Fetching design files from 'sim_1'...
INFO: [USF-XSim-2] XSim::Compile design
INFO: [USF-XSim-61] Executing 'COMPILE and ANALYZE' step in 'C:/Users/Public/Documents/PVSDRA/Lab_3/Lab_3.sim/sim_1/behav/xsim'
"xvhdl --incr --relax -prj FIR_tb_vhdl.prj"
INFO: [VRFC 10-163] Analyzing VHDL file "C:/Users/Public/Documents/PVSDRA/Lab_3/Lab_3.srcs/sim_1/new/FIR_tb.vhd" into library xil_defaultlib
INFO: [VRFC 10-307] analyzing entity FIR_tb
INFO: [USF-XSim-69] 'compile' step finished in '3' seconds
INFO: [Vivado 12-5682] Launching behavioral simulation in 'C:/Users/Public/Documents/PVSDRA/Lab_3/Lab_3.sim/sim_1/behav/xsim'
INFO: [USF-XSim-3] XSim::Elaborate design
INFO: [USF-XSim-61] Executing 'ELABORATE' step in 'C:/Users/Public/Documents/PVSDRA/Lab_3/Lab_3.sim/sim_1/behav/xsim'
Vivado Simulator 2018.2
Copyright 1986-1999, 2001-2018 Xilinx, Inc. All Rights Reserved.
Running: D:/Xilinx/Vivado/2018.2/bin/unwrapped/win64.o/xelab.exe -wto ba93bc7316ac4ceb80ae35f65eb8577a --incr --debug typical --relax --mt 2 -L xil_defaultlib -L secureip --snapshot FIR_tb_behav xil_defaultlib.FIR_tb -log elaborate.log 
Using 2 slave threads.
Starting static elaboration
WARNING: [VRFC 10-1121] no index value can belong to null index range [C:/Users/Public/Documents/PVSDRA/Lab_3/Lab_3.srcs/sources_1/new/FIR.vhd:118]
WARNING: [VRFC 10-1121] no index value can belong to null index range [C:/Users/Public/Documents/PVSDRA/Lab_3/Lab_3.srcs/sources_1/new/FIR.vhd:119]
Completed static elaboration
Starting simulation data flow analysis
Completed simulation data flow analysis
Time Resolution for simulation is 1ps
Compiling package std.standard
Compiling package std.textio
Compiling package ieee.std_logic_1164
Compiling package ieee.numeric_std
Compiling package std.env
Compiling package ieee.std_logic_arith
Compiling package ieee.std_logic_unsigned
Compiling architecture behavioral of entity xil_defaultlib.ROM [rom_default]
Compiling architecture behavioral of entity xil_defaultlib.FSM [\FSM(baat=1)\]
Compiling architecture behavioral of entity xil_defaultlib.FIR [\FIR(baat=1)\]
Compiling architecture behavioral of entity xil_defaultlib.fir_tb
Built simulation snapshot FIR_tb_behav
INFO: [USF-XSim-69] 'elaborate' step finished in '3' seconds
Vivado Simulator 2018.2
Time resolution is 1 ps
relaunch_sim: Time (s): cpu = 00:00:01 ; elapsed = 00:00:10 . Memory (MB): peak = 931.102 ; gain = 0.000
relaunch_sim
INFO: [Vivado 12-5682] Launching behavioral simulation in 'C:/Users/Public/Documents/PVSDRA/Lab_3/Lab_3.sim/sim_1/behav/xsim'
INFO: [SIM-utils-51] Simulation object is 'sim_1'
INFO: [SIM-utils-54] Inspecting design source files for 'FIR_tb' in fileset 'sim_1'...
INFO: [USF-XSim-97] Finding global include files...
INFO: [USF-XSim-98] Fetching design files from 'sim_1'...
INFO: [USF-XSim-2] XSim::Compile design
INFO: [USF-XSim-61] Executing 'COMPILE and ANALYZE' step in 'C:/Users/Public/Documents/PVSDRA/Lab_3/Lab_3.sim/sim_1/behav/xsim'
"xvhdl --incr --relax -prj FIR_tb_vhdl.prj"
INFO: [VRFC 10-163] Analyzing VHDL file "C:/Users/Public/Documents/PVSDRA/Lab_3/Lab_3.srcs/sources_1/new/FIR.vhd" into library xil_defaultlib
INFO: [VRFC 10-307] analyzing entity FIR
INFO: [VRFC 10-163] Analyzing VHDL file "C:/Users/Public/Documents/PVSDRA/Lab_3/Lab_3.srcs/sim_1/new/FIR_tb.vhd" into library xil_defaultlib
INFO: [VRFC 10-307] analyzing entity FIR_tb
INFO: [USF-XSim-69] 'compile' step finished in '3' seconds
INFO: [Vivado 12-5682] Launching behavioral simulation in 'C:/Users/Public/Documents/PVSDRA/Lab_3/Lab_3.sim/sim_1/behav/xsim'
INFO: [USF-XSim-3] XSim::Elaborate design
INFO: [USF-XSim-61] Executing 'ELABORATE' step in 'C:/Users/Public/Documents/PVSDRA/Lab_3/Lab_3.sim/sim_1/behav/xsim'
Vivado Simulator 2018.2
Copyright 1986-1999, 2001-2018 Xilinx, Inc. All Rights Reserved.
Running: D:/Xilinx/Vivado/2018.2/bin/unwrapped/win64.o/xelab.exe -wto ba93bc7316ac4ceb80ae35f65eb8577a --incr --debug typical --relax --mt 2 -L xil_defaultlib -L secureip --snapshot FIR_tb_behav xil_defaultlib.FIR_tb -log elaborate.log 
Using 2 slave threads.
Starting static elaboration
Completed static elaboration
Starting simulation data flow analysis
Completed simulation data flow analysis
Time Resolution for simulation is 1ps
Compiling package std.standard
Compiling package std.textio
Compiling package ieee.std_logic_1164
Compiling package ieee.numeric_std
Compiling package std.env
Compiling package ieee.std_logic_arith
Compiling package ieee.std_logic_unsigned
Compiling architecture behavioral of entity xil_defaultlib.ROM [rom_default]
Compiling architecture behavioral of entity xil_defaultlib.FSM [fsm_default]
Compiling architecture behavioral of entity xil_defaultlib.FIR [fir_default]
Compiling architecture behavioral of entity xil_defaultlib.fir_tb
Built simulation snapshot FIR_tb_behav
INFO: [USF-XSim-69] 'elaborate' step finished in '3' seconds
Vivado Simulator 2018.2
Time resolution is 1 ps
ERROR: Index 2 out of bound 0 to 1
Time: 44 ns  Iteration: 4  Process: /FIR_tb/uut/sum_comb
  File: C:/Users/Public/Documents/PVSDRA/Lab_3/Lab_3.srcs/sources_1/new/FIR.vhd

HDL Line: C:/Users/Public/Documents/PVSDRA/Lab_3/Lab_3.srcs/sources_1/new/FIR.vhd:118
relaunch_sim: Time (s): cpu = 00:00:02 ; elapsed = 00:00:11 . Memory (MB): peak = 931.102 ; gain = 0.000
relaunch_sim
INFO: [Vivado 12-5682] Launching behavioral simulation in 'C:/Users/Public/Documents/PVSDRA/Lab_3/Lab_3.sim/sim_1/behav/xsim'
INFO: [SIM-utils-51] Simulation object is 'sim_1'
INFO: [SIM-utils-54] Inspecting design source files for 'FIR_tb' in fileset 'sim_1'...
INFO: [USF-XSim-97] Finding global include files...
INFO: [USF-XSim-98] Fetching design files from 'sim_1'...
INFO: [USF-XSim-2] XSim::Compile design
INFO: [USF-XSim-61] Executing 'COMPILE and ANALYZE' step in 'C:/Users/Public/Documents/PVSDRA/Lab_3/Lab_3.sim/sim_1/behav/xsim'
"xvhdl --incr --relax -prj FIR_tb_vhdl.prj"
INFO: [VRFC 10-163] Analyzing VHDL file "C:/Users/Public/Documents/PVSDRA/Lab_3/Lab_3.srcs/sources_1/new/FIR.vhd" into library xil_defaultlib
INFO: [VRFC 10-307] analyzing entity FIR
INFO: [VRFC 10-163] Analyzing VHDL file "C:/Users/Public/Documents/PVSDRA/Lab_3/Lab_3.srcs/sim_1/new/FIR_tb.vhd" into library xil_defaultlib
INFO: [VRFC 10-307] analyzing entity FIR_tb
INFO: [USF-XSim-69] 'compile' step finished in '3' seconds
INFO: [Vivado 12-5682] Launching behavioral simulation in 'C:/Users/Public/Documents/PVSDRA/Lab_3/Lab_3.sim/sim_1/behav/xsim'
INFO: [USF-XSim-3] XSim::Elaborate design
INFO: [USF-XSim-61] Executing 'ELABORATE' step in 'C:/Users/Public/Documents/PVSDRA/Lab_3/Lab_3.sim/sim_1/behav/xsim'
Vivado Simulator 2018.2
Copyright 1986-1999, 2001-2018 Xilinx, Inc. All Rights Reserved.
Running: D:/Xilinx/Vivado/2018.2/bin/unwrapped/win64.o/xelab.exe -wto ba93bc7316ac4ceb80ae35f65eb8577a --incr --debug typical --relax --mt 2 -L xil_defaultlib -L secureip --snapshot FIR_tb_behav xil_defaultlib.FIR_tb -log elaborate.log 
Using 2 slave threads.
Starting static elaboration
Completed static elaboration
Starting simulation data flow analysis
Completed simulation data flow analysis
Time Resolution for simulation is 1ps
Compiling package std.standard
Compiling package std.textio
Compiling package ieee.std_logic_1164
Compiling package ieee.numeric_std
Compiling package std.env
Compiling package ieee.std_logic_arith
Compiling package ieee.std_logic_unsigned
Compiling architecture behavioral of entity xil_defaultlib.ROM [rom_default]
Compiling architecture behavioral of entity xil_defaultlib.FSM [fsm_default]
Compiling architecture behavioral of entity xil_defaultlib.FIR [fir_default]
Compiling architecture behavioral of entity xil_defaultlib.fir_tb
Built simulation snapshot FIR_tb_behav
INFO: [USF-XSim-69] 'elaborate' step finished in '4' seconds
Vivado Simulator 2018.2
Time resolution is 1 ps
ERROR: Index 2 out of bound 0 to 1
Time: 44 ns  Iteration: 4  Process: /FIR_tb/uut/sum_comb
  File: C:/Users/Public/Documents/PVSDRA/Lab_3/Lab_3.srcs/sources_1/new/FIR.vhd

HDL Line: C:/Users/Public/Documents/PVSDRA/Lab_3/Lab_3.srcs/sources_1/new/FIR.vhd:118
relaunch_sim: Time (s): cpu = 00:00:01 ; elapsed = 00:00:09 . Memory (MB): peak = 931.102 ; gain = 0.000
relaunch_sim
INFO: [Vivado 12-5682] Launching behavioral simulation in 'C:/Users/Public/Documents/PVSDRA/Lab_3/Lab_3.sim/sim_1/behav/xsim'
INFO: [SIM-utils-51] Simulation object is 'sim_1'
INFO: [SIM-utils-54] Inspecting design source files for 'FIR_tb' in fileset 'sim_1'...
INFO: [USF-XSim-97] Finding global include files...
INFO: [USF-XSim-98] Fetching design files from 'sim_1'...
INFO: [USF-XSim-2] XSim::Compile design
INFO: [USF-XSim-61] Executing 'COMPILE and ANALYZE' step in 'C:/Users/Public/Documents/PVSDRA/Lab_3/Lab_3.sim/sim_1/behav/xsim'
"xvhdl --incr --relax -prj FIR_tb_vhdl.prj"
INFO: [VRFC 10-163] Analyzing VHDL file "C:/Users/Public/Documents/PVSDRA/Lab_3/Lab_3.srcs/sources_1/new/FIR.vhd" into library xil_defaultlib
INFO: [VRFC 10-307] analyzing entity FIR
INFO: [VRFC 10-163] Analyzing VHDL file "C:/Users/Public/Documents/PVSDRA/Lab_3/Lab_3.srcs/sim_1/new/FIR_tb.vhd" into library xil_defaultlib
INFO: [VRFC 10-307] analyzing entity FIR_tb
INFO: [USF-XSim-69] 'compile' step finished in '4' seconds
INFO: [Vivado 12-5682] Launching behavioral simulation in 'C:/Users/Public/Documents/PVSDRA/Lab_3/Lab_3.sim/sim_1/behav/xsim'
INFO: [USF-XSim-3] XSim::Elaborate design
INFO: [USF-XSim-61] Executing 'ELABORATE' step in 'C:/Users/Public/Documents/PVSDRA/Lab_3/Lab_3.sim/sim_1/behav/xsim'
Vivado Simulator 2018.2
Copyright 1986-1999, 2001-2018 Xilinx, Inc. All Rights Reserved.
Running: D:/Xilinx/Vivado/2018.2/bin/unwrapped/win64.o/xelab.exe -wto ba93bc7316ac4ceb80ae35f65eb8577a --incr --debug typical --relax --mt 2 -L xil_defaultlib -L secureip --snapshot FIR_tb_behav xil_defaultlib.FIR_tb -log elaborate.log 
Using 2 slave threads.
Starting static elaboration
Completed static elaboration
Starting simulation data flow analysis
Completed simulation data flow analysis
Time Resolution for simulation is 1ps
Compiling package std.standard
Compiling package std.textio
Compiling package ieee.std_logic_1164
Compiling package ieee.numeric_std
Compiling package std.env
Compiling package ieee.std_logic_arith
Compiling package ieee.std_logic_unsigned
Compiling architecture behavioral of entity xil_defaultlib.ROM [rom_default]
Compiling architecture behavioral of entity xil_defaultlib.FSM [fsm_default]
Compiling architecture behavioral of entity xil_defaultlib.FIR [fir_default]
Compiling architecture behavioral of entity xil_defaultlib.fir_tb
Built simulation snapshot FIR_tb_behav
INFO: [USF-XSim-69] 'elaborate' step finished in '3' seconds
Vivado Simulator 2018.2
Time resolution is 1 ps
relaunch_sim: Time (s): cpu = 00:00:01 ; elapsed = 00:00:10 . Memory (MB): peak = 931.102 ; gain = 0.000
relaunch_sim
INFO: [Vivado 12-5682] Launching behavioral simulation in 'C:/Users/Public/Documents/PVSDRA/Lab_3/Lab_3.sim/sim_1/behav/xsim'
INFO: [SIM-utils-51] Simulation object is 'sim_1'
INFO: [SIM-utils-54] Inspecting design source files for 'FIR_tb' in fileset 'sim_1'...
INFO: [USF-XSim-97] Finding global include files...
INFO: [USF-XSim-98] Fetching design files from 'sim_1'...
INFO: [USF-XSim-2] XSim::Compile design
INFO: [USF-XSim-61] Executing 'COMPILE and ANALYZE' step in 'C:/Users/Public/Documents/PVSDRA/Lab_3/Lab_3.sim/sim_1/behav/xsim'
"xvhdl --incr --relax -prj FIR_tb_vhdl.prj"
INFO: [VRFC 10-163] Analyzing VHDL file "C:/Users/Public/Documents/PVSDRA/Lab_3/Lab_3.srcs/sources_1/new/FIR.vhd" into library xil_defaultlib
INFO: [VRFC 10-307] analyzing entity FIR
INFO: [VRFC 10-163] Analyzing VHDL file "C:/Users/Public/Documents/PVSDRA/Lab_3/Lab_3.srcs/sim_1/new/FIR_tb.vhd" into library xil_defaultlib
INFO: [VRFC 10-307] analyzing entity FIR_tb
INFO: [USF-XSim-69] 'compile' step finished in '3' seconds
INFO: [Vivado 12-5682] Launching behavioral simulation in 'C:/Users/Public/Documents/PVSDRA/Lab_3/Lab_3.sim/sim_1/behav/xsim'
INFO: [USF-XSim-3] XSim::Elaborate design
INFO: [USF-XSim-61] Executing 'ELABORATE' step in 'C:/Users/Public/Documents/PVSDRA/Lab_3/Lab_3.sim/sim_1/behav/xsim'
Vivado Simulator 2018.2
Copyright 1986-1999, 2001-2018 Xilinx, Inc. All Rights Reserved.
Running: D:/Xilinx/Vivado/2018.2/bin/unwrapped/win64.o/xelab.exe -wto ba93bc7316ac4ceb80ae35f65eb8577a --incr --debug typical --relax --mt 2 -L xil_defaultlib -L secureip --snapshot FIR_tb_behav xil_defaultlib.FIR_tb -log elaborate.log 
Using 2 slave threads.
Starting static elaboration
Completed static elaboration
Starting simulation data flow analysis
Completed simulation data flow analysis
Time Resolution for simulation is 1ps
Compiling package std.standard
Compiling package std.textio
Compiling package ieee.std_logic_1164
Compiling package ieee.numeric_std
Compiling package std.env
Compiling package ieee.std_logic_arith
Compiling package ieee.std_logic_unsigned
Compiling architecture behavioral of entity xil_defaultlib.ROM [rom_default]
Compiling architecture behavioral of entity xil_defaultlib.FSM [fsm_default]
Compiling architecture behavioral of entity xil_defaultlib.FIR [fir_default]
Compiling architecture behavioral of entity xil_defaultlib.fir_tb
Built simulation snapshot FIR_tb_behav
INFO: [USF-XSim-69] 'elaborate' step finished in '4' seconds
Vivado Simulator 2018.2
Time resolution is 1 ps
relaunch_sim: Time (s): cpu = 00:00:01 ; elapsed = 00:00:09 . Memory (MB): peak = 931.102 ; gain = 0.000
relaunch_sim
INFO: [Vivado 12-5682] Launching behavioral simulation in 'C:/Users/Public/Documents/PVSDRA/Lab_3/Lab_3.sim/sim_1/behav/xsim'
INFO: [SIM-utils-51] Simulation object is 'sim_1'
INFO: [SIM-utils-54] Inspecting design source files for 'FIR_tb' in fileset 'sim_1'...
INFO: [USF-XSim-97] Finding global include files...
INFO: [USF-XSim-98] Fetching design files from 'sim_1'...
INFO: [USF-XSim-2] XSim::Compile design
INFO: [USF-XSim-61] Executing 'COMPILE and ANALYZE' step in 'C:/Users/Public/Documents/PVSDRA/Lab_3/Lab_3.sim/sim_1/behav/xsim'
"xvhdl --incr --relax -prj FIR_tb_vhdl.prj"
INFO: [VRFC 10-163] Analyzing VHDL file "C:/Users/Public/Documents/PVSDRA/Lab_3/Lab_3.srcs/sources_1/new/FIR.vhd" into library xil_defaultlib
INFO: [VRFC 10-307] analyzing entity FIR
INFO: [VRFC 10-163] Analyzing VHDL file "C:/Users/Public/Documents/PVSDRA/Lab_3/Lab_3.srcs/sim_1/new/FIR_tb.vhd" into library xil_defaultlib
INFO: [VRFC 10-307] analyzing entity FIR_tb
INFO: [USF-XSim-69] 'compile' step finished in '3' seconds
launch_simulation: Time (s): cpu = 00:00:00 ; elapsed = 00:00:05 . Memory (MB): peak = 931.102 ; gain = 0.000
INFO: [Vivado 12-5682] Launching behavioral simulation in 'C:/Users/Public/Documents/PVSDRA/Lab_3/Lab_3.sim/sim_1/behav/xsim'
INFO: [USF-XSim-3] XSim::Elaborate design
INFO: [USF-XSim-61] Executing 'ELABORATE' step in 'C:/Users/Public/Documents/PVSDRA/Lab_3/Lab_3.sim/sim_1/behav/xsim'
Vivado Simulator 2018.2
Copyright 1986-1999, 2001-2018 Xilinx, Inc. All Rights Reserved.
Running: D:/Xilinx/Vivado/2018.2/bin/unwrapped/win64.o/xelab.exe -wto ba93bc7316ac4ceb80ae35f65eb8577a --incr --debug typical --relax --mt 2 -L xil_defaultlib -L secureip --snapshot FIR_tb_behav xil_defaultlib.FIR_tb -log elaborate.log 
Using 2 slave threads.
Starting static elaboration
Completed static elaboration
Starting simulation data flow analysis
Completed simulation data flow analysis
Time Resolution for simulation is 1ps
Compiling package std.standard
Compiling package std.textio
Compiling package ieee.std_logic_1164
Compiling package ieee.numeric_std
Compiling package std.env
Compiling package ieee.std_logic_arith
Compiling package ieee.std_logic_unsigned
Compiling architecture behavioral of entity xil_defaultlib.ROM [rom_default]
Compiling architecture behavioral of entity xil_defaultlib.FSM [fsm_default]
Compiling architecture behavioral of entity xil_defaultlib.FIR [fir_default]
Compiling architecture behavioral of entity xil_defaultlib.fir_tb
Built simulation snapshot FIR_tb_behav
INFO: [USF-XSim-69] 'elaborate' step finished in '3' seconds
Vivado Simulator 2018.2
Time resolution is 1 ps
relaunch_sim: Time (s): cpu = 00:00:02 ; elapsed = 00:00:11 . Memory (MB): peak = 931.102 ; gain = 0.000
relaunch_sim
INFO: [Vivado 12-5682] Launching behavioral simulation in 'C:/Users/Public/Documents/PVSDRA/Lab_3/Lab_3.sim/sim_1/behav/xsim'
INFO: [SIM-utils-51] Simulation object is 'sim_1'
INFO: [SIM-utils-54] Inspecting design source files for 'FIR_tb' in fileset 'sim_1'...
INFO: [USF-XSim-97] Finding global include files...
INFO: [USF-XSim-98] Fetching design files from 'sim_1'...
INFO: [USF-XSim-2] XSim::Compile design
INFO: [USF-XSim-61] Executing 'COMPILE and ANALYZE' step in 'C:/Users/Public/Documents/PVSDRA/Lab_3/Lab_3.sim/sim_1/behav/xsim'
"xvhdl --incr --relax -prj FIR_tb_vhdl.prj"
INFO: [VRFC 10-163] Analyzing VHDL file "C:/Users/Public/Documents/PVSDRA/Lab_3/Lab_3.srcs/sources_1/new/FIR.vhd" into library xil_defaultlib
INFO: [VRFC 10-307] analyzing entity FIR
INFO: [VRFC 10-163] Analyzing VHDL file "C:/Users/Public/Documents/PVSDRA/Lab_3/Lab_3.srcs/sim_1/new/FIR_tb.vhd" into library xil_defaultlib
INFO: [VRFC 10-307] analyzing entity FIR_tb
INFO: [USF-XSim-69] 'compile' step finished in '3' seconds
INFO: [Vivado 12-5682] Launching behavioral simulation in 'C:/Users/Public/Documents/PVSDRA/Lab_3/Lab_3.sim/sim_1/behav/xsim'
INFO: [USF-XSim-3] XSim::Elaborate design
INFO: [USF-XSim-61] Executing 'ELABORATE' step in 'C:/Users/Public/Documents/PVSDRA/Lab_3/Lab_3.sim/sim_1/behav/xsim'
Vivado Simulator 2018.2
Copyright 1986-1999, 2001-2018 Xilinx, Inc. All Rights Reserved.
Running: D:/Xilinx/Vivado/2018.2/bin/unwrapped/win64.o/xelab.exe -wto ba93bc7316ac4ceb80ae35f65eb8577a --incr --debug typical --relax --mt 2 -L xil_defaultlib -L secureip --snapshot FIR_tb_behav xil_defaultlib.FIR_tb -log elaborate.log 
Using 2 slave threads.
Starting static elaboration
Completed static elaboration
Starting simulation data flow analysis
Completed simulation data flow analysis
Time Resolution for simulation is 1ps
Compiling package std.standard
Compiling package std.textio
Compiling package ieee.std_logic_1164
Compiling package ieee.numeric_std
Compiling package std.env
Compiling package ieee.std_logic_arith
Compiling package ieee.std_logic_unsigned
Compiling architecture behavioral of entity xil_defaultlib.ROM [rom_default]
Compiling architecture behavioral of entity xil_defaultlib.FSM [fsm_default]
Compiling architecture behavioral of entity xil_defaultlib.FIR [fir_default]
Compiling architecture behavioral of entity xil_defaultlib.fir_tb
Built simulation snapshot FIR_tb_behav
INFO: [USF-XSim-69] 'elaborate' step finished in '3' seconds
Vivado Simulator 2018.2
Time resolution is 1 ps
relaunch_sim: Time (s): cpu = 00:00:02 ; elapsed = 00:00:09 . Memory (MB): peak = 931.102 ; gain = 0.000
relaunch_sim
INFO: [Vivado 12-5682] Launching behavioral simulation in 'C:/Users/Public/Documents/PVSDRA/Lab_3/Lab_3.sim/sim_1/behav/xsim'
INFO: [SIM-utils-51] Simulation object is 'sim_1'
INFO: [SIM-utils-54] Inspecting design source files for 'FIR_tb' in fileset 'sim_1'...
INFO: [USF-XSim-97] Finding global include files...
INFO: [USF-XSim-98] Fetching design files from 'sim_1'...
INFO: [USF-XSim-2] XSim::Compile design
INFO: [USF-XSim-61] Executing 'COMPILE and ANALYZE' step in 'C:/Users/Public/Documents/PVSDRA/Lab_3/Lab_3.sim/sim_1/behav/xsim'
"xvhdl --incr --relax -prj FIR_tb_vhdl.prj"
INFO: [VRFC 10-163] Analyzing VHDL file "C:/Users/Public/Documents/PVSDRA/Lab_3/Lab_3.srcs/sources_1/new/FIR.vhd" into library xil_defaultlib
INFO: [VRFC 10-307] analyzing entity FIR
INFO: [VRFC 10-163] Analyzing VHDL file "C:/Users/Public/Documents/PVSDRA/Lab_3/Lab_3.srcs/sim_1/new/FIR_tb.vhd" into library xil_defaultlib
INFO: [VRFC 10-307] analyzing entity FIR_tb
INFO: [USF-XSim-69] 'compile' step finished in '2' seconds
launch_simulation: Time (s): cpu = 00:00:00 ; elapsed = 00:00:05 . Memory (MB): peak = 931.102 ; gain = 0.000
INFO: [Vivado 12-5682] Launching behavioral simulation in 'C:/Users/Public/Documents/PVSDRA/Lab_3/Lab_3.sim/sim_1/behav/xsim'
INFO: [USF-XSim-3] XSim::Elaborate design
INFO: [USF-XSim-61] Executing 'ELABORATE' step in 'C:/Users/Public/Documents/PVSDRA/Lab_3/Lab_3.sim/sim_1/behav/xsim'
Vivado Simulator 2018.2
Copyright 1986-1999, 2001-2018 Xilinx, Inc. All Rights Reserved.
Running: D:/Xilinx/Vivado/2018.2/bin/unwrapped/win64.o/xelab.exe -wto ba93bc7316ac4ceb80ae35f65eb8577a --incr --debug typical --relax --mt 2 -L xil_defaultlib -L secureip --snapshot FIR_tb_behav xil_defaultlib.FIR_tb -log elaborate.log 
Using 2 slave threads.
Starting static elaboration
Completed static elaboration
Starting simulation data flow analysis
Completed simulation data flow analysis
Time Resolution for simulation is 1ps
Compiling package std.standard
Compiling package std.textio
Compiling package ieee.std_logic_1164
Compiling package ieee.numeric_std
Compiling package std.env
Compiling package ieee.std_logic_arith
Compiling package ieee.std_logic_unsigned
Compiling architecture behavioral of entity xil_defaultlib.ROM [rom_default]
Compiling architecture behavioral of entity xil_defaultlib.FSM [fsm_default]
Compiling architecture behavioral of entity xil_defaultlib.FIR [fir_default]
Compiling architecture behavioral of entity xil_defaultlib.fir_tb
Built simulation snapshot FIR_tb_behav
INFO: [USF-XSim-69] 'elaborate' step finished in '4' seconds
Vivado Simulator 2018.2
Time resolution is 1 ps
relaunch_sim: Time (s): cpu = 00:00:01 ; elapsed = 00:00:12 . Memory (MB): peak = 931.102 ; gain = 0.000
save_wave_config {C:/Users/Public/Documents/PVSDRA/Lab_3/FIR_tb_behav.wcfg}
relaunch_sim
INFO: [Vivado 12-5682] Launching behavioral simulation in 'C:/Users/Public/Documents/PVSDRA/Lab_3/Lab_3.sim/sim_1/behav/xsim'
INFO: [SIM-utils-51] Simulation object is 'sim_1'
INFO: [SIM-utils-54] Inspecting design source files for 'FIR_tb' in fileset 'sim_1'...
INFO: [USF-XSim-97] Finding global include files...
INFO: [USF-XSim-98] Fetching design files from 'sim_1'...
INFO: [USF-XSim-2] XSim::Compile design
INFO: [USF-XSim-61] Executing 'COMPILE and ANALYZE' step in 'C:/Users/Public/Documents/PVSDRA/Lab_3/Lab_3.sim/sim_1/behav/xsim'
"xvhdl --incr --relax -prj FIR_tb_vhdl.prj"
INFO: [VRFC 10-163] Analyzing VHDL file "C:/Users/Public/Documents/PVSDRA/Lab_3/Lab_3.srcs/sources_1/new/FIR.vhd" into library xil_defaultlib
INFO: [VRFC 10-307] analyzing entity FIR
INFO: [VRFC 10-163] Analyzing VHDL file "C:/Users/Public/Documents/PVSDRA/Lab_3/Lab_3.srcs/sim_1/new/FIR_tb.vhd" into library xil_defaultlib
INFO: [VRFC 10-307] analyzing entity FIR_tb
INFO: [USF-XSim-69] 'compile' step finished in '3' seconds
INFO: [Vivado 12-5682] Launching behavioral simulation in 'C:/Users/Public/Documents/PVSDRA/Lab_3/Lab_3.sim/sim_1/behav/xsim'
INFO: [USF-XSim-3] XSim::Elaborate design
INFO: [USF-XSim-61] Executing 'ELABORATE' step in 'C:/Users/Public/Documents/PVSDRA/Lab_3/Lab_3.sim/sim_1/behav/xsim'
Vivado Simulator 2018.2
Copyright 1986-1999, 2001-2018 Xilinx, Inc. All Rights Reserved.
Running: D:/Xilinx/Vivado/2018.2/bin/unwrapped/win64.o/xelab.exe -wto ba93bc7316ac4ceb80ae35f65eb8577a --incr --debug typical --relax --mt 2 -L xil_defaultlib -L secureip --snapshot FIR_tb_behav xil_defaultlib.FIR_tb -log elaborate.log 
Using 2 slave threads.
Starting static elaboration
Completed static elaboration
Starting simulation data flow analysis
Completed simulation data flow analysis
Time Resolution for simulation is 1ps
Compiling package std.standard
Compiling package std.textio
Compiling package ieee.std_logic_1164
Compiling package ieee.numeric_std
Compiling package std.env
Compiling package ieee.std_logic_arith
Compiling package ieee.std_logic_unsigned
Compiling architecture behavioral of entity xil_defaultlib.ROM [rom_default]
Compiling architecture behavioral of entity xil_defaultlib.FSM [fsm_default]
Compiling architecture behavioral of entity xil_defaultlib.FIR [fir_default]
Compiling architecture behavioral of entity xil_defaultlib.fir_tb
Built simulation snapshot FIR_tb_behav
INFO: [USF-XSim-69] 'elaborate' step finished in '4' seconds
Vivado Simulator 2018.2
Time resolution is 1 ps
relaunch_sim: Time (s): cpu = 00:00:01 ; elapsed = 00:00:09 . Memory (MB): peak = 931.418 ; gain = 0.316
relaunch_sim
INFO: [Vivado 12-5682] Launching behavioral simulation in 'C:/Users/Public/Documents/PVSDRA/Lab_3/Lab_3.sim/sim_1/behav/xsim'
INFO: [SIM-utils-51] Simulation object is 'sim_1'
INFO: [SIM-utils-54] Inspecting design source files for 'FIR_tb' in fileset 'sim_1'...
INFO: [USF-XSim-97] Finding global include files...
INFO: [USF-XSim-98] Fetching design files from 'sim_1'...
INFO: [USF-XSim-2] XSim::Compile design
INFO: [USF-XSim-61] Executing 'COMPILE and ANALYZE' step in 'C:/Users/Public/Documents/PVSDRA/Lab_3/Lab_3.sim/sim_1/behav/xsim'
"xvhdl --incr --relax -prj FIR_tb_vhdl.prj"
INFO: [VRFC 10-163] Analyzing VHDL file "C:/Users/Public/Documents/PVSDRA/Lab_3/Lab_3.srcs/sources_1/new/FIR.vhd" into library xil_defaultlib
INFO: [VRFC 10-307] analyzing entity FIR
INFO: [VRFC 10-163] Analyzing VHDL file "C:/Users/Public/Documents/PVSDRA/Lab_3/Lab_3.srcs/sim_1/new/FIR_tb.vhd" into library xil_defaultlib
INFO: [VRFC 10-307] analyzing entity FIR_tb
INFO: [USF-XSim-69] 'compile' step finished in '3' seconds
INFO: [Vivado 12-5682] Launching behavioral simulation in 'C:/Users/Public/Documents/PVSDRA/Lab_3/Lab_3.sim/sim_1/behav/xsim'
INFO: [USF-XSim-3] XSim::Elaborate design
INFO: [USF-XSim-61] Executing 'ELABORATE' step in 'C:/Users/Public/Documents/PVSDRA/Lab_3/Lab_3.sim/sim_1/behav/xsim'
Vivado Simulator 2018.2
Copyright 1986-1999, 2001-2018 Xilinx, Inc. All Rights Reserved.
Running: D:/Xilinx/Vivado/2018.2/bin/unwrapped/win64.o/xelab.exe -wto ba93bc7316ac4ceb80ae35f65eb8577a --incr --debug typical --relax --mt 2 -L xil_defaultlib -L secureip --snapshot FIR_tb_behav xil_defaultlib.FIR_tb -log elaborate.log 
Using 2 slave threads.
Starting static elaboration
Completed static elaboration
Starting simulation data flow analysis
Completed simulation data flow analysis
Time Resolution for simulation is 1ps
Compiling package std.standard
Compiling package std.textio
Compiling package ieee.std_logic_1164
Compiling package ieee.numeric_std
Compiling package std.env
Compiling package ieee.std_logic_arith
Compiling package ieee.std_logic_unsigned
Compiling architecture behavioral of entity xil_defaultlib.ROM [rom_default]
Compiling architecture behavioral of entity xil_defaultlib.FSM [\FSM(baat=2)\]
Compiling architecture behavioral of entity xil_defaultlib.FIR [\FIR(baat=2)\]
Compiling architecture behavioral of entity xil_defaultlib.fir_tb
Built simulation snapshot FIR_tb_behav
INFO: [USF-XSim-69] 'elaborate' step finished in '3' seconds
Vivado Simulator 2018.2
Time resolution is 1 ps
relaunch_sim: Time (s): cpu = 00:00:01 ; elapsed = 00:00:09 . Memory (MB): peak = 932.395 ; gain = 0.523
relaunch_sim
INFO: [Vivado 12-5682] Launching behavioral simulation in 'C:/Users/Public/Documents/PVSDRA/Lab_3/Lab_3.sim/sim_1/behav/xsim'
INFO: [SIM-utils-51] Simulation object is 'sim_1'
INFO: [SIM-utils-54] Inspecting design source files for 'FIR_tb' in fileset 'sim_1'...
INFO: [USF-XSim-97] Finding global include files...
INFO: [USF-XSim-98] Fetching design files from 'sim_1'...
INFO: [USF-XSim-2] XSim::Compile design
INFO: [USF-XSim-61] Executing 'COMPILE and ANALYZE' step in 'C:/Users/Public/Documents/PVSDRA/Lab_3/Lab_3.sim/sim_1/behav/xsim'
"xvhdl --incr --relax -prj FIR_tb_vhdl.prj"
INFO: [VRFC 10-163] Analyzing VHDL file "C:/Users/Public/Documents/PVSDRA/Lab_3/Lab_3.srcs/sim_1/new/FIR_tb.vhd" into library xil_defaultlib
INFO: [VRFC 10-307] analyzing entity FIR_tb
INFO: [USF-XSim-69] 'compile' step finished in '3' seconds
INFO: [Vivado 12-5682] Launching behavioral simulation in 'C:/Users/Public/Documents/PVSDRA/Lab_3/Lab_3.sim/sim_1/behav/xsim'
INFO: [USF-XSim-3] XSim::Elaborate design
INFO: [USF-XSim-61] Executing 'ELABORATE' step in 'C:/Users/Public/Documents/PVSDRA/Lab_3/Lab_3.sim/sim_1/behav/xsim'
Vivado Simulator 2018.2
Copyright 1986-1999, 2001-2018 Xilinx, Inc. All Rights Reserved.
Running: D:/Xilinx/Vivado/2018.2/bin/unwrapped/win64.o/xelab.exe -wto ba93bc7316ac4ceb80ae35f65eb8577a --incr --debug typical --relax --mt 2 -L xil_defaultlib -L secureip --snapshot FIR_tb_behav xil_defaultlib.FIR_tb -log elaborate.log 
Using 2 slave threads.
Starting static elaboration
Completed static elaboration
Starting simulation data flow analysis
Completed simulation data flow analysis
Time Resolution for simulation is 1ps
Compiling package std.standard
Compiling package std.textio
Compiling package ieee.std_logic_1164
Compiling package ieee.numeric_std
Compiling package std.env
Compiling package ieee.std_logic_arith
Compiling package ieee.std_logic_unsigned
Compiling architecture behavioral of entity xil_defaultlib.ROM [rom_default]
Compiling architecture behavioral of entity xil_defaultlib.FSM [fsm_default]
Compiling architecture behavioral of entity xil_defaultlib.FIR [fir_default]
Compiling architecture behavioral of entity xil_defaultlib.fir_tb
Built simulation snapshot FIR_tb_behav
INFO: [USF-XSim-69] 'elaborate' step finished in '3' seconds
Vivado Simulator 2018.2
Time resolution is 1 ps
relaunch_sim: Time (s): cpu = 00:00:01 ; elapsed = 00:00:09 . Memory (MB): peak = 932.641 ; gain = 0.105
relaunch_sim
INFO: [Vivado 12-5682] Launching behavioral simulation in 'C:/Users/Public/Documents/PVSDRA/Lab_3/Lab_3.sim/sim_1/behav/xsim'
INFO: [SIM-utils-51] Simulation object is 'sim_1'
INFO: [SIM-utils-54] Inspecting design source files for 'FIR_tb' in fileset 'sim_1'...
INFO: [USF-XSim-97] Finding global include files...
INFO: [USF-XSim-98] Fetching design files from 'sim_1'...
INFO: [USF-XSim-2] XSim::Compile design
INFO: [USF-XSim-61] Executing 'COMPILE and ANALYZE' step in 'C:/Users/Public/Documents/PVSDRA/Lab_3/Lab_3.sim/sim_1/behav/xsim'
"xvhdl --incr --relax -prj FIR_tb_vhdl.prj"
INFO: [VRFC 10-163] Analyzing VHDL file "C:/Users/Public/Documents/PVSDRA/Lab_3/Lab_3.srcs/sources_1/new/FIR.vhd" into library xil_defaultlib
INFO: [VRFC 10-307] analyzing entity FIR
INFO: [VRFC 10-163] Analyzing VHDL file "C:/Users/Public/Documents/PVSDRA/Lab_3/Lab_3.srcs/sim_1/new/FIR_tb.vhd" into library xil_defaultlib
INFO: [VRFC 10-307] analyzing entity FIR_tb
INFO: [USF-XSim-69] 'compile' step finished in '3' seconds
INFO: [Vivado 12-5682] Launching behavioral simulation in 'C:/Users/Public/Documents/PVSDRA/Lab_3/Lab_3.sim/sim_1/behav/xsim'
INFO: [USF-XSim-3] XSim::Elaborate design
INFO: [USF-XSim-61] Executing 'ELABORATE' step in 'C:/Users/Public/Documents/PVSDRA/Lab_3/Lab_3.sim/sim_1/behav/xsim'
Vivado Simulator 2018.2
Copyright 1986-1999, 2001-2018 Xilinx, Inc. All Rights Reserved.
Running: D:/Xilinx/Vivado/2018.2/bin/unwrapped/win64.o/xelab.exe -wto ba93bc7316ac4ceb80ae35f65eb8577a --incr --debug typical --relax --mt 2 -L xil_defaultlib -L secureip --snapshot FIR_tb_behav xil_defaultlib.FIR_tb -log elaborate.log 
Using 2 slave threads.
Starting static elaboration
Completed static elaboration
Starting simulation data flow analysis
Completed simulation data flow analysis
Time Resolution for simulation is 1ps
Compiling package std.standard
Compiling package std.textio
Compiling package ieee.std_logic_1164
Compiling package ieee.numeric_std
Compiling package std.env
Compiling package ieee.std_logic_arith
Compiling package ieee.std_logic_unsigned
Compiling architecture behavioral of entity xil_defaultlib.ROM [rom_default]
Compiling architecture behavioral of entity xil_defaultlib.FSM [fsm_default]
Compiling architecture behavioral of entity xil_defaultlib.FIR [fir_default]
Compiling architecture behavioral of entity xil_defaultlib.fir_tb
Built simulation snapshot FIR_tb_behav
INFO: [USF-XSim-69] 'elaborate' step finished in '4' seconds
Vivado Simulator 2018.2
Time resolution is 1 ps
relaunch_sim: Time (s): cpu = 00:00:01 ; elapsed = 00:00:10 . Memory (MB): peak = 933.332 ; gain = 0.266
relaunch_sim
INFO: [Vivado 12-5682] Launching behavioral simulation in 'C:/Users/Public/Documents/PVSDRA/Lab_3/Lab_3.sim/sim_1/behav/xsim'
INFO: [SIM-utils-51] Simulation object is 'sim_1'
INFO: [SIM-utils-54] Inspecting design source files for 'FIR_tb' in fileset 'sim_1'...
INFO: [USF-XSim-97] Finding global include files...
INFO: [USF-XSim-98] Fetching design files from 'sim_1'...
INFO: [USF-XSim-2] XSim::Compile design
INFO: [USF-XSim-61] Executing 'COMPILE and ANALYZE' step in 'C:/Users/Public/Documents/PVSDRA/Lab_3/Lab_3.sim/sim_1/behav/xsim'
"xvhdl --incr --relax -prj FIR_tb_vhdl.prj"
INFO: [VRFC 10-163] Analyzing VHDL file "C:/Users/Public/Documents/PVSDRA/Lab_3/Lab_3.srcs/sources_1/new/FIR.vhd" into library xil_defaultlib
INFO: [VRFC 10-307] analyzing entity FIR
INFO: [VRFC 10-163] Analyzing VHDL file "C:/Users/Public/Documents/PVSDRA/Lab_3/Lab_3.srcs/sim_1/new/FIR_tb.vhd" into library xil_defaultlib
INFO: [VRFC 10-307] analyzing entity FIR_tb
INFO: [USF-XSim-69] 'compile' step finished in '3' seconds
INFO: [Vivado 12-5682] Launching behavioral simulation in 'C:/Users/Public/Documents/PVSDRA/Lab_3/Lab_3.sim/sim_1/behav/xsim'
INFO: [USF-XSim-3] XSim::Elaborate design
INFO: [USF-XSim-61] Executing 'ELABORATE' step in 'C:/Users/Public/Documents/PVSDRA/Lab_3/Lab_3.sim/sim_1/behav/xsim'
Vivado Simulator 2018.2
Copyright 1986-1999, 2001-2018 Xilinx, Inc. All Rights Reserved.
Running: D:/Xilinx/Vivado/2018.2/bin/unwrapped/win64.o/xelab.exe -wto ba93bc7316ac4ceb80ae35f65eb8577a --incr --debug typical --relax --mt 2 -L xil_defaultlib -L secureip --snapshot FIR_tb_behav xil_defaultlib.FIR_tb -log elaborate.log 
Using 2 slave threads.
Starting static elaboration
Completed static elaboration
Starting simulation data flow analysis
Completed simulation data flow analysis
Time Resolution for simulation is 1ps
Compiling package std.standard
Compiling package std.textio
Compiling package ieee.std_logic_1164
Compiling package ieee.numeric_std
Compiling package std.env
Compiling package ieee.std_logic_arith
Compiling package ieee.std_logic_unsigned
Compiling architecture behavioral of entity xil_defaultlib.ROM [rom_default]
Compiling architecture behavioral of entity xil_defaultlib.FSM [fsm_default]
Compiling architecture behavioral of entity xil_defaultlib.FIR [fir_default]
Compiling architecture behavioral of entity xil_defaultlib.fir_tb
Built simulation snapshot FIR_tb_behav
INFO: [USF-XSim-69] 'elaborate' step finished in '3' seconds
Vivado Simulator 2018.2
Time resolution is 1 ps
relaunch_sim: Time (s): cpu = 00:00:01 ; elapsed = 00:00:09 . Memory (MB): peak = 933.797 ; gain = 0.320
relaunch_sim
INFO: [Vivado 12-5682] Launching behavioral simulation in 'C:/Users/Public/Documents/PVSDRA/Lab_3/Lab_3.sim/sim_1/behav/xsim'
INFO: [SIM-utils-51] Simulation object is 'sim_1'
INFO: [SIM-utils-54] Inspecting design source files for 'FIR_tb' in fileset 'sim_1'...
INFO: [USF-XSim-97] Finding global include files...
INFO: [USF-XSim-98] Fetching design files from 'sim_1'...
INFO: [USF-XSim-2] XSim::Compile design
INFO: [USF-XSim-61] Executing 'COMPILE and ANALYZE' step in 'C:/Users/Public/Documents/PVSDRA/Lab_3/Lab_3.sim/sim_1/behav/xsim'
"xvhdl --incr --relax -prj FIR_tb_vhdl.prj"
INFO: [VRFC 10-163] Analyzing VHDL file "C:/Users/Public/Documents/PVSDRA/Lab_3/Lab_3.srcs/sources_1/new/FIR.vhd" into library xil_defaultlib
INFO: [VRFC 10-307] analyzing entity FIR
INFO: [VRFC 10-163] Analyzing VHDL file "C:/Users/Public/Documents/PVSDRA/Lab_3/Lab_3.srcs/sim_1/new/FIR_tb.vhd" into library xil_defaultlib
INFO: [VRFC 10-307] analyzing entity FIR_tb
INFO: [USF-XSim-69] 'compile' step finished in '3' seconds
INFO: [Vivado 12-5682] Launching behavioral simulation in 'C:/Users/Public/Documents/PVSDRA/Lab_3/Lab_3.sim/sim_1/behav/xsim'
INFO: [USF-XSim-3] XSim::Elaborate design
INFO: [USF-XSim-61] Executing 'ELABORATE' step in 'C:/Users/Public/Documents/PVSDRA/Lab_3/Lab_3.sim/sim_1/behav/xsim'
Vivado Simulator 2018.2
Copyright 1986-1999, 2001-2018 Xilinx, Inc. All Rights Reserved.
Running: D:/Xilinx/Vivado/2018.2/bin/unwrapped/win64.o/xelab.exe -wto ba93bc7316ac4ceb80ae35f65eb8577a --incr --debug typical --relax --mt 2 -L xil_defaultlib -L secureip --snapshot FIR_tb_behav xil_defaultlib.FIR_tb -log elaborate.log 
Using 2 slave threads.
Starting static elaboration
Completed static elaboration
Starting simulation data flow analysis
Completed simulation data flow analysis
Time Resolution for simulation is 1ps
Compiling package std.standard
Compiling package std.textio
Compiling package ieee.std_logic_1164
Compiling package ieee.numeric_std
Compiling package std.env
Compiling package ieee.std_logic_arith
Compiling package ieee.std_logic_unsigned
Compiling architecture behavioral of entity xil_defaultlib.ROM [rom_default]
Compiling architecture behavioral of entity xil_defaultlib.FSM [fsm_default]
Compiling architecture behavioral of entity xil_defaultlib.FIR [fir_default]
Compiling architecture behavioral of entity xil_defaultlib.fir_tb
Built simulation snapshot FIR_tb_behav
INFO: [USF-XSim-69] 'elaborate' step finished in '3' seconds
Vivado Simulator 2018.2
Time resolution is 1 ps
relaunch_sim: Time (s): cpu = 00:00:01 ; elapsed = 00:00:09 . Memory (MB): peak = 934.133 ; gain = 0.168
relaunch_sim
INFO: [Vivado 12-5682] Launching behavioral simulation in 'C:/Users/Public/Documents/PVSDRA/Lab_3/Lab_3.sim/sim_1/behav/xsim'
INFO: [SIM-utils-51] Simulation object is 'sim_1'
INFO: [SIM-utils-54] Inspecting design source files for 'FIR_tb' in fileset 'sim_1'...
INFO: [USF-XSim-97] Finding global include files...
INFO: [USF-XSim-98] Fetching design files from 'sim_1'...
INFO: [USF-XSim-2] XSim::Compile design
INFO: [USF-XSim-61] Executing 'COMPILE and ANALYZE' step in 'C:/Users/Public/Documents/PVSDRA/Lab_3/Lab_3.sim/sim_1/behav/xsim'
"xvhdl --incr --relax -prj FIR_tb_vhdl.prj"
INFO: [VRFC 10-163] Analyzing VHDL file "C:/Users/Public/Documents/PVSDRA/Lab_3/Lab_3.srcs/sources_1/new/FIR.vhd" into library xil_defaultlib
INFO: [VRFC 10-307] analyzing entity FIR
INFO: [VRFC 10-163] Analyzing VHDL file "C:/Users/Public/Documents/PVSDRA/Lab_3/Lab_3.srcs/sim_1/new/FIR_tb.vhd" into library xil_defaultlib
INFO: [VRFC 10-307] analyzing entity FIR_tb
INFO: [USF-XSim-69] 'compile' step finished in '3' seconds
INFO: [Vivado 12-5682] Launching behavioral simulation in 'C:/Users/Public/Documents/PVSDRA/Lab_3/Lab_3.sim/sim_1/behav/xsim'
INFO: [USF-XSim-3] XSim::Elaborate design
INFO: [USF-XSim-61] Executing 'ELABORATE' step in 'C:/Users/Public/Documents/PVSDRA/Lab_3/Lab_3.sim/sim_1/behav/xsim'
Vivado Simulator 2018.2
Copyright 1986-1999, 2001-2018 Xilinx, Inc. All Rights Reserved.
Running: D:/Xilinx/Vivado/2018.2/bin/unwrapped/win64.o/xelab.exe -wto ba93bc7316ac4ceb80ae35f65eb8577a --incr --debug typical --relax --mt 2 -L xil_defaultlib -L secureip --snapshot FIR_tb_behav xil_defaultlib.FIR_tb -log elaborate.log 
Using 2 slave threads.
Starting static elaboration
Completed static elaboration
Starting simulation data flow analysis
Completed simulation data flow analysis
Time Resolution for simulation is 1ps
Compiling package std.standard
Compiling package std.textio
Compiling package ieee.std_logic_1164
Compiling package ieee.numeric_std
Compiling package std.env
Compiling package ieee.std_logic_arith
Compiling package ieee.std_logic_unsigned
Compiling architecture behavioral of entity xil_defaultlib.ROM [rom_default]
Compiling architecture behavioral of entity xil_defaultlib.FSM [fsm_default]
Compiling architecture behavioral of entity xil_defaultlib.FIR [fir_default]
Compiling architecture behavioral of entity xil_defaultlib.fir_tb
Built simulation snapshot FIR_tb_behav
INFO: [USF-XSim-69] 'elaborate' step finished in '4' seconds
Vivado Simulator 2018.2
Time resolution is 1 ps
relaunch_sim: Time (s): cpu = 00:00:00 ; elapsed = 00:00:10 . Memory (MB): peak = 934.254 ; gain = 0.051
relaunch_sim
INFO: [Vivado 12-5682] Launching behavioral simulation in 'C:/Users/Public/Documents/PVSDRA/Lab_3/Lab_3.sim/sim_1/behav/xsim'
INFO: [SIM-utils-51] Simulation object is 'sim_1'
INFO: [SIM-utils-54] Inspecting design source files for 'FIR_tb' in fileset 'sim_1'...
INFO: [USF-XSim-97] Finding global include files...
INFO: [USF-XSim-98] Fetching design files from 'sim_1'...
INFO: [USF-XSim-2] XSim::Compile design
INFO: [USF-XSim-61] Executing 'COMPILE and ANALYZE' step in 'C:/Users/Public/Documents/PVSDRA/Lab_3/Lab_3.sim/sim_1/behav/xsim'
"xvhdl --incr --relax -prj FIR_tb_vhdl.prj"
INFO: [VRFC 10-163] Analyzing VHDL file "C:/Users/Public/Documents/PVSDRA/Lab_3/Lab_3.srcs/sources_1/new/FIR.vhd" into library xil_defaultlib
INFO: [VRFC 10-307] analyzing entity FIR
INFO: [VRFC 10-163] Analyzing VHDL file "C:/Users/Public/Documents/PVSDRA/Lab_3/Lab_3.srcs/sim_1/new/FIR_tb.vhd" into library xil_defaultlib
INFO: [VRFC 10-307] analyzing entity FIR_tb
INFO: [USF-XSim-69] 'compile' step finished in '3' seconds
INFO: [Vivado 12-5682] Launching behavioral simulation in 'C:/Users/Public/Documents/PVSDRA/Lab_3/Lab_3.sim/sim_1/behav/xsim'
INFO: [USF-XSim-3] XSim::Elaborate design
INFO: [USF-XSim-61] Executing 'ELABORATE' step in 'C:/Users/Public/Documents/PVSDRA/Lab_3/Lab_3.sim/sim_1/behav/xsim'
Vivado Simulator 2018.2
Copyright 1986-1999, 2001-2018 Xilinx, Inc. All Rights Reserved.
Running: D:/Xilinx/Vivado/2018.2/bin/unwrapped/win64.o/xelab.exe -wto ba93bc7316ac4ceb80ae35f65eb8577a --incr --debug typical --relax --mt 2 -L xil_defaultlib -L secureip --snapshot FIR_tb_behav xil_defaultlib.FIR_tb -log elaborate.log 
Using 2 slave threads.
Starting static elaboration
Completed static elaboration
Starting simulation data flow analysis
Completed simulation data flow analysis
Time Resolution for simulation is 1ps
Compiling package std.standard
Compiling package std.textio
Compiling package ieee.std_logic_1164
Compiling package ieee.numeric_std
Compiling package std.env
Compiling package ieee.std_logic_arith
Compiling package ieee.std_logic_unsigned
Compiling architecture behavioral of entity xil_defaultlib.ROM [rom_default]
Compiling architecture behavioral of entity xil_defaultlib.FSM [fsm_default]
Compiling architecture behavioral of entity xil_defaultlib.FIR [fir_default]
Compiling architecture behavioral of entity xil_defaultlib.fir_tb
Built simulation snapshot FIR_tb_behav
INFO: [USF-XSim-69] 'elaborate' step finished in '3' seconds
Vivado Simulator 2018.2
Time resolution is 1 ps
ERROR: Index -1 out of bound 11 downto 0
Time: 0 ps  Iteration: 0  Process: /FIR_tb/uut/\gen_addr(1)\/line__191
  File: C:/Users/Public/Documents/PVSDRA/Lab_3/Lab_3.srcs/sources_1/new/FIR.vhd

HDL Line: C:/Users/Public/Documents/PVSDRA/Lab_3/Lab_3.srcs/sources_1/new/FIR.vhd:191
relaunch_sim: Time (s): cpu = 00:00:01 ; elapsed = 00:00:09 . Memory (MB): peak = 935.012 ; gain = 0.484
relaunch_sim
INFO: [Vivado 12-5682] Launching behavioral simulation in 'C:/Users/Public/Documents/PVSDRA/Lab_3/Lab_3.sim/sim_1/behav/xsim'
INFO: [SIM-utils-51] Simulation object is 'sim_1'
INFO: [SIM-utils-54] Inspecting design source files for 'FIR_tb' in fileset 'sim_1'...
INFO: [USF-XSim-97] Finding global include files...
INFO: [USF-XSim-98] Fetching design files from 'sim_1'...
INFO: [USF-XSim-2] XSim::Compile design
INFO: [USF-XSim-61] Executing 'COMPILE and ANALYZE' step in 'C:/Users/Public/Documents/PVSDRA/Lab_3/Lab_3.sim/sim_1/behav/xsim'
"xvhdl --incr --relax -prj FIR_tb_vhdl.prj"
INFO: [VRFC 10-163] Analyzing VHDL file "C:/Users/Public/Documents/PVSDRA/Lab_3/Lab_3.srcs/sources_1/new/FIR.vhd" into library xil_defaultlib
INFO: [VRFC 10-307] analyzing entity FIR
INFO: [VRFC 10-163] Analyzing VHDL file "C:/Users/Public/Documents/PVSDRA/Lab_3/Lab_3.srcs/sim_1/new/FIR_tb.vhd" into library xil_defaultlib
INFO: [VRFC 10-307] analyzing entity FIR_tb
INFO: [USF-XSim-69] 'compile' step finished in '3' seconds
INFO: [Vivado 12-5682] Launching behavioral simulation in 'C:/Users/Public/Documents/PVSDRA/Lab_3/Lab_3.sim/sim_1/behav/xsim'
INFO: [USF-XSim-3] XSim::Elaborate design
INFO: [USF-XSim-61] Executing 'ELABORATE' step in 'C:/Users/Public/Documents/PVSDRA/Lab_3/Lab_3.sim/sim_1/behav/xsim'
Vivado Simulator 2018.2
Copyright 1986-1999, 2001-2018 Xilinx, Inc. All Rights Reserved.
Running: D:/Xilinx/Vivado/2018.2/bin/unwrapped/win64.o/xelab.exe -wto ba93bc7316ac4ceb80ae35f65eb8577a --incr --debug typical --relax --mt 2 -L xil_defaultlib -L secureip --snapshot FIR_tb_behav xil_defaultlib.FIR_tb -log elaborate.log 
Using 2 slave threads.
Starting static elaboration
Completed static elaboration
Starting simulation data flow analysis
Completed simulation data flow analysis
Time Resolution for simulation is 1ps
Compiling package std.standard
Compiling package std.textio
Compiling package ieee.std_logic_1164
Compiling package ieee.numeric_std
Compiling package std.env
Compiling package ieee.std_logic_arith
Compiling package ieee.std_logic_unsigned
Compiling architecture behavioral of entity xil_defaultlib.ROM [rom_default]
Compiling architecture behavioral of entity xil_defaultlib.FSM [fsm_default]
Compiling architecture behavioral of entity xil_defaultlib.FIR [fir_default]
Compiling architecture behavioral of entity xil_defaultlib.fir_tb
Built simulation snapshot FIR_tb_behav
INFO: [USF-XSim-69] 'elaborate' step finished in '3' seconds
Vivado Simulator 2018.2
Time resolution is 1 ps
relaunch_sim: Time (s): cpu = 00:00:01 ; elapsed = 00:00:09 . Memory (MB): peak = 935.434 ; gain = 0.277
relaunch_sim
INFO: [Vivado 12-5682] Launching behavioral simulation in 'C:/Users/Public/Documents/PVSDRA/Lab_3/Lab_3.sim/sim_1/behav/xsim'
INFO: [SIM-utils-51] Simulation object is 'sim_1'
INFO: [SIM-utils-54] Inspecting design source files for 'FIR_tb' in fileset 'sim_1'...
INFO: [USF-XSim-97] Finding global include files...
INFO: [USF-XSim-98] Fetching design files from 'sim_1'...
INFO: [USF-XSim-2] XSim::Compile design
INFO: [USF-XSim-61] Executing 'COMPILE and ANALYZE' step in 'C:/Users/Public/Documents/PVSDRA/Lab_3/Lab_3.sim/sim_1/behav/xsim'
"xvhdl --incr --relax -prj FIR_tb_vhdl.prj"
INFO: [VRFC 10-163] Analyzing VHDL file "C:/Users/Public/Documents/PVSDRA/Lab_3/Lab_3.srcs/sources_1/new/FIR.vhd" into library xil_defaultlib
INFO: [VRFC 10-307] analyzing entity FIR
INFO: [VRFC 10-307] analyzing entity FIR
INFO: [VRFC 10-163] Analyzing VHDL file "C:/Users/Public/Documents/PVSDRA/Lab_3/Lab_3.srcs/sim_1/new/FIR_tb.vhd" into library xil_defaultlib
INFO: [VRFC 10-307] analyzing entity FIR_tb
INFO: [USF-XSim-69] 'compile' step finished in '4' seconds
INFO: [Vivado 12-5682] Launching behavioral simulation in 'C:/Users/Public/Documents/PVSDRA/Lab_3/Lab_3.sim/sim_1/behav/xsim'
INFO: [USF-XSim-3] XSim::Elaborate design
INFO: [USF-XSim-61] Executing 'ELABORATE' step in 'C:/Users/Public/Documents/PVSDRA/Lab_3/Lab_3.sim/sim_1/behav/xsim'
Vivado Simulator 2018.2
Copyright 1986-1999, 2001-2018 Xilinx, Inc. All Rights Reserved.
Running: D:/Xilinx/Vivado/2018.2/bin/unwrapped/win64.o/xelab.exe -wto ba93bc7316ac4ceb80ae35f65eb8577a --incr --debug typical --relax --mt 2 -L xil_defaultlib -L secureip --snapshot FIR_tb_behav xil_defaultlib.FIR_tb -log elaborate.log 
Using 2 slave threads.
Starting static elaboration
Completed static elaboration
Starting simulation data flow analysis
Completed simulation data flow analysis
Time Resolution for simulation is 1ps
Compiling package std.standard
Compiling package std.textio
Compiling package ieee.std_logic_1164
Compiling package ieee.numeric_std
Compiling package std.env
Compiling package ieee.std_logic_arith
Compiling package ieee.std_logic_unsigned
Compiling architecture behavioral of entity xil_defaultlib.ROM [rom_default]
Compiling architecture behavioral of entity xil_defaultlib.FSM [fsm_default]
Compiling architecture behavioral of entity xil_defaultlib.FIR [fir_default]
Compiling architecture behavioral of entity xil_defaultlib.fir_tb
Built simulation snapshot FIR_tb_behav
INFO: [USF-XSim-69] 'elaborate' step finished in '4' seconds
Vivado Simulator 2018.2
Time resolution is 1 ps
relaunch_sim: Time (s): cpu = 00:00:02 ; elapsed = 00:00:11 . Memory (MB): peak = 937.164 ; gain = 0.031
relaunch_sim
INFO: [Vivado 12-5682] Launching behavioral simulation in 'C:/Users/Public/Documents/PVSDRA/Lab_3/Lab_3.sim/sim_1/behav/xsim'
INFO: [SIM-utils-51] Simulation object is 'sim_1'
INFO: [SIM-utils-54] Inspecting design source files for 'FIR_tb' in fileset 'sim_1'...
INFO: [USF-XSim-97] Finding global include files...
INFO: [USF-XSim-98] Fetching design files from 'sim_1'...
INFO: [USF-XSim-2] XSim::Compile design
INFO: [USF-XSim-61] Executing 'COMPILE and ANALYZE' step in 'C:/Users/Public/Documents/PVSDRA/Lab_3/Lab_3.sim/sim_1/behav/xsim'
"xvhdl --incr --relax -prj FIR_tb_vhdl.prj"
INFO: [VRFC 10-163] Analyzing VHDL file "C:/Users/Public/Documents/PVSDRA/Lab_3/Lab_3.srcs/sources_1/new/ROM.vhd" into library xil_defaultlib
INFO: [VRFC 10-307] analyzing entity ROM
INFO: [VRFC 10-163] Analyzing VHDL file "C:/Users/Public/Documents/PVSDRA/Lab_3/Lab_3.srcs/sources_1/new/FIR.vhd" into library xil_defaultlib
INFO: [VRFC 10-307] analyzing entity FIR
INFO: [VRFC 10-307] analyzing entity FIR
INFO: [VRFC 10-163] Analyzing VHDL file "C:/Users/Public/Documents/PVSDRA/Lab_3/Lab_3.srcs/sim_1/new/FIR_tb.vhd" into library xil_defaultlib
INFO: [VRFC 10-307] analyzing entity FIR_tb
INFO: [USF-XSim-69] 'compile' step finished in '3' seconds
INFO: [Vivado 12-5682] Launching behavioral simulation in 'C:/Users/Public/Documents/PVSDRA/Lab_3/Lab_3.sim/sim_1/behav/xsim'
INFO: [USF-XSim-3] XSim::Elaborate design
INFO: [USF-XSim-61] Executing 'ELABORATE' step in 'C:/Users/Public/Documents/PVSDRA/Lab_3/Lab_3.sim/sim_1/behav/xsim'
Vivado Simulator 2018.2
Copyright 1986-1999, 2001-2018 Xilinx, Inc. All Rights Reserved.
Running: D:/Xilinx/Vivado/2018.2/bin/unwrapped/win64.o/xelab.exe -wto ba93bc7316ac4ceb80ae35f65eb8577a --incr --debug typical --relax --mt 2 -L xil_defaultlib -L secureip --snapshot FIR_tb_behav xil_defaultlib.FIR_tb -log elaborate.log 
Using 2 slave threads.
Starting static elaboration
Completed static elaboration
Starting simulation data flow analysis
Completed simulation data flow analysis
Time Resolution for simulation is 1ps
Compiling package std.standard
Compiling package std.textio
Compiling package ieee.std_logic_1164
Compiling package ieee.numeric_std
Compiling package std.env
Compiling package ieee.std_logic_arith
Compiling package ieee.std_logic_unsigned
Compiling architecture behavioral of entity xil_defaultlib.ROM [rom_default]
Compiling architecture behavioral of entity xil_defaultlib.FSM [fsm_default]
Compiling architecture behavioral of entity xil_defaultlib.FIR [fir_default]
Compiling architecture behavioral of entity xil_defaultlib.fir_tb
Built simulation snapshot FIR_tb_behav
INFO: [USF-XSim-69] 'elaborate' step finished in '3' seconds
Vivado Simulator 2018.2
Time resolution is 1 ps
relaunch_sim: Time (s): cpu = 00:00:02 ; elapsed = 00:00:10 . Memory (MB): peak = 937.488 ; gain = 0.133
relaunch_sim
INFO: [Vivado 12-5682] Launching behavioral simulation in 'C:/Users/Public/Documents/PVSDRA/Lab_3/Lab_3.sim/sim_1/behav/xsim'
INFO: [SIM-utils-51] Simulation object is 'sim_1'
INFO: [SIM-utils-54] Inspecting design source files for 'FIR_tb' in fileset 'sim_1'...
INFO: [USF-XSim-97] Finding global include files...
INFO: [USF-XSim-98] Fetching design files from 'sim_1'...
INFO: [USF-XSim-2] XSim::Compile design
INFO: [USF-XSim-61] Executing 'COMPILE and ANALYZE' step in 'C:/Users/Public/Documents/PVSDRA/Lab_3/Lab_3.sim/sim_1/behav/xsim'
"xvhdl --incr --relax -prj FIR_tb_vhdl.prj"
INFO: [VRFC 10-163] Analyzing VHDL file "C:/Users/Public/Documents/PVSDRA/Lab_3/Lab_3.srcs/sources_1/new/ROM.vhd" into library xil_defaultlib
INFO: [VRFC 10-307] analyzing entity ROM
INFO: [VRFC 10-163] Analyzing VHDL file "C:/Users/Public/Documents/PVSDRA/Lab_3/Lab_3.srcs/sources_1/new/FIR.vhd" into library xil_defaultlib
INFO: [VRFC 10-307] analyzing entity FIR
INFO: [VRFC 10-307] analyzing entity FIR
WARNING: [VRFC 10-1194] overwriting existing secondary unit behavioral [C:/Users/Public/Documents/PVSDRA/Lab_3/Lab_3.srcs/sources_1/new/FIR.vhd:204]
INFO: [VRFC 10-163] Analyzing VHDL file "C:/Users/Public/Documents/PVSDRA/Lab_3/Lab_3.srcs/sim_1/new/FIR_tb.vhd" into library xil_defaultlib
INFO: [VRFC 10-307] analyzing entity FIR_tb
INFO: [USF-XSim-69] 'compile' step finished in '3' seconds
INFO: [Vivado 12-5682] Launching behavioral simulation in 'C:/Users/Public/Documents/PVSDRA/Lab_3/Lab_3.sim/sim_1/behav/xsim'
INFO: [USF-XSim-3] XSim::Elaborate design
INFO: [USF-XSim-61] Executing 'ELABORATE' step in 'C:/Users/Public/Documents/PVSDRA/Lab_3/Lab_3.sim/sim_1/behav/xsim'
Vivado Simulator 2018.2
Copyright 1986-1999, 2001-2018 Xilinx, Inc. All Rights Reserved.
Running: D:/Xilinx/Vivado/2018.2/bin/unwrapped/win64.o/xelab.exe -wto ba93bc7316ac4ceb80ae35f65eb8577a --incr --debug typical --relax --mt 2 -L xil_defaultlib -L secureip --snapshot FIR_tb_behav xil_defaultlib.FIR_tb -log elaborate.log 
Using 2 slave threads.
Starting static elaboration
Completed static elaboration
Starting simulation data flow analysis
Completed simulation data flow analysis
Time Resolution for simulation is 1ps
Compiling package std.standard
Compiling package std.textio
Compiling package ieee.std_logic_1164
Compiling package ieee.numeric_std
Compiling package std.env
Compiling package ieee.std_logic_arith
Compiling package ieee.std_logic_unsigned
Compiling architecture behavioral of entity xil_defaultlib.ROM [rom_default]
Compiling architecture behavioral of entity xil_defaultlib.FSM [fsm_default]
Compiling architecture behavioral of entity xil_defaultlib.FIR [fir_default]
Compiling architecture behavioral of entity xil_defaultlib.fir_tb
Built simulation snapshot FIR_tb_behav
INFO: [USF-XSim-69] 'elaborate' step finished in '3' seconds
Vivado Simulator 2018.2
Time resolution is 1 ps
relaunch_sim: Time (s): cpu = 00:00:02 ; elapsed = 00:00:10 . Memory (MB): peak = 938.438 ; gain = 0.480
relaunch_sim
INFO: [Vivado 12-5682] Launching behavioral simulation in 'C:/Users/Public/Documents/PVSDRA/Lab_3/Lab_3.sim/sim_1/behav/xsim'
INFO: [SIM-utils-51] Simulation object is 'sim_1'
INFO: [SIM-utils-54] Inspecting design source files for 'FIR_tb' in fileset 'sim_1'...
INFO: [USF-XSim-97] Finding global include files...
INFO: [USF-XSim-98] Fetching design files from 'sim_1'...
INFO: [USF-XSim-2] XSim::Compile design
INFO: [USF-XSim-61] Executing 'COMPILE and ANALYZE' step in 'C:/Users/Public/Documents/PVSDRA/Lab_3/Lab_3.sim/sim_1/behav/xsim'
"xvhdl --incr --relax -prj FIR_tb_vhdl.prj"
INFO: [VRFC 10-163] Analyzing VHDL file "C:/Users/Public/Documents/PVSDRA/Lab_3/Lab_3.srcs/sources_1/new/ROM.vhd" into library xil_defaultlib
INFO: [VRFC 10-307] analyzing entity ROM
INFO: [VRFC 10-163] Analyzing VHDL file "C:/Users/Public/Documents/PVSDRA/Lab_3/Lab_3.srcs/sources_1/new/FIR.vhd" into library xil_defaultlib
INFO: [VRFC 10-307] analyzing entity FIR
INFO: [VRFC 10-307] analyzing entity FIR
WARNING: [VRFC 10-1194] overwriting existing secondary unit behavioral [C:/Users/Public/Documents/PVSDRA/Lab_3/Lab_3.srcs/sources_1/new/FIR.vhd:204]
INFO: [VRFC 10-163] Analyzing VHDL file "C:/Users/Public/Documents/PVSDRA/Lab_3/Lab_3.srcs/sim_1/new/FIR_tb.vhd" into library xil_defaultlib
INFO: [VRFC 10-307] analyzing entity FIR_tb
INFO: [USF-XSim-69] 'compile' step finished in '3' seconds
INFO: [Vivado 12-5682] Launching behavioral simulation in 'C:/Users/Public/Documents/PVSDRA/Lab_3/Lab_3.sim/sim_1/behav/xsim'
INFO: [USF-XSim-3] XSim::Elaborate design
INFO: [USF-XSim-61] Executing 'ELABORATE' step in 'C:/Users/Public/Documents/PVSDRA/Lab_3/Lab_3.sim/sim_1/behav/xsim'
Vivado Simulator 2018.2
Copyright 1986-1999, 2001-2018 Xilinx, Inc. All Rights Reserved.
Running: D:/Xilinx/Vivado/2018.2/bin/unwrapped/win64.o/xelab.exe -wto ba93bc7316ac4ceb80ae35f65eb8577a --incr --debug typical --relax --mt 2 -L xil_defaultlib -L secureip --snapshot FIR_tb_behav xil_defaultlib.FIR_tb -log elaborate.log 
Using 2 slave threads.
Starting static elaboration
Completed static elaboration
Starting simulation data flow analysis
Completed simulation data flow analysis
Time Resolution for simulation is 1ps
Compiling package std.standard
Compiling package std.textio
Compiling package ieee.std_logic_1164
Compiling package ieee.numeric_std
Compiling package std.env
Compiling package ieee.std_logic_arith
Compiling package ieee.std_logic_unsigned
Compiling architecture behavioral of entity xil_defaultlib.ROM [rom_default]
Compiling architecture behavioral of entity xil_defaultlib.FSM [fsm_default]
Compiling architecture behavioral of entity xil_defaultlib.FIR [fir_default]
Compiling architecture behavioral of entity xil_defaultlib.fir_tb
Built simulation snapshot FIR_tb_behav
INFO: [USF-XSim-69] 'elaborate' step finished in '3' seconds
Vivado Simulator 2018.2
Time resolution is 1 ps
relaunch_sim: Time (s): cpu = 00:00:01 ; elapsed = 00:00:09 . Memory (MB): peak = 938.438 ; gain = 0.000
relaunch_sim
INFO: [Vivado 12-5682] Launching behavioral simulation in 'C:/Users/Public/Documents/PVSDRA/Lab_3/Lab_3.sim/sim_1/behav/xsim'
INFO: [SIM-utils-51] Simulation object is 'sim_1'
INFO: [SIM-utils-54] Inspecting design source files for 'FIR_tb' in fileset 'sim_1'...
INFO: [USF-XSim-97] Finding global include files...
INFO: [USF-XSim-98] Fetching design files from 'sim_1'...
INFO: [USF-XSim-2] XSim::Compile design
INFO: [USF-XSim-61] Executing 'COMPILE and ANALYZE' step in 'C:/Users/Public/Documents/PVSDRA/Lab_3/Lab_3.sim/sim_1/behav/xsim'
"xvhdl --incr --relax -prj FIR_tb_vhdl.prj"
INFO: [VRFC 10-163] Analyzing VHDL file "C:/Users/Public/Documents/PVSDRA/Lab_3/Lab_3.srcs/sources_1/new/ROM.vhd" into library xil_defaultlib
INFO: [VRFC 10-307] analyzing entity ROM
INFO: [VRFC 10-163] Analyzing VHDL file "C:/Users/Public/Documents/PVSDRA/Lab_3/Lab_3.srcs/sources_1/new/FIR.vhd" into library xil_defaultlib
INFO: [VRFC 10-307] analyzing entity FIR
INFO: [VRFC 10-307] analyzing entity FIR
WARNING: [VRFC 10-1194] overwriting existing secondary unit behavioral [C:/Users/Public/Documents/PVSDRA/Lab_3/Lab_3.srcs/sources_1/new/FIR.vhd:204]
INFO: [VRFC 10-163] Analyzing VHDL file "C:/Users/Public/Documents/PVSDRA/Lab_3/Lab_3.srcs/sim_1/new/FIR_tb.vhd" into library xil_defaultlib
INFO: [VRFC 10-307] analyzing entity FIR_tb
INFO: [USF-XSim-69] 'compile' step finished in '3' seconds
INFO: [Vivado 12-5682] Launching behavioral simulation in 'C:/Users/Public/Documents/PVSDRA/Lab_3/Lab_3.sim/sim_1/behav/xsim'
INFO: [USF-XSim-3] XSim::Elaborate design
INFO: [USF-XSim-61] Executing 'ELABORATE' step in 'C:/Users/Public/Documents/PVSDRA/Lab_3/Lab_3.sim/sim_1/behav/xsim'
Vivado Simulator 2018.2
Copyright 1986-1999, 2001-2018 Xilinx, Inc. All Rights Reserved.
Running: D:/Xilinx/Vivado/2018.2/bin/unwrapped/win64.o/xelab.exe -wto ba93bc7316ac4ceb80ae35f65eb8577a --incr --debug typical --relax --mt 2 -L xil_defaultlib -L secureip --snapshot FIR_tb_behav xil_defaultlib.FIR_tb -log elaborate.log 
Using 2 slave threads.
Starting static elaboration
Completed static elaboration
Starting simulation data flow analysis
Completed simulation data flow analysis
Time Resolution for simulation is 1ps
Compiling package std.standard
Compiling package std.textio
Compiling package ieee.std_logic_1164
Compiling package ieee.numeric_std
Compiling package std.env
Compiling package ieee.std_logic_arith
Compiling package ieee.std_logic_unsigned
Compiling architecture behavioral of entity xil_defaultlib.ROM [rom_default]
Compiling architecture behavioral of entity xil_defaultlib.FSM [fsm_default]
Compiling architecture behavioral of entity xil_defaultlib.FIR [fir_default]
Compiling architecture behavioral of entity xil_defaultlib.fir_tb
Built simulation snapshot FIR_tb_behav
INFO: [USF-XSim-69] 'elaborate' step finished in '3' seconds
Vivado Simulator 2018.2
Time resolution is 1 ps
relaunch_sim: Time (s): cpu = 00:00:02 ; elapsed = 00:00:09 . Memory (MB): peak = 939.145 ; gain = 0.301
relaunch_sim
INFO: [Vivado 12-5682] Launching behavioral simulation in 'C:/Users/Public/Documents/PVSDRA/Lab_3/Lab_3.sim/sim_1/behav/xsim'
INFO: [SIM-utils-51] Simulation object is 'sim_1'
INFO: [SIM-utils-54] Inspecting design source files for 'FIR_tb' in fileset 'sim_1'...
INFO: [USF-XSim-97] Finding global include files...
INFO: [USF-XSim-98] Fetching design files from 'sim_1'...
INFO: [USF-XSim-2] XSim::Compile design
INFO: [USF-XSim-61] Executing 'COMPILE and ANALYZE' step in 'C:/Users/Public/Documents/PVSDRA/Lab_3/Lab_3.sim/sim_1/behav/xsim'
"xvhdl --incr --relax -prj FIR_tb_vhdl.prj"
INFO: [VRFC 10-163] Analyzing VHDL file "C:/Users/Public/Documents/PVSDRA/Lab_3/Lab_3.srcs/sources_1/new/ROM.vhd" into library xil_defaultlib
INFO: [VRFC 10-307] analyzing entity ROM
INFO: [VRFC 10-163] Analyzing VHDL file "C:/Users/Public/Documents/PVSDRA/Lab_3/Lab_3.srcs/sources_1/new/FIR.vhd" into library xil_defaultlib
INFO: [VRFC 10-307] analyzing entity FIR
INFO: [VRFC 10-307] analyzing entity FIR
WARNING: [VRFC 10-1194] overwriting existing secondary unit behavioral [C:/Users/Public/Documents/PVSDRA/Lab_3/Lab_3.srcs/sources_1/new/FIR.vhd:204]
INFO: [VRFC 10-163] Analyzing VHDL file "C:/Users/Public/Documents/PVSDRA/Lab_3/Lab_3.srcs/sim_1/new/FIR_tb.vhd" into library xil_defaultlib
INFO: [VRFC 10-307] analyzing entity FIR_tb
INFO: [USF-XSim-69] 'compile' step finished in '3' seconds
INFO: [Vivado 12-5682] Launching behavioral simulation in 'C:/Users/Public/Documents/PVSDRA/Lab_3/Lab_3.sim/sim_1/behav/xsim'
INFO: [USF-XSim-3] XSim::Elaborate design
INFO: [USF-XSim-61] Executing 'ELABORATE' step in 'C:/Users/Public/Documents/PVSDRA/Lab_3/Lab_3.sim/sim_1/behav/xsim'
Vivado Simulator 2018.2
Copyright 1986-1999, 2001-2018 Xilinx, Inc. All Rights Reserved.
Running: D:/Xilinx/Vivado/2018.2/bin/unwrapped/win64.o/xelab.exe -wto ba93bc7316ac4ceb80ae35f65eb8577a --incr --debug typical --relax --mt 2 -L xil_defaultlib -L secureip --snapshot FIR_tb_behav xil_defaultlib.FIR_tb -log elaborate.log 
Using 2 slave threads.
Starting static elaboration
Completed static elaboration
Starting simulation data flow analysis
Completed simulation data flow analysis
Time Resolution for simulation is 1ps
Compiling package std.standard
Compiling package std.textio
Compiling package ieee.std_logic_1164
Compiling package ieee.numeric_std
Compiling package std.env
Compiling package ieee.std_logic_arith
Compiling package ieee.std_logic_unsigned
Compiling architecture behavioral of entity xil_defaultlib.ROM [rom_default]
Compiling architecture behavioral of entity xil_defaultlib.FSM [fsm_default]
Compiling architecture behavioral of entity xil_defaultlib.FIR [fir_default]
Compiling architecture behavioral of entity xil_defaultlib.fir_tb
Built simulation snapshot FIR_tb_behav
INFO: [USF-XSim-69] 'elaborate' step finished in '3' seconds
Vivado Simulator 2018.2
Time resolution is 1 ps
relaunch_sim: Time (s): cpu = 00:00:02 ; elapsed = 00:00:09 . Memory (MB): peak = 939.934 ; gain = 0.477
relaunch_sim
INFO: [Vivado 12-5682] Launching behavioral simulation in 'C:/Users/Public/Documents/PVSDRA/Lab_3/Lab_3.sim/sim_1/behav/xsim'
INFO: [SIM-utils-51] Simulation object is 'sim_1'
INFO: [SIM-utils-54] Inspecting design source files for 'FIR_tb' in fileset 'sim_1'...
INFO: [USF-XSim-97] Finding global include files...
INFO: [USF-XSim-98] Fetching design files from 'sim_1'...
INFO: [USF-XSim-2] XSim::Compile design
INFO: [USF-XSim-61] Executing 'COMPILE and ANALYZE' step in 'C:/Users/Public/Documents/PVSDRA/Lab_3/Lab_3.sim/sim_1/behav/xsim'
"xvhdl --incr --relax -prj FIR_tb_vhdl.prj"
INFO: [VRFC 10-163] Analyzing VHDL file "C:/Users/Public/Documents/PVSDRA/Lab_3/Lab_3.srcs/sources_1/new/ROM.vhd" into library xil_defaultlib
INFO: [VRFC 10-307] analyzing entity ROM
INFO: [VRFC 10-163] Analyzing VHDL file "C:/Users/Public/Documents/PVSDRA/Lab_3/Lab_3.srcs/sources_1/new/FIR.vhd" into library xil_defaultlib
INFO: [VRFC 10-307] analyzing entity FIR
INFO: [VRFC 10-307] analyzing entity FIR
WARNING: [VRFC 10-1194] overwriting existing secondary unit behavioral [C:/Users/Public/Documents/PVSDRA/Lab_3/Lab_3.srcs/sources_1/new/FIR.vhd:204]
INFO: [VRFC 10-163] Analyzing VHDL file "C:/Users/Public/Documents/PVSDRA/Lab_3/Lab_3.srcs/sim_1/new/FIR_tb.vhd" into library xil_defaultlib
INFO: [VRFC 10-307] analyzing entity FIR_tb
INFO: [USF-XSim-69] 'compile' step finished in '2' seconds
INFO: [Vivado 12-5682] Launching behavioral simulation in 'C:/Users/Public/Documents/PVSDRA/Lab_3/Lab_3.sim/sim_1/behav/xsim'
INFO: [USF-XSim-3] XSim::Elaborate design
INFO: [USF-XSim-61] Executing 'ELABORATE' step in 'C:/Users/Public/Documents/PVSDRA/Lab_3/Lab_3.sim/sim_1/behav/xsim'
Vivado Simulator 2018.2
Copyright 1986-1999, 2001-2018 Xilinx, Inc. All Rights Reserved.
Running: D:/Xilinx/Vivado/2018.2/bin/unwrapped/win64.o/xelab.exe -wto ba93bc7316ac4ceb80ae35f65eb8577a --incr --debug typical --relax --mt 2 -L xil_defaultlib -L secureip --snapshot FIR_tb_behav xil_defaultlib.FIR_tb -log elaborate.log 
Using 2 slave threads.
Starting static elaboration
Completed static elaboration
Starting simulation data flow analysis
Completed simulation data flow analysis
Time Resolution for simulation is 1ps
Compiling package std.standard
Compiling package std.textio
Compiling package ieee.std_logic_1164
Compiling package ieee.numeric_std
Compiling package std.env
Compiling package ieee.std_logic_arith
Compiling package ieee.std_logic_unsigned
Compiling architecture behavioral of entity xil_defaultlib.ROM [rom_default]
Compiling architecture behavioral of entity xil_defaultlib.FSM [fsm_default]
Compiling architecture behavioral of entity xil_defaultlib.FIR [fir_default]
Compiling architecture behavioral of entity xil_defaultlib.fir_tb
Built simulation snapshot FIR_tb_behav
INFO: [USF-XSim-69] 'elaborate' step finished in '3' seconds
Vivado Simulator 2018.2
Time resolution is 1 ps
relaunch_sim: Time (s): cpu = 00:00:01 ; elapsed = 00:00:09 . Memory (MB): peak = 940.688 ; gain = 0.586
relaunch_sim
INFO: [Vivado 12-5682] Launching behavioral simulation in 'C:/Users/Public/Documents/PVSDRA/Lab_3/Lab_3.sim/sim_1/behav/xsim'
INFO: [SIM-utils-51] Simulation object is 'sim_1'
INFO: [SIM-utils-54] Inspecting design source files for 'FIR_tb' in fileset 'sim_1'...
INFO: [USF-XSim-97] Finding global include files...
INFO: [USF-XSim-98] Fetching design files from 'sim_1'...
INFO: [USF-XSim-2] XSim::Compile design
INFO: [USF-XSim-61] Executing 'COMPILE and ANALYZE' step in 'C:/Users/Public/Documents/PVSDRA/Lab_3/Lab_3.sim/sim_1/behav/xsim'
"xvhdl --incr --relax -prj FIR_tb_vhdl.prj"
INFO: [VRFC 10-163] Analyzing VHDL file "C:/Users/Public/Documents/PVSDRA/Lab_3/Lab_3.srcs/sources_1/new/FIR.vhd" into library xil_defaultlib
INFO: [VRFC 10-307] analyzing entity FIR
INFO: [VRFC 10-307] analyzing entity FIR
WARNING: [VRFC 10-1194] overwriting existing secondary unit behavioral [C:/Users/Public/Documents/PVSDRA/Lab_3/Lab_3.srcs/sources_1/new/FIR.vhd:204]
INFO: [VRFC 10-163] Analyzing VHDL file "C:/Users/Public/Documents/PVSDRA/Lab_3/Lab_3.srcs/sim_1/new/FIR_tb.vhd" into library xil_defaultlib
INFO: [VRFC 10-307] analyzing entity FIR_tb
INFO: [USF-XSim-69] 'compile' step finished in '4' seconds
INFO: [Vivado 12-5682] Launching behavioral simulation in 'C:/Users/Public/Documents/PVSDRA/Lab_3/Lab_3.sim/sim_1/behav/xsim'
INFO: [USF-XSim-3] XSim::Elaborate design
INFO: [USF-XSim-61] Executing 'ELABORATE' step in 'C:/Users/Public/Documents/PVSDRA/Lab_3/Lab_3.sim/sim_1/behav/xsim'
Vivado Simulator 2018.2
Copyright 1986-1999, 2001-2018 Xilinx, Inc. All Rights Reserved.
Running: D:/Xilinx/Vivado/2018.2/bin/unwrapped/win64.o/xelab.exe -wto ba93bc7316ac4ceb80ae35f65eb8577a --incr --debug typical --relax --mt 2 -L xil_defaultlib -L secureip --snapshot FIR_tb_behav xil_defaultlib.FIR_tb -log elaborate.log 
Using 2 slave threads.
Starting static elaboration
Completed static elaboration
Starting simulation data flow analysis
Completed simulation data flow analysis
Time Resolution for simulation is 1ps
Compiling package std.standard
Compiling package std.textio
Compiling package ieee.std_logic_1164
Compiling package ieee.numeric_std
Compiling package std.env
Compiling package ieee.std_logic_arith
Compiling package ieee.std_logic_unsigned
Compiling architecture behavioral of entity xil_defaultlib.ROM [rom_default]
Compiling architecture behavioral of entity xil_defaultlib.FSM [\FSM(baat=1)\]
Compiling architecture behavioral of entity xil_defaultlib.FIR [\FIR(baat=1)\]
Compiling architecture behavioral of entity xil_defaultlib.fir_tb
Built simulation snapshot FIR_tb_behav
INFO: [USF-XSim-69] 'elaborate' step finished in '3' seconds
Vivado Simulator 2018.2
Time resolution is 1 ps
relaunch_sim: Time (s): cpu = 00:00:01 ; elapsed = 00:00:11 . Memory (MB): peak = 941.219 ; gain = 0.258
relaunch_sim
INFO: [Vivado 12-5682] Launching behavioral simulation in 'C:/Users/Public/Documents/PVSDRA/Lab_3/Lab_3.sim/sim_1/behav/xsim'
INFO: [SIM-utils-51] Simulation object is 'sim_1'
INFO: [SIM-utils-54] Inspecting design source files for 'FIR_tb' in fileset 'sim_1'...
INFO: [USF-XSim-97] Finding global include files...
INFO: [USF-XSim-98] Fetching design files from 'sim_1'...
INFO: [USF-XSim-2] XSim::Compile design
INFO: [USF-XSim-61] Executing 'COMPILE and ANALYZE' step in 'C:/Users/Public/Documents/PVSDRA/Lab_3/Lab_3.sim/sim_1/behav/xsim'
"xvhdl --incr --relax -prj FIR_tb_vhdl.prj"
INFO: [VRFC 10-163] Analyzing VHDL file "C:/Users/Public/Documents/PVSDRA/Lab_3/Lab_3.srcs/sim_1/new/FIR_tb.vhd" into library xil_defaultlib
INFO: [VRFC 10-307] analyzing entity FIR_tb
INFO: [USF-XSim-69] 'compile' step finished in '3' seconds
INFO: [Vivado 12-5682] Launching behavioral simulation in 'C:/Users/Public/Documents/PVSDRA/Lab_3/Lab_3.sim/sim_1/behav/xsim'
INFO: [USF-XSim-3] XSim::Elaborate design
INFO: [USF-XSim-61] Executing 'ELABORATE' step in 'C:/Users/Public/Documents/PVSDRA/Lab_3/Lab_3.sim/sim_1/behav/xsim'
Vivado Simulator 2018.2
Copyright 1986-1999, 2001-2018 Xilinx, Inc. All Rights Reserved.
Running: D:/Xilinx/Vivado/2018.2/bin/unwrapped/win64.o/xelab.exe -wto ba93bc7316ac4ceb80ae35f65eb8577a --incr --debug typical --relax --mt 2 -L xil_defaultlib -L secureip --snapshot FIR_tb_behav xil_defaultlib.FIR_tb -log elaborate.log 
Using 2 slave threads.
Starting static elaboration
Completed static elaboration
Starting simulation data flow analysis
Completed simulation data flow analysis
Time Resolution for simulation is 1ps
Compiling package std.standard
Compiling package std.textio
Compiling package ieee.std_logic_1164
Compiling package ieee.numeric_std
Compiling package std.env
Compiling package ieee.std_logic_arith
Compiling package ieee.std_logic_unsigned
Compiling architecture behavioral of entity xil_defaultlib.ROM [rom_default]
Compiling architecture behavioral of entity xil_defaultlib.FSM [\FSM(baat=2)\]
Compiling architecture behavioral of entity xil_defaultlib.FIR [\FIR(baat=2)\]
Compiling architecture behavioral of entity xil_defaultlib.fir_tb
Built simulation snapshot FIR_tb_behav
INFO: [USF-XSim-69] 'elaborate' step finished in '3' seconds
Vivado Simulator 2018.2
Time resolution is 1 ps
relaunch_sim: Time (s): cpu = 00:00:01 ; elapsed = 00:00:10 . Memory (MB): peak = 943.855 ; gain = 0.000
relaunch_sim
INFO: [Vivado 12-5682] Launching behavioral simulation in 'C:/Users/Public/Documents/PVSDRA/Lab_3/Lab_3.sim/sim_1/behav/xsim'
INFO: [SIM-utils-51] Simulation object is 'sim_1'
INFO: [SIM-utils-54] Inspecting design source files for 'FIR_tb' in fileset 'sim_1'...
INFO: [USF-XSim-97] Finding global include files...
INFO: [USF-XSim-98] Fetching design files from 'sim_1'...
INFO: [USF-XSim-2] XSim::Compile design
INFO: [USF-XSim-61] Executing 'COMPILE and ANALYZE' step in 'C:/Users/Public/Documents/PVSDRA/Lab_3/Lab_3.sim/sim_1/behav/xsim'
"xvhdl --incr --relax -prj FIR_tb_vhdl.prj"
INFO: [VRFC 10-163] Analyzing VHDL file "C:/Users/Public/Documents/PVSDRA/Lab_3/Lab_3.srcs/sim_1/new/FIR_tb.vhd" into library xil_defaultlib
INFO: [VRFC 10-307] analyzing entity FIR_tb
INFO: [USF-XSim-69] 'compile' step finished in '3' seconds
INFO: [Vivado 12-5682] Launching behavioral simulation in 'C:/Users/Public/Documents/PVSDRA/Lab_3/Lab_3.sim/sim_1/behav/xsim'
INFO: [USF-XSim-3] XSim::Elaborate design
INFO: [USF-XSim-61] Executing 'ELABORATE' step in 'C:/Users/Public/Documents/PVSDRA/Lab_3/Lab_3.sim/sim_1/behav/xsim'
Vivado Simulator 2018.2
Copyright 1986-1999, 2001-2018 Xilinx, Inc. All Rights Reserved.
Running: D:/Xilinx/Vivado/2018.2/bin/unwrapped/win64.o/xelab.exe -wto ba93bc7316ac4ceb80ae35f65eb8577a --incr --debug typical --relax --mt 2 -L xil_defaultlib -L secureip --snapshot FIR_tb_behav xil_defaultlib.FIR_tb -log elaborate.log 
Using 2 slave threads.
Starting static elaboration
Completed static elaboration
Starting simulation data flow analysis
Completed simulation data flow analysis
Time Resolution for simulation is 1ps
Compiling package std.standard
Compiling package std.textio
Compiling package ieee.std_logic_1164
Compiling package ieee.numeric_std
Compiling package std.env
Compiling package ieee.std_logic_arith
Compiling package ieee.std_logic_unsigned
Compiling architecture behavioral of entity xil_defaultlib.ROM [rom_default]
Compiling architecture behavioral of entity xil_defaultlib.FSM [\FSM(baat=4)\]
Compiling architecture behavioral of entity xil_defaultlib.FIR [\FIR(baat=4)\]
Compiling architecture behavioral of entity xil_defaultlib.fir_tb
Built simulation snapshot FIR_tb_behav
INFO: [USF-XSim-69] 'elaborate' step finished in '4' seconds
Vivado Simulator 2018.2
Time resolution is 1 ps
relaunch_sim: Time (s): cpu = 00:00:01 ; elapsed = 00:00:10 . Memory (MB): peak = 943.855 ; gain = 0.000
relaunch_sim
INFO: [Vivado 12-5682] Launching behavioral simulation in 'C:/Users/Public/Documents/PVSDRA/Lab_3/Lab_3.sim/sim_1/behav/xsim'
INFO: [SIM-utils-51] Simulation object is 'sim_1'
INFO: [SIM-utils-54] Inspecting design source files for 'FIR_tb' in fileset 'sim_1'...
INFO: [USF-XSim-97] Finding global include files...
INFO: [USF-XSim-98] Fetching design files from 'sim_1'...
INFO: [USF-XSim-2] XSim::Compile design
INFO: [USF-XSim-61] Executing 'COMPILE and ANALYZE' step in 'C:/Users/Public/Documents/PVSDRA/Lab_3/Lab_3.sim/sim_1/behav/xsim'
"xvhdl --incr --relax -prj FIR_tb_vhdl.prj"
INFO: [VRFC 10-163] Analyzing VHDL file "C:/Users/Public/Documents/PVSDRA/Lab_3/Lab_3.srcs/sources_1/new/FIR.vhd" into library xil_defaultlib
INFO: [VRFC 10-307] analyzing entity FIR
INFO: [VRFC 10-163] Analyzing VHDL file "C:/Users/Public/Documents/PVSDRA/Lab_3/Lab_3.srcs/sim_1/new/FIR_tb.vhd" into library xil_defaultlib
INFO: [VRFC 10-307] analyzing entity FIR_tb
INFO: [USF-XSim-69] 'compile' step finished in '3' seconds
INFO: [Vivado 12-5682] Launching behavioral simulation in 'C:/Users/Public/Documents/PVSDRA/Lab_3/Lab_3.sim/sim_1/behav/xsim'
INFO: [USF-XSim-3] XSim::Elaborate design
INFO: [USF-XSim-61] Executing 'ELABORATE' step in 'C:/Users/Public/Documents/PVSDRA/Lab_3/Lab_3.sim/sim_1/behav/xsim'
Vivado Simulator 2018.2
Copyright 1986-1999, 2001-2018 Xilinx, Inc. All Rights Reserved.
Running: D:/Xilinx/Vivado/2018.2/bin/unwrapped/win64.o/xelab.exe -wto ba93bc7316ac4ceb80ae35f65eb8577a --incr --debug typical --relax --mt 2 -L xil_defaultlib -L secureip --snapshot FIR_tb_behav xil_defaultlib.FIR_tb -log elaborate.log 
Using 2 slave threads.
Starting static elaboration
Completed static elaboration
Starting simulation data flow analysis
Completed simulation data flow analysis
Time Resolution for simulation is 1ps
Compiling package std.standard
Compiling package std.textio
Compiling package ieee.std_logic_1164
Compiling package ieee.numeric_std
Compiling package std.env
Compiling package ieee.std_logic_arith
Compiling package ieee.std_logic_unsigned
Compiling architecture behavioral of entity xil_defaultlib.ROM [rom_default]
Compiling architecture behavioral of entity xil_defaultlib.FSM [\FSM(baat=6)\]
Compiling architecture behavioral of entity xil_defaultlib.FIR [\FIR(baat=6)\]
Compiling architecture behavioral of entity xil_defaultlib.fir_tb
Built simulation snapshot FIR_tb_behav
INFO: [USF-XSim-69] 'elaborate' step finished in '3' seconds
Vivado Simulator 2018.2
Time resolution is 1 ps
relaunch_sim: Time (s): cpu = 00:00:00 ; elapsed = 00:00:10 . Memory (MB): peak = 945.113 ; gain = 1.148
relaunch_sim
INFO: [Vivado 12-5682] Launching behavioral simulation in 'C:/Users/Public/Documents/PVSDRA/Lab_3/Lab_3.sim/sim_1/behav/xsim'
INFO: [SIM-utils-51] Simulation object is 'sim_1'
INFO: [SIM-utils-54] Inspecting design source files for 'FIR_tb' in fileset 'sim_1'...
INFO: [USF-XSim-97] Finding global include files...
INFO: [USF-XSim-98] Fetching design files from 'sim_1'...
INFO: [USF-XSim-2] XSim::Compile design
INFO: [USF-XSim-61] Executing 'COMPILE and ANALYZE' step in 'C:/Users/Public/Documents/PVSDRA/Lab_3/Lab_3.sim/sim_1/behav/xsim'
"xvhdl --incr --relax -prj FIR_tb_vhdl.prj"
INFO: [VRFC 10-163] Analyzing VHDL file "C:/Users/Public/Documents/PVSDRA/Lab_3/Lab_3.srcs/sim_1/new/FIR_tb.vhd" into library xil_defaultlib
INFO: [VRFC 10-307] analyzing entity FIR_tb
INFO: [USF-XSim-69] 'compile' step finished in '3' seconds
INFO: [Vivado 12-5682] Launching behavioral simulation in 'C:/Users/Public/Documents/PVSDRA/Lab_3/Lab_3.sim/sim_1/behav/xsim'
INFO: [USF-XSim-3] XSim::Elaborate design
INFO: [USF-XSim-61] Executing 'ELABORATE' step in 'C:/Users/Public/Documents/PVSDRA/Lab_3/Lab_3.sim/sim_1/behav/xsim'
Vivado Simulator 2018.2
Copyright 1986-1999, 2001-2018 Xilinx, Inc. All Rights Reserved.
Running: D:/Xilinx/Vivado/2018.2/bin/unwrapped/win64.o/xelab.exe -wto ba93bc7316ac4ceb80ae35f65eb8577a --incr --debug typical --relax --mt 2 -L xil_defaultlib -L secureip --snapshot FIR_tb_behav xil_defaultlib.FIR_tb -log elaborate.log 
Using 2 slave threads.
Starting static elaboration
Completed static elaboration
Starting simulation data flow analysis
Completed simulation data flow analysis
Time Resolution for simulation is 1ps
Compiling package std.standard
Compiling package std.textio
Compiling package ieee.std_logic_1164
Compiling package ieee.numeric_std
Compiling package std.env
Compiling package ieee.std_logic_arith
Compiling package ieee.std_logic_unsigned
Compiling architecture behavioral of entity xil_defaultlib.ROM [rom_default]
Compiling architecture behavioral of entity xil_defaultlib.FSM [\FSM(baat=12)\]
Compiling architecture behavioral of entity xil_defaultlib.FIR [\FIR(baat=12)\]
Compiling architecture behavioral of entity xil_defaultlib.fir_tb
Built simulation snapshot FIR_tb_behav
INFO: [USF-XSim-69] 'elaborate' step finished in '4' seconds
Vivado Simulator 2018.2
Time resolution is 1 ps
relaunch_sim: Time (s): cpu = 00:00:01 ; elapsed = 00:00:10 . Memory (MB): peak = 950.453 ; gain = 5.160
relaunch_sim
INFO: [Vivado 12-5682] Launching behavioral simulation in 'C:/Users/Public/Documents/PVSDRA/Lab_3/Lab_3.sim/sim_1/behav/xsim'
INFO: [SIM-utils-51] Simulation object is 'sim_1'
INFO: [SIM-utils-54] Inspecting design source files for 'FIR_tb' in fileset 'sim_1'...
INFO: [USF-XSim-97] Finding global include files...
INFO: [USF-XSim-98] Fetching design files from 'sim_1'...
INFO: [USF-XSim-2] XSim::Compile design
INFO: [USF-XSim-61] Executing 'COMPILE and ANALYZE' step in 'C:/Users/Public/Documents/PVSDRA/Lab_3/Lab_3.sim/sim_1/behav/xsim'
"xvhdl --incr --relax -prj FIR_tb_vhdl.prj"
INFO: [VRFC 10-163] Analyzing VHDL file "C:/Users/Public/Documents/PVSDRA/Lab_3/Lab_3.srcs/sim_1/new/FIR_tb.vhd" into library xil_defaultlib
INFO: [VRFC 10-307] analyzing entity FIR_tb
INFO: [USF-XSim-69] 'compile' step finished in '3' seconds
INFO: [Vivado 12-5682] Launching behavioral simulation in 'C:/Users/Public/Documents/PVSDRA/Lab_3/Lab_3.sim/sim_1/behav/xsim'
INFO: [USF-XSim-3] XSim::Elaborate design
INFO: [USF-XSim-61] Executing 'ELABORATE' step in 'C:/Users/Public/Documents/PVSDRA/Lab_3/Lab_3.sim/sim_1/behav/xsim'
Vivado Simulator 2018.2
Copyright 1986-1999, 2001-2018 Xilinx, Inc. All Rights Reserved.
Running: D:/Xilinx/Vivado/2018.2/bin/unwrapped/win64.o/xelab.exe -wto ba93bc7316ac4ceb80ae35f65eb8577a --incr --debug typical --relax --mt 2 -L xil_defaultlib -L secureip --snapshot FIR_tb_behav xil_defaultlib.FIR_tb -log elaborate.log 
Using 2 slave threads.
Starting static elaboration
Completed static elaboration
Starting simulation data flow analysis
Completed simulation data flow analysis
Time Resolution for simulation is 1ps
Compiling package std.standard
Compiling package std.textio
Compiling package ieee.std_logic_1164
Compiling package ieee.numeric_std
Compiling package std.env
Compiling package ieee.std_logic_arith
Compiling package ieee.std_logic_unsigned
Compiling architecture behavioral of entity xil_defaultlib.ROM [rom_default]
Compiling architecture behavioral of entity xil_defaultlib.FSM [fsm_default]
Compiling architecture behavioral of entity xil_defaultlib.FIR [fir_default]
Compiling architecture behavioral of entity xil_defaultlib.fir_tb
Built simulation snapshot FIR_tb_behav
INFO: [USF-XSim-69] 'elaborate' step finished in '5' seconds
Vivado Simulator 2018.2
Time resolution is 1 ps
relaunch_sim: Time (s): cpu = 00:00:01 ; elapsed = 00:00:11 . Memory (MB): peak = 950.813 ; gain = 0.242
close_sim
INFO: [Simtcl 6-16] Simulation closed
exit
INFO: [Common 17-206] Exiting Vivado at Wed Nov 26 18:06:16 2025...
