#-----------------------------------------------------------
# Vivado v2018.2 (64-bit)
# SW Build 2258646 on Thu Jun 14 20:03:12 MDT 2018
# IP Build 2256618 on Thu Jun 14 22:10:49 MDT 2018
# Start of session at: Sat Nov 22 14:47:26 2025
# Process ID: 11252
# Current directory: C:/Users/Public/Documents/PVSDRA/Lab_3
# Command line: vivado.exe -gui_launcher_event rodinguilauncherevent9152 C:\Users\Public\Documents\PVSDRA\Lab_3\Lab_3.xpr
# Log file: C:/Users/Public/Documents/PVSDRA/Lab_3/vivado.log
# Journal file: C:/Users/Public/Documents/PVSDRA/Lab_3\vivado.jou
#-----------------------------------------------------------
start_gui
open_project C:/Users/Public/Documents/PVSDRA/Lab_3/Lab_3.xpr
Scanning sources...
Finished scanning sources
INFO: [IP_Flow 19-234] Refreshing IP repositories
INFO: [IP_Flow 19-1704] No user IP repositories specified
INFO: [IP_Flow 19-2313] Loaded Vivado IP repository 'D:/Xilinx/Vivado/2018.2/data/ip'.
open_project: Time (s): cpu = 00:00:05 ; elapsed = 00:00:05 . Memory (MB): peak = 950.305 ; gain = 192.035
update_compile_order -fileset sources_1
open_project C:/Users/Public/Documents/fir_offset/fir.xpr
INFO: [Project 1-313] Project file moved from 'C:/Mac/Home/unik/pvsdra/fir_offset' since last save.
Scanning sources...
Finished scanning sources
WARNING: [Project 1-231] Project 'fir.xpr' was created with a future version and may or may not perform reliably with this version of Vivado. It has been opened in read-only mode for the protection of unrecognized data. Use 'File | Save Project As...' if you wish to alter a copy of the project.
INFO: [IP_Flow 19-234] Refreshing IP repositories
INFO: [IP_Flow 19-1704] No user IP repositories specified
INFO: [IP_Flow 19-2313] Loaded Vivado IP repository 'D:/Xilinx/Vivado/2018.2/data/ip'.
update_compile_order -fileset sources_1
save_project_as fir_just_look C:/Users/Public/Documents/fir_just_look -force
import_files
INFO: [filemgmt 20-348] Importing the appropriate files for fileset: 'sim_1'
INFO: [filemgmt 20-334] All file(s) are already imported in fileset: 'sources_1'
INFO: [filemgmt 20-348] Importing the appropriate files for fileset: 'sources_1'
launch_simulation
INFO: [Vivado 12-5682] Launching behavioral simulation in 'C:/Users/Public/Documents/fir_just_look/fir_just_look.sim/sim_1/behav/xsim'
INFO: [SIM-utils-51] Simulation object is 'sim_1'
INFO: [SIM-utils-54] Inspecting design source files for 'DA_fir_tb' in fileset 'sim_1'...
INFO: [USF-XSim-97] Finding global include files...
INFO: [USF-XSim-98] Fetching design files from 'sim_1'...
INFO: [USF-XSim-2] XSim::Compile design
INFO: [USF-XSim-61] Executing 'COMPILE and ANALYZE' step in 'C:/Users/Public/Documents/fir_just_look/fir_just_look.sim/sim_1/behav/xsim'
"xvhdl --incr --relax -prj DA_fir_tb_vhdl.prj"
INFO: [VRFC 10-163] Analyzing VHDL file "C:/Users/Public/Documents/fir_just_look/fir_just_look.srcs/sources_1/new/rom.vhd" into library xil_defaultlib
INFO: [VRFC 10-307] analyzing entity ROM
INFO: [VRFC 10-163] Analyzing VHDL file "C:/Users/Public/Documents/fir_just_look/fir_just_look.srcs/sources_1/new/fir_da.vhd" into library xil_defaultlib
INFO: [VRFC 10-307] analyzing entity DA_fir
INFO: [VRFC 10-163] Analyzing VHDL file "C:/Users/Public/Documents/fir_just_look/fir_just_look.srcs/sim_1/new/da_tb.vhd" into library xil_defaultlib
INFO: [VRFC 10-307] analyzing entity DA_fir_tb
INFO: [USF-XSim-69] 'compile' step finished in '2' seconds
INFO: [USF-XSim-3] XSim::Elaborate design
INFO: [USF-XSim-61] Executing 'ELABORATE' step in 'C:/Users/Public/Documents/fir_just_look/fir_just_look.sim/sim_1/behav/xsim'
Vivado Simulator 2018.2
Copyright 1986-1999, 2001-2018 Xilinx, Inc. All Rights Reserved.
Running: D:/Xilinx/Vivado/2018.2/bin/unwrapped/win64.o/xelab.exe -wto e4145d03e78147de9d6a66183b60989b --incr --debug typical --relax --mt 2 -L xil_defaultlib -L secureip --snapshot DA_fir_tb_behav xil_defaultlib.DA_fir_tb -log elaborate.log 
Using 2 slave threads.
Starting static elaboration
Completed static elaboration
Starting simulation data flow analysis
Completed simulation data flow analysis
Time Resolution for simulation is 1ps
Compiling package std.standard
Compiling package std.textio
Compiling package ieee.std_logic_1164
Compiling package ieee.numeric_std
Compiling package ieee.std_logic_textio
Compiling architecture behavioral of entity xil_defaultlib.ROM [\ROM(cells=4,addr_size=2)\]
Compiling architecture behavioral of entity xil_defaultlib.ROM [\ROM(cells=4,addr_size=2,rom_id=...]
Compiling architecture behavioral of entity xil_defaultlib.DA_fir [da_fir_default]
Compiling architecture behavioral of entity xil_defaultlib.da_fir_tb
Built simulation snapshot DA_fir_tb_behav

****** Webtalk v2018.2 (64-bit)
  **** SW Build 2258646 on Thu Jun 14 20:03:12 MDT 2018
  **** IP Build 2256618 on Thu Jun 14 22:10:49 MDT 2018
    ** Copyright 1986-2018 Xilinx, Inc. All Rights Reserved.

source C:/Users/Public/Documents/fir_just_look/fir_just_look.sim/sim_1/behav/xsim/xsim.dir/DA_fir_tb_behav/webtalk/xsim_webtalk.tcl -notrace
INFO: [Common 17-206] Exiting Webtalk at Sat Nov 22 14:54:54 2025...
run_program: Time (s): cpu = 00:00:00 ; elapsed = 00:00:06 . Memory (MB): peak = 1028.555 ; gain = 0.000
INFO: [USF-XSim-69] 'elaborate' step finished in '6' seconds
INFO: [USF-XSim-4] XSim::Simulate design
INFO: [USF-XSim-61] Executing 'SIMULATE' step in 'C:/Users/Public/Documents/fir_just_look/fir_just_look.sim/sim_1/behav/xsim'
INFO: [USF-XSim-98] *** Running xsim
   with args "DA_fir_tb_behav -key {Behavioral:sim_1:Functional:DA_fir_tb} -tclbatch {DA_fir_tb.tcl} -view {C:/Users/Public/Documents/fir_just_look/fir_just_look.srcs/sim_1/imports/fir_offset/test_DA_fir_behav.wcfg} -log {simulate.log}"
INFO: [USF-XSim-8] Loading simulator feature
Vivado Simulator 2018.2
Time resolution is 1 ps
open_wave_config C:/Users/Public/Documents/fir_just_look/fir_just_look.srcs/sim_1/imports/fir_offset/test_DA_fir_behav.wcfg
source DA_fir_tb.tcl
# set curr_wave [current_wave_config]
# if { [string length $curr_wave] == 0 } {
#   if { [llength [get_objects]] > 0} {
#     add_wave /
#     set_property needs_save false [current_wave_config]
#   } else {
#      send_msg_id Add_Wave-1 WARNING "No top level signals found. Simulator will start without a wave window. If you want to open a wave window go to 'File->New Waveform Configuration' or type 'create_wave_config' in the TCL console."
#   }
# }
# run 100ns
INFO: [USF-XSim-96] XSim completed. Design snapshot 'DA_fir_tb_behav' loaded.
INFO: [USF-XSim-97] XSim simulation ran for 100ns
launch_simulation: Time (s): cpu = 00:00:03 ; elapsed = 00:00:11 . Memory (MB): peak = 1048.910 ; gain = 20.355
current_project Lab_3
launch_simulation
INFO: [Vivado 12-5682] Launching behavioral simulation in 'C:/Users/Public/Documents/PVSDRA/Lab_3/Lab_3.sim/sim_1/behav/xsim'
INFO: [SIM-utils-51] Simulation object is 'sim_1'
INFO: [SIM-utils-54] Inspecting design source files for 'FIR_tb' in fileset 'sim_1'...
INFO: [USF-XSim-97] Finding global include files...
INFO: [USF-XSim-98] Fetching design files from 'sim_1'...
INFO: [USF-XSim-2] XSim::Compile design
INFO: [USF-XSim-61] Executing 'COMPILE and ANALYZE' step in 'C:/Users/Public/Documents/PVSDRA/Lab_3/Lab_3.sim/sim_1/behav/xsim'
"xvhdl --incr --relax -prj FIR_tb_vhdl.prj"
INFO: [VRFC 10-163] Analyzing VHDL file "C:/Users/Public/Documents/PVSDRA/Lab_3/Lab_3.srcs/sources_1/new/FSM.vhd" into library xil_defaultlib
INFO: [VRFC 10-307] analyzing entity FSM
INFO: [VRFC 10-163] Analyzing VHDL file "C:/Users/Public/Documents/PVSDRA/Lab_3/Lab_3.srcs/sources_1/new/ROM.vhd" into library xil_defaultlib
INFO: [VRFC 10-307] analyzing entity ROM
INFO: [VRFC 10-163] Analyzing VHDL file "C:/Users/Public/Documents/PVSDRA/Lab_3/Lab_3.srcs/sources_1/new/FIR.vhd" into library xil_defaultlib
INFO: [VRFC 10-307] analyzing entity FIR
INFO: [VRFC 10-163] Analyzing VHDL file "C:/Users/Public/Documents/PVSDRA/Lab_3/Lab_3.srcs/sim_1/new/FIR_tb.vhd" into library xil_defaultlib
INFO: [VRFC 10-307] analyzing entity FIR_tb
INFO: [USF-XSim-69] 'compile' step finished in '1' seconds
INFO: [USF-XSim-3] XSim::Elaborate design
INFO: [USF-XSim-61] Executing 'ELABORATE' step in 'C:/Users/Public/Documents/PVSDRA/Lab_3/Lab_3.sim/sim_1/behav/xsim'
Vivado Simulator 2018.2
Copyright 1986-1999, 2001-2018 Xilinx, Inc. All Rights Reserved.
Running: D:/Xilinx/Vivado/2018.2/bin/unwrapped/win64.o/xelab.exe -wto ba93bc7316ac4ceb80ae35f65eb8577a --incr --debug typical --relax --mt 2 -L xil_defaultlib -L secureip --snapshot FIR_tb_behav xil_defaultlib.FIR_tb -log elaborate.log 
Using 2 slave threads.
Starting static elaboration
Completed static elaboration
Starting simulation data flow analysis
Completed simulation data flow analysis
Time Resolution for simulation is 1ps
Compiling package std.standard
Compiling package std.textio
Compiling package ieee.std_logic_1164
Compiling package ieee.numeric_std
Compiling package std.env
Compiling package ieee.std_logic_arith
Compiling package ieee.std_logic_unsigned
Compiling architecture behavioral of entity xil_defaultlib.FSM [fsm_default]
Compiling architecture behavioral of entity xil_defaultlib.ROM [rom_default]
Compiling architecture behavioral of entity xil_defaultlib.FIR [fir_default]
Compiling architecture behavioral of entity xil_defaultlib.fir_tb
Built simulation snapshot FIR_tb_behav

****** Webtalk v2018.2 (64-bit)
  **** SW Build 2258646 on Thu Jun 14 20:03:12 MDT 2018
  **** IP Build 2256618 on Thu Jun 14 22:10:49 MDT 2018
    ** Copyright 1986-2018 Xilinx, Inc. All Rights Reserved.

source C:/Users/Public/Documents/PVSDRA/Lab_3/Lab_3.sim/sim_1/behav/xsim/xsim.dir/FIR_tb_behav/webtalk/xsim_webtalk.tcl -notrace
INFO: [Common 17-206] Exiting Webtalk at Sat Nov 22 15:20:19 2025...
INFO: [USF-XSim-69] 'elaborate' step finished in '3' seconds
INFO: [USF-XSim-4] XSim::Simulate design
INFO: [USF-XSim-61] Executing 'SIMULATE' step in 'C:/Users/Public/Documents/PVSDRA/Lab_3/Lab_3.sim/sim_1/behav/xsim'
INFO: [USF-XSim-98] *** Running xsim
   with args "FIR_tb_behav -key {Behavioral:sim_1:Functional:FIR_tb} -tclbatch {FIR_tb.tcl} -log {simulate.log}"
INFO: [USF-XSim-8] Loading simulator feature
Vivado Simulator 2018.2
Time resolution is 1 ps
source FIR_tb.tcl
# set curr_wave [current_wave_config]
# if { [string length $curr_wave] == 0 } {
#   if { [llength [get_objects]] > 0} {
#     add_wave /
#     set_property needs_save false [current_wave_config]
#   } else {
#      send_msg_id Add_Wave-1 WARNING "No top level signals found. Simulator will start without a wave window. If you want to open a wave window go to 'File->New Waveform Configuration' or type 'create_wave_config' in the TCL console."
#   }
# }
# run 1000ns
INFO: [USF-XSim-96] XSim completed. Design snapshot 'FIR_tb_behav' loaded.
INFO: [USF-XSim-97] XSim simulation ran for 1000ns
launch_simulation: Time (s): cpu = 00:00:01 ; elapsed = 00:00:06 . Memory (MB): peak = 1056.082 ; gain = 0.000
relaunch_sim
INFO: [Vivado 12-5682] Launching behavioral simulation in 'C:/Users/Public/Documents/PVSDRA/Lab_3/Lab_3.sim/sim_1/behav/xsim'
INFO: [SIM-utils-51] Simulation object is 'sim_1'
INFO: [SIM-utils-54] Inspecting design source files for 'FIR_tb' in fileset 'sim_1'...
INFO: [USF-XSim-97] Finding global include files...
INFO: [USF-XSim-98] Fetching design files from 'sim_1'...
INFO: [USF-XSim-2] XSim::Compile design
INFO: [USF-XSim-61] Executing 'COMPILE and ANALYZE' step in 'C:/Users/Public/Documents/PVSDRA/Lab_3/Lab_3.sim/sim_1/behav/xsim'
"xvhdl --incr --relax -prj FIR_tb_vhdl.prj"
INFO: [VRFC 10-163] Analyzing VHDL file "C:/Users/Public/Documents/PVSDRA/Lab_3/Lab_3.srcs/sources_1/new/ROM.vhd" into library xil_defaultlib
INFO: [VRFC 10-307] analyzing entity ROM
INFO: [VRFC 10-163] Analyzing VHDL file "C:/Users/Public/Documents/PVSDRA/Lab_3/Lab_3.srcs/sources_1/new/FIR.vhd" into library xil_defaultlib
INFO: [VRFC 10-307] analyzing entity FIR
INFO: [VRFC 10-163] Analyzing VHDL file "C:/Users/Public/Documents/PVSDRA/Lab_3/Lab_3.srcs/sim_1/new/FIR_tb.vhd" into library xil_defaultlib
INFO: [VRFC 10-307] analyzing entity FIR_tb
INFO: [USF-XSim-69] 'compile' step finished in '1' seconds
INFO: [Vivado 12-5682] Launching behavioral simulation in 'C:/Users/Public/Documents/PVSDRA/Lab_3/Lab_3.sim/sim_1/behav/xsim'
INFO: [USF-XSim-3] XSim::Elaborate design
INFO: [USF-XSim-61] Executing 'ELABORATE' step in 'C:/Users/Public/Documents/PVSDRA/Lab_3/Lab_3.sim/sim_1/behav/xsim'
Vivado Simulator 2018.2
Copyright 1986-1999, 2001-2018 Xilinx, Inc. All Rights Reserved.
Running: D:/Xilinx/Vivado/2018.2/bin/unwrapped/win64.o/xelab.exe -wto ba93bc7316ac4ceb80ae35f65eb8577a --incr --debug typical --relax --mt 2 -L xil_defaultlib -L secureip --snapshot FIR_tb_behav xil_defaultlib.FIR_tb -log elaborate.log 
Using 2 slave threads.
Starting static elaboration
Completed static elaboration
Starting simulation data flow analysis
Completed simulation data flow analysis
Time Resolution for simulation is 1ps
Compiling package std.standard
Compiling package std.textio
Compiling package ieee.std_logic_1164
Compiling package ieee.numeric_std
Compiling package std.env
Compiling package ieee.std_logic_arith
Compiling package ieee.std_logic_unsigned
Compiling architecture behavioral of entity xil_defaultlib.FSM [fsm_default]
Compiling architecture behavioral of entity xil_defaultlib.ROM [rom_default]
Compiling architecture behavioral of entity xil_defaultlib.FIR [fir_default]
Compiling architecture behavioral of entity xil_defaultlib.fir_tb
Built simulation snapshot FIR_tb_behav
INFO: [USF-XSim-69] 'elaborate' step finished in '2' seconds
Vivado Simulator 2018.2
Time resolution is 1 ps
relaunch_sim: Time (s): cpu = 00:00:00 ; elapsed = 00:00:06 . Memory (MB): peak = 1065.207 ; gain = 0.504
relaunch_sim
INFO: [Vivado 12-5682] Launching behavioral simulation in 'C:/Users/Public/Documents/PVSDRA/Lab_3/Lab_3.sim/sim_1/behav/xsim'
INFO: [SIM-utils-51] Simulation object is 'sim_1'
INFO: [SIM-utils-54] Inspecting design source files for 'FIR_tb' in fileset 'sim_1'...
INFO: [USF-XSim-97] Finding global include files...
INFO: [USF-XSim-98] Fetching design files from 'sim_1'...
INFO: [USF-XSim-2] XSim::Compile design
INFO: [USF-XSim-61] Executing 'COMPILE and ANALYZE' step in 'C:/Users/Public/Documents/PVSDRA/Lab_3/Lab_3.sim/sim_1/behav/xsim'
"xvhdl --incr --relax -prj FIR_tb_vhdl.prj"
INFO: [VRFC 10-163] Analyzing VHDL file "C:/Users/Public/Documents/PVSDRA/Lab_3/Lab_3.srcs/sources_1/new/FIR.vhd" into library xil_defaultlib
INFO: [VRFC 10-307] analyzing entity FIR
INFO: [VRFC 10-163] Analyzing VHDL file "C:/Users/Public/Documents/PVSDRA/Lab_3/Lab_3.srcs/sim_1/new/FIR_tb.vhd" into library xil_defaultlib
INFO: [VRFC 10-307] analyzing entity FIR_tb
INFO: [USF-XSim-69] 'compile' step finished in '1' seconds
INFO: [Vivado 12-5682] Launching behavioral simulation in 'C:/Users/Public/Documents/PVSDRA/Lab_3/Lab_3.sim/sim_1/behav/xsim'
INFO: [USF-XSim-3] XSim::Elaborate design
INFO: [USF-XSim-61] Executing 'ELABORATE' step in 'C:/Users/Public/Documents/PVSDRA/Lab_3/Lab_3.sim/sim_1/behav/xsim'
Vivado Simulator 2018.2
Copyright 1986-1999, 2001-2018 Xilinx, Inc. All Rights Reserved.
Running: D:/Xilinx/Vivado/2018.2/bin/unwrapped/win64.o/xelab.exe -wto ba93bc7316ac4ceb80ae35f65eb8577a --incr --debug typical --relax --mt 2 -L xil_defaultlib -L secureip --snapshot FIR_tb_behav xil_defaultlib.FIR_tb -log elaborate.log 
Using 2 slave threads.
Starting static elaboration
Completed static elaboration
Starting simulation data flow analysis
Completed simulation data flow analysis
Time Resolution for simulation is 1ps
Compiling package std.standard
Compiling package std.textio
Compiling package ieee.std_logic_1164
Compiling package ieee.numeric_std
Compiling package std.env
Compiling package ieee.std_logic_arith
Compiling package ieee.std_logic_unsigned
Compiling architecture behavioral of entity xil_defaultlib.FSM [fsm_default]
Compiling architecture behavioral of entity xil_defaultlib.ROM [rom_default]
Compiling architecture behavioral of entity xil_defaultlib.FIR [fir_default]
Compiling architecture behavioral of entity xil_defaultlib.fir_tb
Built simulation snapshot FIR_tb_behav
INFO: [USF-XSim-69] 'elaborate' step finished in '2' seconds
Vivado Simulator 2018.2
Time resolution is 1 ps
current_project fir_just_look
current_sim simulation_1
close_sim
INFO: [Simtcl 6-16] Simulation closed
close_project
relaunch_sim
INFO: [Vivado 12-5682] Launching behavioral simulation in 'C:/Users/Public/Documents/PVSDRA/Lab_3/Lab_3.sim/sim_1/behav/xsim'
INFO: [SIM-utils-51] Simulation object is 'sim_1'
INFO: [SIM-utils-54] Inspecting design source files for 'FIR_tb' in fileset 'sim_1'...
INFO: [USF-XSim-97] Finding global include files...
INFO: [USF-XSim-98] Fetching design files from 'sim_1'...
INFO: [USF-XSim-2] XSim::Compile design
INFO: [USF-XSim-61] Executing 'COMPILE and ANALYZE' step in 'C:/Users/Public/Documents/PVSDRA/Lab_3/Lab_3.sim/sim_1/behav/xsim'
"xvhdl --incr --relax -prj FIR_tb_vhdl.prj"
INFO: [VRFC 10-163] Analyzing VHDL file "C:/Users/Public/Documents/PVSDRA/Lab_3/Lab_3.srcs/sources_1/new/FIR.vhd" into library xil_defaultlib
INFO: [VRFC 10-307] analyzing entity FIR
INFO: [VRFC 10-163] Analyzing VHDL file "C:/Users/Public/Documents/PVSDRA/Lab_3/Lab_3.srcs/sim_1/new/FIR_tb.vhd" into library xil_defaultlib
INFO: [VRFC 10-307] analyzing entity FIR_tb
INFO: [USF-XSim-69] 'compile' step finished in '1' seconds
INFO: [Vivado 12-5682] Launching behavioral simulation in 'C:/Users/Public/Documents/PVSDRA/Lab_3/Lab_3.sim/sim_1/behav/xsim'
INFO: [USF-XSim-3] XSim::Elaborate design
INFO: [USF-XSim-61] Executing 'ELABORATE' step in 'C:/Users/Public/Documents/PVSDRA/Lab_3/Lab_3.sim/sim_1/behav/xsim'
Vivado Simulator 2018.2
Copyright 1986-1999, 2001-2018 Xilinx, Inc. All Rights Reserved.
Running: D:/Xilinx/Vivado/2018.2/bin/unwrapped/win64.o/xelab.exe -wto ba93bc7316ac4ceb80ae35f65eb8577a --incr --debug typical --relax --mt 2 -L xil_defaultlib -L secureip --snapshot FIR_tb_behav xil_defaultlib.FIR_tb -log elaborate.log 
Using 2 slave threads.
Starting static elaboration
Completed static elaboration
Starting simulation data flow analysis
Completed simulation data flow analysis
Time Resolution for simulation is 1ps
Compiling package std.standard
Compiling package std.textio
Compiling package ieee.std_logic_1164
Compiling package ieee.numeric_std
Compiling package std.env
Compiling package ieee.std_logic_arith
Compiling package ieee.std_logic_unsigned
Compiling architecture behavioral of entity xil_defaultlib.ROM [rom_default]
Compiling architecture behavioral of entity xil_defaultlib.FSM [fsm_default]
Compiling architecture behavioral of entity xil_defaultlib.FIR [fir_default]
Compiling architecture behavioral of entity xil_defaultlib.fir_tb
Built simulation snapshot FIR_tb_behav
INFO: [USF-XSim-69] 'elaborate' step finished in '1' seconds
Vivado Simulator 2018.2
Time resolution is 1 ps
INFO: [Common 17-41] Interrupt caught. Command should exit soon.
run: Time (s): cpu = 00:00:00 ; elapsed = 00:00:49 . Memory (MB): peak = 1075.887 ; gain = 0.000
INFO: [Common 17-344] 'run' was cancelled
INFO: [Common 17-344] 'source' was cancelled
relaunch_xsim_kernel: Time (s): cpu = 00:00:01 ; elapsed = 00:00:50 . Memory (MB): peak = 1075.887 ; gain = 0.000
INFO: [Common 17-344] 'relaunch_xsim_kernel' was cancelled
INFO: [Common 17-344] 'relaunch_sim' was cancelled
close_sim
INFO: [Simtcl 6-16] Simulation closed
launch_simulation
INFO: [Vivado 12-5682] Launching behavioral simulation in 'C:/Users/Public/Documents/PVSDRA/Lab_3/Lab_3.sim/sim_1/behav/xsim'
INFO: [SIM-utils-51] Simulation object is 'sim_1'
INFO: [SIM-utils-54] Inspecting design source files for 'FIR_tb' in fileset 'sim_1'...
INFO: [USF-XSim-97] Finding global include files...
INFO: [USF-XSim-98] Fetching design files from 'sim_1'...
INFO: [USF-XSim-2] XSim::Compile design
INFO: [USF-XSim-61] Executing 'COMPILE and ANALYZE' step in 'C:/Users/Public/Documents/PVSDRA/Lab_3/Lab_3.sim/sim_1/behav/xsim'
"xvhdl --incr --relax -prj FIR_tb_vhdl.prj"
INFO: [VRFC 10-163] Analyzing VHDL file "C:/Users/Public/Documents/PVSDRA/Lab_3/Lab_3.srcs/sim_1/new/FIR_tb.vhd" into library xil_defaultlib
INFO: [VRFC 10-307] analyzing entity FIR_tb
INFO: [USF-XSim-69] 'compile' step finished in '1' seconds
INFO: [USF-XSim-3] XSim::Elaborate design
INFO: [USF-XSim-61] Executing 'ELABORATE' step in 'C:/Users/Public/Documents/PVSDRA/Lab_3/Lab_3.sim/sim_1/behav/xsim'
Vivado Simulator 2018.2
Copyright 1986-1999, 2001-2018 Xilinx, Inc. All Rights Reserved.
Running: D:/Xilinx/Vivado/2018.2/bin/unwrapped/win64.o/xelab.exe -wto ba93bc7316ac4ceb80ae35f65eb8577a --incr --debug typical --relax --mt 2 -L xil_defaultlib -L secureip --snapshot FIR_tb_behav xil_defaultlib.FIR_tb -log elaborate.log 
Using 2 slave threads.
Starting static elaboration
Completed static elaboration
Starting simulation data flow analysis
Completed simulation data flow analysis
Time Resolution for simulation is 1ps
Compiling package std.standard
Compiling package std.textio
Compiling package ieee.std_logic_1164
Compiling package ieee.numeric_std
Compiling package std.env
Compiling package ieee.std_logic_arith
Compiling package ieee.std_logic_unsigned
Compiling architecture behavioral of entity xil_defaultlib.ROM [rom_default]
Compiling architecture behavioral of entity xil_defaultlib.FSM [fsm_default]
Compiling architecture behavioral of entity xil_defaultlib.FIR [fir_default]
Compiling architecture behavioral of entity xil_defaultlib.fir_tb
Built simulation snapshot FIR_tb_behav
INFO: [USF-XSim-69] 'elaborate' step finished in '1' seconds
INFO: [USF-XSim-4] XSim::Simulate design
INFO: [USF-XSim-61] Executing 'SIMULATE' step in 'C:/Users/Public/Documents/PVSDRA/Lab_3/Lab_3.sim/sim_1/behav/xsim'
INFO: [USF-XSim-98] *** Running xsim
   with args "FIR_tb_behav -key {Behavioral:sim_1:Functional:FIR_tb} -tclbatch {FIR_tb.tcl} -log {simulate.log}"
INFO: [USF-XSim-8] Loading simulator feature
Vivado Simulator 2018.2
Time resolution is 1 ps
source FIR_tb.tcl
# set curr_wave [current_wave_config]
# if { [string length $curr_wave] == 0 } {
#   if { [llength [get_objects]] > 0} {
#     add_wave /
#     set_property needs_save false [current_wave_config]
#   } else {
#      send_msg_id Add_Wave-1 WARNING "No top level signals found. Simulator will start without a wave window. If you want to open a wave window go to 'File->New Waveform Configuration' or type 'create_wave_config' in the TCL console."
#   }
# }
# run 1000ns
INFO: [Common 17-41] Interrupt caught. Command should exit soon.
run: Time (s): cpu = 00:00:01 ; elapsed = 00:03:57 . Memory (MB): peak = 1075.887 ; gain = 0.000
INFO: [Common 17-344] 'run' was cancelled
INFO: [Common 17-344] 'source' was cancelled
xsim: Time (s): cpu = 00:00:01 ; elapsed = 00:03:58 . Memory (MB): peak = 1075.887 ; gain = 0.000
INFO: [Common 17-344] 'xsim' was cancelled
INFO: [Vivado 12-5357] 'simulate' step aborted
launch_simulation: Time (s): cpu = 00:00:01 ; elapsed = 00:04:01 . Memory (MB): peak = 1075.887 ; gain = 0.000
INFO: [Common 17-344] 'launch_simulation' was cancelled
relaunch_sim
INFO: [Vivado 12-5682] Launching behavioral simulation in 'C:/Users/Public/Documents/PVSDRA/Lab_3/Lab_3.sim/sim_1/behav/xsim'
INFO: [SIM-utils-51] Simulation object is 'sim_1'
INFO: [SIM-utils-54] Inspecting design source files for 'FIR_tb' in fileset 'sim_1'...
INFO: [USF-XSim-97] Finding global include files...
INFO: [USF-XSim-98] Fetching design files from 'sim_1'...
INFO: [USF-XSim-2] XSim::Compile design
INFO: [USF-XSim-61] Executing 'COMPILE and ANALYZE' step in 'C:/Users/Public/Documents/PVSDRA/Lab_3/Lab_3.sim/sim_1/behav/xsim'
"xvhdl --incr --relax -prj FIR_tb_vhdl.prj"
INFO: [VRFC 10-163] Analyzing VHDL file "C:/Users/Public/Documents/PVSDRA/Lab_3/Lab_3.srcs/sources_1/new/FIR.vhd" into library xil_defaultlib
INFO: [VRFC 10-307] analyzing entity FIR
INFO: [VRFC 10-163] Analyzing VHDL file "C:/Users/Public/Documents/PVSDRA/Lab_3/Lab_3.srcs/sim_1/new/FIR_tb.vhd" into library xil_defaultlib
INFO: [VRFC 10-307] analyzing entity FIR_tb
INFO: [USF-XSim-69] 'compile' step finished in '2' seconds
INFO: [Vivado 12-5682] Launching behavioral simulation in 'C:/Users/Public/Documents/PVSDRA/Lab_3/Lab_3.sim/sim_1/behav/xsim'
INFO: [USF-XSim-3] XSim::Elaborate design
INFO: [USF-XSim-61] Executing 'ELABORATE' step in 'C:/Users/Public/Documents/PVSDRA/Lab_3/Lab_3.sim/sim_1/behav/xsim'
Vivado Simulator 2018.2
Copyright 1986-1999, 2001-2018 Xilinx, Inc. All Rights Reserved.
Running: D:/Xilinx/Vivado/2018.2/bin/unwrapped/win64.o/xelab.exe -wto ba93bc7316ac4ceb80ae35f65eb8577a --incr --debug typical --relax --mt 2 -L xil_defaultlib -L secureip --snapshot FIR_tb_behav xil_defaultlib.FIR_tb -log elaborate.log 
Using 2 slave threads.
Starting static elaboration
Completed static elaboration
Starting simulation data flow analysis
Completed simulation data flow analysis
Time Resolution for simulation is 1ps
Compiling package std.standard
Compiling package std.textio
Compiling package ieee.std_logic_1164
Compiling package ieee.numeric_std
Compiling package std.env
Compiling package ieee.std_logic_arith
Compiling package ieee.std_logic_unsigned
Compiling architecture behavioral of entity xil_defaultlib.FSM [fsm_default]
Compiling architecture behavioral of entity xil_defaultlib.ROM [rom_default]
Compiling architecture behavioral of entity xil_defaultlib.FIR [fir_default]
Compiling architecture behavioral of entity xil_defaultlib.fir_tb
Built simulation snapshot FIR_tb_behav
INFO: [USF-XSim-69] 'elaborate' step finished in '2' seconds
Vivado Simulator 2018.2
Time resolution is 1 ps
relaunch_sim: Time (s): cpu = 00:00:00 ; elapsed = 00:00:07 . Memory (MB): peak = 1075.887 ; gain = 0.000
relaunch_sim
INFO: [Vivado 12-5682] Launching behavioral simulation in 'C:/Users/Public/Documents/PVSDRA/Lab_3/Lab_3.sim/sim_1/behav/xsim'
INFO: [SIM-utils-51] Simulation object is 'sim_1'
INFO: [SIM-utils-54] Inspecting design source files for 'FIR_tb' in fileset 'sim_1'...
INFO: [USF-XSim-97] Finding global include files...
INFO: [USF-XSim-98] Fetching design files from 'sim_1'...
INFO: [USF-XSim-2] XSim::Compile design
INFO: [USF-XSim-61] Executing 'COMPILE and ANALYZE' step in 'C:/Users/Public/Documents/PVSDRA/Lab_3/Lab_3.sim/sim_1/behav/xsim'
"xvhdl --incr --relax -prj FIR_tb_vhdl.prj"
INFO: [VRFC 10-163] Analyzing VHDL file "C:/Users/Public/Documents/PVSDRA/Lab_3/Lab_3.srcs/sources_1/new/FIR.vhd" into library xil_defaultlib
INFO: [VRFC 10-307] analyzing entity FIR
INFO: [VRFC 10-163] Analyzing VHDL file "C:/Users/Public/Documents/PVSDRA/Lab_3/Lab_3.srcs/sim_1/new/FIR_tb.vhd" into library xil_defaultlib
INFO: [VRFC 10-307] analyzing entity FIR_tb
INFO: [USF-XSim-69] 'compile' step finished in '1' seconds
INFO: [Vivado 12-5682] Launching behavioral simulation in 'C:/Users/Public/Documents/PVSDRA/Lab_3/Lab_3.sim/sim_1/behav/xsim'
INFO: [USF-XSim-3] XSim::Elaborate design
INFO: [USF-XSim-61] Executing 'ELABORATE' step in 'C:/Users/Public/Documents/PVSDRA/Lab_3/Lab_3.sim/sim_1/behav/xsim'
Vivado Simulator 2018.2
Copyright 1986-1999, 2001-2018 Xilinx, Inc. All Rights Reserved.
Running: D:/Xilinx/Vivado/2018.2/bin/unwrapped/win64.o/xelab.exe -wto ba93bc7316ac4ceb80ae35f65eb8577a --incr --debug typical --relax --mt 2 -L xil_defaultlib -L secureip --snapshot FIR_tb_behav xil_defaultlib.FIR_tb -log elaborate.log 
Using 2 slave threads.
Starting static elaboration
Completed static elaboration
Starting simulation data flow analysis
Completed simulation data flow analysis
Time Resolution for simulation is 1ps
Compiling package std.standard
Compiling package std.textio
Compiling package ieee.std_logic_1164
Compiling package ieee.numeric_std
Compiling package std.env
Compiling package ieee.std_logic_arith
Compiling package ieee.std_logic_unsigned
Compiling architecture behavioral of entity xil_defaultlib.ROM [rom_default]
Compiling architecture behavioral of entity xil_defaultlib.FSM [fsm_default]
Compiling architecture behavioral of entity xil_defaultlib.FIR [fir_default]
Compiling architecture behavioral of entity xil_defaultlib.fir_tb
Built simulation snapshot FIR_tb_behav
INFO: [USF-XSim-69] 'elaborate' step finished in '1' seconds
Vivado Simulator 2018.2
Time resolution is 1 ps
ERROR: Index -1 out of bound 11 downto 0
Time: 0 ps  Iteration: 0  Process: /FIR_tb/uut/gen_shift
  File: C:/Users/Public/Documents/PVSDRA/Lab_3/Lab_3.srcs/sources_1/new/FIR.vhd

HDL Line: C:/Users/Public/Documents/PVSDRA/Lab_3/Lab_3.srcs/sources_1/new/FIR.vhd:88
relaunch_sim
INFO: [Vivado 12-5682] Launching behavioral simulation in 'C:/Users/Public/Documents/PVSDRA/Lab_3/Lab_3.sim/sim_1/behav/xsim'
INFO: [SIM-utils-51] Simulation object is 'sim_1'
INFO: [SIM-utils-54] Inspecting design source files for 'FIR_tb' in fileset 'sim_1'...
INFO: [USF-XSim-97] Finding global include files...
INFO: [USF-XSim-98] Fetching design files from 'sim_1'...
INFO: [USF-XSim-2] XSim::Compile design
INFO: [USF-XSim-61] Executing 'COMPILE and ANALYZE' step in 'C:/Users/Public/Documents/PVSDRA/Lab_3/Lab_3.sim/sim_1/behav/xsim'
"xvhdl --incr --relax -prj FIR_tb_vhdl.prj"
INFO: [VRFC 10-163] Analyzing VHDL file "C:/Users/Public/Documents/PVSDRA/Lab_3/Lab_3.srcs/sources_1/new/FIR.vhd" into library xil_defaultlib
INFO: [VRFC 10-307] analyzing entity FIR
INFO: [VRFC 10-163] Analyzing VHDL file "C:/Users/Public/Documents/PVSDRA/Lab_3/Lab_3.srcs/sim_1/new/FIR_tb.vhd" into library xil_defaultlib
INFO: [VRFC 10-307] analyzing entity FIR_tb
INFO: [USF-XSim-69] 'compile' step finished in '1' seconds
INFO: [Vivado 12-5682] Launching behavioral simulation in 'C:/Users/Public/Documents/PVSDRA/Lab_3/Lab_3.sim/sim_1/behav/xsim'
INFO: [USF-XSim-3] XSim::Elaborate design
INFO: [USF-XSim-61] Executing 'ELABORATE' step in 'C:/Users/Public/Documents/PVSDRA/Lab_3/Lab_3.sim/sim_1/behav/xsim'
Vivado Simulator 2018.2
Copyright 1986-1999, 2001-2018 Xilinx, Inc. All Rights Reserved.
Running: D:/Xilinx/Vivado/2018.2/bin/unwrapped/win64.o/xelab.exe -wto ba93bc7316ac4ceb80ae35f65eb8577a --incr --debug typical --relax --mt 2 -L xil_defaultlib -L secureip --snapshot FIR_tb_behav xil_defaultlib.FIR_tb -log elaborate.log 
Using 2 slave threads.
Starting static elaboration
Completed static elaboration
Starting simulation data flow analysis
Completed simulation data flow analysis
Time Resolution for simulation is 1ps
Compiling package std.standard
Compiling package std.textio
Compiling package ieee.std_logic_1164
Compiling package ieee.numeric_std
Compiling package std.env
Compiling package ieee.std_logic_arith
Compiling package ieee.std_logic_unsigned
Compiling architecture behavioral of entity xil_defaultlib.ROM [rom_default]
Compiling architecture behavioral of entity xil_defaultlib.FSM [fsm_default]
Compiling architecture behavioral of entity xil_defaultlib.FIR [fir_default]
Compiling architecture behavioral of entity xil_defaultlib.fir_tb
Built simulation snapshot FIR_tb_behav
INFO: [USF-XSim-69] 'elaborate' step finished in '2' seconds
Vivado Simulator 2018.2
Time resolution is 1 ps
ERROR: Index -1 out of bound 11 downto 0
Time: 0 ps  Iteration: 0  Process: /FIR_tb/uut/gen_shift
  File: C:/Users/Public/Documents/PVSDRA/Lab_3/Lab_3.srcs/sources_1/new/FIR.vhd

HDL Line: C:/Users/Public/Documents/PVSDRA/Lab_3/Lab_3.srcs/sources_1/new/FIR.vhd:88
relaunch_sim
INFO: [Vivado 12-5682] Launching behavioral simulation in 'C:/Users/Public/Documents/PVSDRA/Lab_3/Lab_3.sim/sim_1/behav/xsim'
INFO: [SIM-utils-51] Simulation object is 'sim_1'
INFO: [SIM-utils-54] Inspecting design source files for 'FIR_tb' in fileset 'sim_1'...
INFO: [USF-XSim-97] Finding global include files...
INFO: [USF-XSim-98] Fetching design files from 'sim_1'...
INFO: [USF-XSim-2] XSim::Compile design
INFO: [USF-XSim-61] Executing 'COMPILE and ANALYZE' step in 'C:/Users/Public/Documents/PVSDRA/Lab_3/Lab_3.sim/sim_1/behav/xsim'
"xvhdl --incr --relax -prj FIR_tb_vhdl.prj"
INFO: [VRFC 10-163] Analyzing VHDL file "C:/Users/Public/Documents/PVSDRA/Lab_3/Lab_3.srcs/sources_1/new/FIR.vhd" into library xil_defaultlib
INFO: [VRFC 10-307] analyzing entity FIR
INFO: [VRFC 10-163] Analyzing VHDL file "C:/Users/Public/Documents/PVSDRA/Lab_3/Lab_3.srcs/sim_1/new/FIR_tb.vhd" into library xil_defaultlib
INFO: [VRFC 10-307] analyzing entity FIR_tb
INFO: [USF-XSim-69] 'compile' step finished in '1' seconds
INFO: [Vivado 12-5682] Launching behavioral simulation in 'C:/Users/Public/Documents/PVSDRA/Lab_3/Lab_3.sim/sim_1/behav/xsim'
INFO: [USF-XSim-3] XSim::Elaborate design
INFO: [USF-XSim-61] Executing 'ELABORATE' step in 'C:/Users/Public/Documents/PVSDRA/Lab_3/Lab_3.sim/sim_1/behav/xsim'
Vivado Simulator 2018.2
Copyright 1986-1999, 2001-2018 Xilinx, Inc. All Rights Reserved.
Running: D:/Xilinx/Vivado/2018.2/bin/unwrapped/win64.o/xelab.exe -wto ba93bc7316ac4ceb80ae35f65eb8577a --incr --debug typical --relax --mt 2 -L xil_defaultlib -L secureip --snapshot FIR_tb_behav xil_defaultlib.FIR_tb -log elaborate.log 
Using 2 slave threads.
Starting static elaboration
Completed static elaboration
Starting simulation data flow analysis
Completed simulation data flow analysis
Time Resolution for simulation is 1ps
Compiling package std.standard
Compiling package std.textio
Compiling package ieee.std_logic_1164
Compiling package ieee.numeric_std
Compiling package std.env
Compiling package ieee.std_logic_arith
Compiling package ieee.std_logic_unsigned
Compiling architecture behavioral of entity xil_defaultlib.ROM [rom_default]
Compiling architecture behavioral of entity xil_defaultlib.FSM [fsm_default]
Compiling architecture behavioral of entity xil_defaultlib.FIR [fir_default]
Compiling architecture behavioral of entity xil_defaultlib.fir_tb
Built simulation snapshot FIR_tb_behav
INFO: [USF-XSim-69] 'elaborate' step finished in '2' seconds
Vivado Simulator 2018.2
Time resolution is 1 ps
ERROR: Index -1 out of bound 11 downto 0
Time: 0 ps  Iteration: 0  Process: /FIR_tb/uut/gen_shift
  File: C:/Users/Public/Documents/PVSDRA/Lab_3/Lab_3.srcs/sources_1/new/FIR.vhd

HDL Line: C:/Users/Public/Documents/PVSDRA/Lab_3/Lab_3.srcs/sources_1/new/FIR.vhd:88
relaunch_sim
INFO: [Vivado 12-5682] Launching behavioral simulation in 'C:/Users/Public/Documents/PVSDRA/Lab_3/Lab_3.sim/sim_1/behav/xsim'
INFO: [SIM-utils-51] Simulation object is 'sim_1'
INFO: [SIM-utils-54] Inspecting design source files for 'FIR_tb' in fileset 'sim_1'...
INFO: [USF-XSim-97] Finding global include files...
INFO: [USF-XSim-98] Fetching design files from 'sim_1'...
INFO: [USF-XSim-2] XSim::Compile design
INFO: [USF-XSim-61] Executing 'COMPILE and ANALYZE' step in 'C:/Users/Public/Documents/PVSDRA/Lab_3/Lab_3.sim/sim_1/behav/xsim'
"xvhdl --incr --relax -prj FIR_tb_vhdl.prj"
INFO: [USF-XSim-69] 'compile' step finished in '1' seconds
INFO: [Vivado 12-5682] Launching behavioral simulation in 'C:/Users/Public/Documents/PVSDRA/Lab_3/Lab_3.sim/sim_1/behav/xsim'
INFO: [USF-XSim-3] XSim::Elaborate design
INFO: [USF-XSim-61] Executing 'ELABORATE' step in 'C:/Users/Public/Documents/PVSDRA/Lab_3/Lab_3.sim/sim_1/behav/xsim'
Vivado Simulator 2018.2
Copyright 1986-1999, 2001-2018 Xilinx, Inc. All Rights Reserved.
Running: D:/Xilinx/Vivado/2018.2/bin/unwrapped/win64.o/xelab.exe -wto ba93bc7316ac4ceb80ae35f65eb8577a --incr --debug typical --relax --mt 2 -L xil_defaultlib -L secureip --snapshot FIR_tb_behav xil_defaultlib.FIR_tb -log elaborate.log 
Using 2 slave threads.
Starting static elaboration
Completed static elaboration
INFO: [XSIM 43-4323] No Change in HDL. Linking previously generated obj files to create kernel
INFO: [USF-XSim-69] 'elaborate' step finished in '1' seconds
Vivado Simulator 2018.2
Time resolution is 1 ps
ERROR: Index -1 out of bound 11 downto 0
Time: 0 ps  Iteration: 0  Process: /FIR_tb/uut/gen_shift
  File: C:/Users/Public/Documents/PVSDRA/Lab_3/Lab_3.srcs/sources_1/new/FIR.vhd

HDL Line: C:/Users/Public/Documents/PVSDRA/Lab_3/Lab_3.srcs/sources_1/new/FIR.vhd:88
run all
ERROR: [Simulator 45-1] A fatal run-time error was detected.  Simulation cannot continue.
run all
ERROR: [Simulator 45-1] A fatal run-time error was detected.  Simulation cannot continue.
relaunch_sim
INFO: [Vivado 12-5682] Launching behavioral simulation in 'C:/Users/Public/Documents/PVSDRA/Lab_3/Lab_3.sim/sim_1/behav/xsim'
INFO: [SIM-utils-51] Simulation object is 'sim_1'
INFO: [SIM-utils-54] Inspecting design source files for 'FIR_tb' in fileset 'sim_1'...
INFO: [USF-XSim-97] Finding global include files...
INFO: [USF-XSim-98] Fetching design files from 'sim_1'...
INFO: [USF-XSim-2] XSim::Compile design
INFO: [USF-XSim-61] Executing 'COMPILE and ANALYZE' step in 'C:/Users/Public/Documents/PVSDRA/Lab_3/Lab_3.sim/sim_1/behav/xsim'
"xvhdl --incr --relax -prj FIR_tb_vhdl.prj"
INFO: [VRFC 10-163] Analyzing VHDL file "C:/Users/Public/Documents/PVSDRA/Lab_3/Lab_3.srcs/sources_1/new/FIR.vhd" into library xil_defaultlib
INFO: [VRFC 10-307] analyzing entity FIR
INFO: [VRFC 10-163] Analyzing VHDL file "C:/Users/Public/Documents/PVSDRA/Lab_3/Lab_3.srcs/sim_1/new/FIR_tb.vhd" into library xil_defaultlib
INFO: [VRFC 10-307] analyzing entity FIR_tb
INFO: [USF-XSim-69] 'compile' step finished in '1' seconds
INFO: [Vivado 12-5682] Launching behavioral simulation in 'C:/Users/Public/Documents/PVSDRA/Lab_3/Lab_3.sim/sim_1/behav/xsim'
INFO: [USF-XSim-3] XSim::Elaborate design
INFO: [USF-XSim-61] Executing 'ELABORATE' step in 'C:/Users/Public/Documents/PVSDRA/Lab_3/Lab_3.sim/sim_1/behav/xsim'
Vivado Simulator 2018.2
Copyright 1986-1999, 2001-2018 Xilinx, Inc. All Rights Reserved.
Running: D:/Xilinx/Vivado/2018.2/bin/unwrapped/win64.o/xelab.exe -wto ba93bc7316ac4ceb80ae35f65eb8577a --incr --debug typical --relax --mt 2 -L xil_defaultlib -L secureip --snapshot FIR_tb_behav xil_defaultlib.FIR_tb -log elaborate.log 
Using 2 slave threads.
Starting static elaboration
Completed static elaboration
Starting simulation data flow analysis
Completed simulation data flow analysis
Time Resolution for simulation is 1ps
Compiling package std.standard
Compiling package std.textio
Compiling package ieee.std_logic_1164
Compiling package ieee.numeric_std
Compiling package std.env
Compiling package ieee.std_logic_arith
Compiling package ieee.std_logic_unsigned
Compiling architecture behavioral of entity xil_defaultlib.ROM [rom_default]
Compiling architecture behavioral of entity xil_defaultlib.FSM [fsm_default]
Compiling architecture behavioral of entity xil_defaultlib.FIR [fir_default]
Compiling architecture behavioral of entity xil_defaultlib.fir_tb
Built simulation snapshot FIR_tb_behav
INFO: [USF-XSim-69] 'elaborate' step finished in '1' seconds
Vivado Simulator 2018.2
Time resolution is 1 ps
ERROR: Index -1 out of bound 11 downto 0
Time: 0 ps  Iteration: 0  Process: /FIR_tb/uut/gen_shift
  File: C:/Users/Public/Documents/PVSDRA/Lab_3/Lab_3.srcs/sources_1/new/FIR.vhd

HDL Line: C:/Users/Public/Documents/PVSDRA/Lab_3/Lab_3.srcs/sources_1/new/FIR.vhd:91
relaunch_sim
INFO: [Vivado 12-5682] Launching behavioral simulation in 'C:/Users/Public/Documents/PVSDRA/Lab_3/Lab_3.sim/sim_1/behav/xsim'
INFO: [SIM-utils-51] Simulation object is 'sim_1'
INFO: [SIM-utils-54] Inspecting design source files for 'FIR_tb' in fileset 'sim_1'...
INFO: [USF-XSim-97] Finding global include files...
INFO: [USF-XSim-98] Fetching design files from 'sim_1'...
INFO: [USF-XSim-2] XSim::Compile design
INFO: [USF-XSim-61] Executing 'COMPILE and ANALYZE' step in 'C:/Users/Public/Documents/PVSDRA/Lab_3/Lab_3.sim/sim_1/behav/xsim'
"xvhdl --incr --relax -prj FIR_tb_vhdl.prj"
INFO: [USF-XSim-69] 'compile' step finished in '1' seconds
INFO: [Vivado 12-5682] Launching behavioral simulation in 'C:/Users/Public/Documents/PVSDRA/Lab_3/Lab_3.sim/sim_1/behav/xsim'
INFO: [USF-XSim-3] XSim::Elaborate design
INFO: [USF-XSim-61] Executing 'ELABORATE' step in 'C:/Users/Public/Documents/PVSDRA/Lab_3/Lab_3.sim/sim_1/behav/xsim'
Vivado Simulator 2018.2
Copyright 1986-1999, 2001-2018 Xilinx, Inc. All Rights Reserved.
Running: D:/Xilinx/Vivado/2018.2/bin/unwrapped/win64.o/xelab.exe -wto ba93bc7316ac4ceb80ae35f65eb8577a --incr --debug typical --relax --mt 2 -L xil_defaultlib -L secureip --snapshot FIR_tb_behav xil_defaultlib.FIR_tb -log elaborate.log 
Using 2 slave threads.
Starting static elaboration
Completed static elaboration
INFO: [XSIM 43-4323] No Change in HDL. Linking previously generated obj files to create kernel
INFO: [USF-XSim-69] 'elaborate' step finished in '1' seconds
Vivado Simulator 2018.2
Time resolution is 1 ps
ERROR: Index -1 out of bound 11 downto 0
Time: 0 ps  Iteration: 0  Process: /FIR_tb/uut/gen_shift
  File: C:/Users/Public/Documents/PVSDRA/Lab_3/Lab_3.srcs/sources_1/new/FIR.vhd

HDL Line: C:/Users/Public/Documents/PVSDRA/Lab_3/Lab_3.srcs/sources_1/new/FIR.vhd:91
relaunch_sim
INFO: [Vivado 12-5682] Launching behavioral simulation in 'C:/Users/Public/Documents/PVSDRA/Lab_3/Lab_3.sim/sim_1/behav/xsim'
INFO: [SIM-utils-51] Simulation object is 'sim_1'
INFO: [SIM-utils-54] Inspecting design source files for 'FIR_tb' in fileset 'sim_1'...
INFO: [USF-XSim-97] Finding global include files...
INFO: [USF-XSim-98] Fetching design files from 'sim_1'...
INFO: [USF-XSim-2] XSim::Compile design
INFO: [USF-XSim-61] Executing 'COMPILE and ANALYZE' step in 'C:/Users/Public/Documents/PVSDRA/Lab_3/Lab_3.sim/sim_1/behav/xsim'
"xvhdl --incr --relax -prj FIR_tb_vhdl.prj"
INFO: [VRFC 10-163] Analyzing VHDL file "C:/Users/Public/Documents/PVSDRA/Lab_3/Lab_3.srcs/sources_1/new/FIR.vhd" into library xil_defaultlib
INFO: [VRFC 10-307] analyzing entity FIR
INFO: [VRFC 10-163] Analyzing VHDL file "C:/Users/Public/Documents/PVSDRA/Lab_3/Lab_3.srcs/sim_1/new/FIR_tb.vhd" into library xil_defaultlib
INFO: [VRFC 10-307] analyzing entity FIR_tb
INFO: [USF-XSim-69] 'compile' step finished in '1' seconds
INFO: [Vivado 12-5682] Launching behavioral simulation in 'C:/Users/Public/Documents/PVSDRA/Lab_3/Lab_3.sim/sim_1/behav/xsim'
INFO: [USF-XSim-3] XSim::Elaborate design
INFO: [USF-XSim-61] Executing 'ELABORATE' step in 'C:/Users/Public/Documents/PVSDRA/Lab_3/Lab_3.sim/sim_1/behav/xsim'
Vivado Simulator 2018.2
Copyright 1986-1999, 2001-2018 Xilinx, Inc. All Rights Reserved.
Running: D:/Xilinx/Vivado/2018.2/bin/unwrapped/win64.o/xelab.exe -wto ba93bc7316ac4ceb80ae35f65eb8577a --incr --debug typical --relax --mt 2 -L xil_defaultlib -L secureip --snapshot FIR_tb_behav xil_defaultlib.FIR_tb -log elaborate.log 
Using 2 slave threads.
Starting static elaboration
Completed static elaboration
Starting simulation data flow analysis
Completed simulation data flow analysis
Time Resolution for simulation is 1ps
Compiling package std.standard
Compiling package std.textio
Compiling package ieee.std_logic_1164
Compiling package ieee.numeric_std
Compiling package std.env
Compiling package ieee.std_logic_arith
Compiling package ieee.std_logic_unsigned
Compiling architecture behavioral of entity xil_defaultlib.ROM [rom_default]
Compiling architecture behavioral of entity xil_defaultlib.FSM [fsm_default]
Compiling architecture behavioral of entity xil_defaultlib.FIR [fir_default]
Compiling architecture behavioral of entity xil_defaultlib.fir_tb
Built simulation snapshot FIR_tb_behav
INFO: [USF-XSim-69] 'elaborate' step finished in '1' seconds
Vivado Simulator 2018.2
Time resolution is 1 ps
relaunch_sim
INFO: [Vivado 12-5682] Launching behavioral simulation in 'C:/Users/Public/Documents/PVSDRA/Lab_3/Lab_3.sim/sim_1/behav/xsim'
INFO: [SIM-utils-51] Simulation object is 'sim_1'
INFO: [SIM-utils-54] Inspecting design source files for 'FIR_tb' in fileset 'sim_1'...
INFO: [USF-XSim-97] Finding global include files...
INFO: [USF-XSim-98] Fetching design files from 'sim_1'...
INFO: [USF-XSim-2] XSim::Compile design
INFO: [USF-XSim-61] Executing 'COMPILE and ANALYZE' step in 'C:/Users/Public/Documents/PVSDRA/Lab_3/Lab_3.sim/sim_1/behav/xsim'
"xvhdl --incr --relax -prj FIR_tb_vhdl.prj"
INFO: [VRFC 10-163] Analyzing VHDL file "C:/Users/Public/Documents/PVSDRA/Lab_3/Lab_3.srcs/sources_1/new/FIR.vhd" into library xil_defaultlib
INFO: [VRFC 10-307] analyzing entity FIR
INFO: [VRFC 10-163] Analyzing VHDL file "C:/Users/Public/Documents/PVSDRA/Lab_3/Lab_3.srcs/sim_1/new/FIR_tb.vhd" into library xil_defaultlib
INFO: [VRFC 10-307] analyzing entity FIR_tb
INFO: [USF-XSim-69] 'compile' step finished in '1' seconds
INFO: [Vivado 12-5682] Launching behavioral simulation in 'C:/Users/Public/Documents/PVSDRA/Lab_3/Lab_3.sim/sim_1/behav/xsim'
INFO: [USF-XSim-3] XSim::Elaborate design
INFO: [USF-XSim-61] Executing 'ELABORATE' step in 'C:/Users/Public/Documents/PVSDRA/Lab_3/Lab_3.sim/sim_1/behav/xsim'
Vivado Simulator 2018.2
Copyright 1986-1999, 2001-2018 Xilinx, Inc. All Rights Reserved.
Running: D:/Xilinx/Vivado/2018.2/bin/unwrapped/win64.o/xelab.exe -wto ba93bc7316ac4ceb80ae35f65eb8577a --incr --debug typical --relax --mt 2 -L xil_defaultlib -L secureip --snapshot FIR_tb_behav xil_defaultlib.FIR_tb -log elaborate.log 
Using 2 slave threads.
Starting static elaboration
Completed static elaboration
Starting simulation data flow analysis
Completed simulation data flow analysis
Time Resolution for simulation is 1ps
Compiling package std.standard
Compiling package std.textio
Compiling package ieee.std_logic_1164
Compiling package ieee.numeric_std
Compiling package std.env
Compiling package ieee.std_logic_arith
Compiling package ieee.std_logic_unsigned
Compiling architecture behavioral of entity xil_defaultlib.ROM [rom_default]
Compiling architecture behavioral of entity xil_defaultlib.FSM [fsm_default]
Compiling architecture behavioral of entity xil_defaultlib.FIR [fir_default]
Compiling architecture behavioral of entity xil_defaultlib.fir_tb
Built simulation snapshot FIR_tb_behav
INFO: [USF-XSim-69] 'elaborate' step finished in '1' seconds
Vivado Simulator 2018.2
Time resolution is 1 ps
relaunch_sim
INFO: [Vivado 12-5682] Launching behavioral simulation in 'C:/Users/Public/Documents/PVSDRA/Lab_3/Lab_3.sim/sim_1/behav/xsim'
INFO: [SIM-utils-51] Simulation object is 'sim_1'
INFO: [SIM-utils-54] Inspecting design source files for 'FIR_tb' in fileset 'sim_1'...
INFO: [USF-XSim-97] Finding global include files...
INFO: [USF-XSim-98] Fetching design files from 'sim_1'...
INFO: [USF-XSim-2] XSim::Compile design
INFO: [USF-XSim-61] Executing 'COMPILE and ANALYZE' step in 'C:/Users/Public/Documents/PVSDRA/Lab_3/Lab_3.sim/sim_1/behav/xsim'
"xvhdl --incr --relax -prj FIR_tb_vhdl.prj"
INFO: [VRFC 10-163] Analyzing VHDL file "C:/Users/Public/Documents/PVSDRA/Lab_3/Lab_3.srcs/sources_1/new/FIR.vhd" into library xil_defaultlib
INFO: [VRFC 10-307] analyzing entity FIR
INFO: [VRFC 10-163] Analyzing VHDL file "C:/Users/Public/Documents/PVSDRA/Lab_3/Lab_3.srcs/sim_1/new/FIR_tb.vhd" into library xil_defaultlib
INFO: [VRFC 10-307] analyzing entity FIR_tb
INFO: [USF-XSim-69] 'compile' step finished in '1' seconds
INFO: [Vivado 12-5682] Launching behavioral simulation in 'C:/Users/Public/Documents/PVSDRA/Lab_3/Lab_3.sim/sim_1/behav/xsim'
INFO: [USF-XSim-3] XSim::Elaborate design
INFO: [USF-XSim-61] Executing 'ELABORATE' step in 'C:/Users/Public/Documents/PVSDRA/Lab_3/Lab_3.sim/sim_1/behav/xsim'
Vivado Simulator 2018.2
Copyright 1986-1999, 2001-2018 Xilinx, Inc. All Rights Reserved.
Running: D:/Xilinx/Vivado/2018.2/bin/unwrapped/win64.o/xelab.exe -wto ba93bc7316ac4ceb80ae35f65eb8577a --incr --debug typical --relax --mt 2 -L xil_defaultlib -L secureip --snapshot FIR_tb_behav xil_defaultlib.FIR_tb -log elaborate.log 
Using 2 slave threads.
Starting static elaboration
Completed static elaboration
Starting simulation data flow analysis
Completed simulation data flow analysis
Time Resolution for simulation is 1ps
Compiling package std.standard
Compiling package std.textio
Compiling package ieee.std_logic_1164
Compiling package ieee.numeric_std
Compiling package std.env
Compiling package ieee.std_logic_arith
Compiling package ieee.std_logic_unsigned
Compiling architecture behavioral of entity xil_defaultlib.ROM [rom_default]
Compiling architecture behavioral of entity xil_defaultlib.FSM [fsm_default]
Compiling architecture behavioral of entity xil_defaultlib.FIR [fir_default]
Compiling architecture behavioral of entity xil_defaultlib.fir_tb
Built simulation snapshot FIR_tb_behav
INFO: [USF-XSim-69] 'elaborate' step finished in '1' seconds
Vivado Simulator 2018.2
Time resolution is 1 ps
ERROR: Index -1 out of bound 11 downto 0
Time: 0 ps  Iteration: 0  Process: /FIR_tb/uut/gen_shift
  File: C:/Users/Public/Documents/PVSDRA/Lab_3/Lab_3.srcs/sources_1/new/FIR.vhd

HDL Line: C:/Users/Public/Documents/PVSDRA/Lab_3/Lab_3.srcs/sources_1/new/FIR.vhd:91
relaunch_sim
INFO: [Vivado 12-5682] Launching behavioral simulation in 'C:/Users/Public/Documents/PVSDRA/Lab_3/Lab_3.sim/sim_1/behav/xsim'
INFO: [SIM-utils-51] Simulation object is 'sim_1'
INFO: [SIM-utils-54] Inspecting design source files for 'FIR_tb' in fileset 'sim_1'...
INFO: [USF-XSim-97] Finding global include files...
INFO: [USF-XSim-98] Fetching design files from 'sim_1'...
INFO: [USF-XSim-2] XSim::Compile design
INFO: [USF-XSim-61] Executing 'COMPILE and ANALYZE' step in 'C:/Users/Public/Documents/PVSDRA/Lab_3/Lab_3.sim/sim_1/behav/xsim'
"xvhdl --incr --relax -prj FIR_tb_vhdl.prj"
INFO: [VRFC 10-163] Analyzing VHDL file "C:/Users/Public/Documents/PVSDRA/Lab_3/Lab_3.srcs/sources_1/new/FIR.vhd" into library xil_defaultlib
INFO: [VRFC 10-307] analyzing entity FIR
INFO: [VRFC 10-163] Analyzing VHDL file "C:/Users/Public/Documents/PVSDRA/Lab_3/Lab_3.srcs/sim_1/new/FIR_tb.vhd" into library xil_defaultlib
INFO: [VRFC 10-307] analyzing entity FIR_tb
INFO: [USF-XSim-69] 'compile' step finished in '1' seconds
INFO: [Vivado 12-5682] Launching behavioral simulation in 'C:/Users/Public/Documents/PVSDRA/Lab_3/Lab_3.sim/sim_1/behav/xsim'
INFO: [USF-XSim-3] XSim::Elaborate design
INFO: [USF-XSim-61] Executing 'ELABORATE' step in 'C:/Users/Public/Documents/PVSDRA/Lab_3/Lab_3.sim/sim_1/behav/xsim'
Vivado Simulator 2018.2
Copyright 1986-1999, 2001-2018 Xilinx, Inc. All Rights Reserved.
Running: D:/Xilinx/Vivado/2018.2/bin/unwrapped/win64.o/xelab.exe -wto ba93bc7316ac4ceb80ae35f65eb8577a --incr --debug typical --relax --mt 2 -L xil_defaultlib -L secureip --snapshot FIR_tb_behav xil_defaultlib.FIR_tb -log elaborate.log 
Using 2 slave threads.
Starting static elaboration
Completed static elaboration
Starting simulation data flow analysis
Completed simulation data flow analysis
Time Resolution for simulation is 1ps
Compiling package std.standard
Compiling package std.textio
Compiling package ieee.std_logic_1164
Compiling package ieee.numeric_std
Compiling package std.env
Compiling package ieee.std_logic_arith
Compiling package ieee.std_logic_unsigned
Compiling architecture behavioral of entity xil_defaultlib.ROM [rom_default]
Compiling architecture behavioral of entity xil_defaultlib.FSM [fsm_default]
Compiling architecture behavioral of entity xil_defaultlib.FIR [fir_default]
Compiling architecture behavioral of entity xil_defaultlib.fir_tb
Built simulation snapshot FIR_tb_behav
INFO: [USF-XSim-69] 'elaborate' step finished in '2' seconds
Vivado Simulator 2018.2
Time resolution is 1 ps
ERROR: Index -1 out of bound 11 downto 0
Time: 0 ps  Iteration: 0  Process: /FIR_tb/uut/gen_shift
  File: C:/Users/Public/Documents/PVSDRA/Lab_3/Lab_3.srcs/sources_1/new/FIR.vhd

HDL Line: C:/Users/Public/Documents/PVSDRA/Lab_3/Lab_3.srcs/sources_1/new/FIR.vhd:91
relaunch_sim
INFO: [Vivado 12-5682] Launching behavioral simulation in 'C:/Users/Public/Documents/PVSDRA/Lab_3/Lab_3.sim/sim_1/behav/xsim'
INFO: [SIM-utils-51] Simulation object is 'sim_1'
INFO: [SIM-utils-54] Inspecting design source files for 'FIR_tb' in fileset 'sim_1'...
INFO: [USF-XSim-97] Finding global include files...
INFO: [USF-XSim-98] Fetching design files from 'sim_1'...
INFO: [USF-XSim-2] XSim::Compile design
INFO: [USF-XSim-61] Executing 'COMPILE and ANALYZE' step in 'C:/Users/Public/Documents/PVSDRA/Lab_3/Lab_3.sim/sim_1/behav/xsim'
"xvhdl --incr --relax -prj FIR_tb_vhdl.prj"
INFO: [VRFC 10-163] Analyzing VHDL file "C:/Users/Public/Documents/PVSDRA/Lab_3/Lab_3.srcs/sources_1/new/FIR.vhd" into library xil_defaultlib
INFO: [VRFC 10-307] analyzing entity FIR
INFO: [VRFC 10-163] Analyzing VHDL file "C:/Users/Public/Documents/PVSDRA/Lab_3/Lab_3.srcs/sim_1/new/FIR_tb.vhd" into library xil_defaultlib
INFO: [VRFC 10-307] analyzing entity FIR_tb
INFO: [USF-XSim-69] 'compile' step finished in '1' seconds
INFO: [Vivado 12-5682] Launching behavioral simulation in 'C:/Users/Public/Documents/PVSDRA/Lab_3/Lab_3.sim/sim_1/behav/xsim'
INFO: [USF-XSim-3] XSim::Elaborate design
INFO: [USF-XSim-61] Executing 'ELABORATE' step in 'C:/Users/Public/Documents/PVSDRA/Lab_3/Lab_3.sim/sim_1/behav/xsim'
Vivado Simulator 2018.2
Copyright 1986-1999, 2001-2018 Xilinx, Inc. All Rights Reserved.
Running: D:/Xilinx/Vivado/2018.2/bin/unwrapped/win64.o/xelab.exe -wto ba93bc7316ac4ceb80ae35f65eb8577a --incr --debug typical --relax --mt 2 -L xil_defaultlib -L secureip --snapshot FIR_tb_behav xil_defaultlib.FIR_tb -log elaborate.log 
Using 2 slave threads.
Starting static elaboration
Completed static elaboration
Starting simulation data flow analysis
Completed simulation data flow analysis
Time Resolution for simulation is 1ps
Compiling package std.standard
Compiling package std.textio
Compiling package ieee.std_logic_1164
Compiling package ieee.numeric_std
Compiling package std.env
Compiling package ieee.std_logic_arith
Compiling package ieee.std_logic_unsigned
Compiling architecture behavioral of entity xil_defaultlib.ROM [rom_default]
Compiling architecture behavioral of entity xil_defaultlib.FSM [fsm_default]
Compiling architecture behavioral of entity xil_defaultlib.FIR [fir_default]
Compiling architecture behavioral of entity xil_defaultlib.fir_tb
Built simulation snapshot FIR_tb_behav
INFO: [USF-XSim-69] 'elaborate' step finished in '2' seconds
Vivado Simulator 2018.2
Time resolution is 1 ps
ERROR: Array sizes do not match, left array has 12 elements, right array has 1 elements
Time: 0 ps  Iteration: 0  Process: /FIR_tb/uut/gen_shift
  File: C:/Users/Public/Documents/PVSDRA/Lab_3/Lab_3.srcs/sources_1/new/FIR.vhd

HDL Line: C:/Users/Public/Documents/PVSDRA/Lab_3/Lab_3.srcs/sources_1/new/FIR.vhd:112
relaunch_sim
INFO: [Vivado 12-5682] Launching behavioral simulation in 'C:/Users/Public/Documents/PVSDRA/Lab_3/Lab_3.sim/sim_1/behav/xsim'
INFO: [SIM-utils-51] Simulation object is 'sim_1'
INFO: [SIM-utils-54] Inspecting design source files for 'FIR_tb' in fileset 'sim_1'...
INFO: [USF-XSim-97] Finding global include files...
INFO: [USF-XSim-98] Fetching design files from 'sim_1'...
INFO: [USF-XSim-2] XSim::Compile design
INFO: [USF-XSim-61] Executing 'COMPILE and ANALYZE' step in 'C:/Users/Public/Documents/PVSDRA/Lab_3/Lab_3.sim/sim_1/behav/xsim'
"xvhdl --incr --relax -prj FIR_tb_vhdl.prj"
INFO: [VRFC 10-163] Analyzing VHDL file "C:/Users/Public/Documents/PVSDRA/Lab_3/Lab_3.srcs/sources_1/new/FIR.vhd" into library xil_defaultlib
INFO: [VRFC 10-307] analyzing entity FIR
INFO: [VRFC 10-163] Analyzing VHDL file "C:/Users/Public/Documents/PVSDRA/Lab_3/Lab_3.srcs/sim_1/new/FIR_tb.vhd" into library xil_defaultlib
INFO: [VRFC 10-307] analyzing entity FIR_tb
INFO: [USF-XSim-69] 'compile' step finished in '1' seconds
INFO: [Vivado 12-5682] Launching behavioral simulation in 'C:/Users/Public/Documents/PVSDRA/Lab_3/Lab_3.sim/sim_1/behav/xsim'
INFO: [USF-XSim-3] XSim::Elaborate design
INFO: [USF-XSim-61] Executing 'ELABORATE' step in 'C:/Users/Public/Documents/PVSDRA/Lab_3/Lab_3.sim/sim_1/behav/xsim'
Vivado Simulator 2018.2
Copyright 1986-1999, 2001-2018 Xilinx, Inc. All Rights Reserved.
Running: D:/Xilinx/Vivado/2018.2/bin/unwrapped/win64.o/xelab.exe -wto ba93bc7316ac4ceb80ae35f65eb8577a --incr --debug typical --relax --mt 2 -L xil_defaultlib -L secureip --snapshot FIR_tb_behav xil_defaultlib.FIR_tb -log elaborate.log 
Using 2 slave threads.
Starting static elaboration
Completed static elaboration
Starting simulation data flow analysis
Completed simulation data flow analysis
Time Resolution for simulation is 1ps
Compiling package std.standard
Compiling package std.textio
Compiling package ieee.std_logic_1164
Compiling package ieee.numeric_std
Compiling package std.env
Compiling package ieee.std_logic_arith
Compiling package ieee.std_logic_unsigned
Compiling architecture behavioral of entity xil_defaultlib.ROM [rom_default]
Compiling architecture behavioral of entity xil_defaultlib.FSM [fsm_default]
Compiling architecture behavioral of entity xil_defaultlib.FIR [fir_default]
Compiling architecture behavioral of entity xil_defaultlib.fir_tb
Built simulation snapshot FIR_tb_behav
INFO: [USF-XSim-69] 'elaborate' step finished in '1' seconds
Vivado Simulator 2018.2
Time resolution is 1 ps
current_wave_config {Untitled 2}
Untitled 2
add_wave {{/FIR_tb/uut/addr1}} {{/FIR_tb/uut/addr2}} {{/FIR_tb/uut/coef1}} {{/FIR_tb/uut/coef2}} {{/FIR_tb/uut/coef1_shift}} {{/FIR_tb/uut/coef2_shift}} 
restart
INFO: [Simtcl 6-17] Simulation restarted
run 10 us
relaunch_sim
INFO: [Vivado 12-5682] Launching behavioral simulation in 'C:/Users/Public/Documents/PVSDRA/Lab_3/Lab_3.sim/sim_1/behav/xsim'
INFO: [SIM-utils-51] Simulation object is 'sim_1'
INFO: [SIM-utils-54] Inspecting design source files for 'FIR_tb' in fileset 'sim_1'...
INFO: [USF-XSim-97] Finding global include files...
INFO: [USF-XSim-98] Fetching design files from 'sim_1'...
INFO: [USF-XSim-2] XSim::Compile design
INFO: [USF-XSim-61] Executing 'COMPILE and ANALYZE' step in 'C:/Users/Public/Documents/PVSDRA/Lab_3/Lab_3.sim/sim_1/behav/xsim'
"xvhdl --incr --relax -prj FIR_tb_vhdl.prj"
INFO: [VRFC 10-163] Analyzing VHDL file "C:/Users/Public/Documents/PVSDRA/Lab_3/Lab_3.srcs/sources_1/new/ROM.vhd" into library xil_defaultlib
INFO: [VRFC 10-307] analyzing entity ROM
INFO: [VRFC 10-163] Analyzing VHDL file "C:/Users/Public/Documents/PVSDRA/Lab_3/Lab_3.srcs/sources_1/new/FIR.vhd" into library xil_defaultlib
INFO: [VRFC 10-307] analyzing entity FIR
INFO: [VRFC 10-163] Analyzing VHDL file "C:/Users/Public/Documents/PVSDRA/Lab_3/Lab_3.srcs/sim_1/new/FIR_tb.vhd" into library xil_defaultlib
INFO: [VRFC 10-307] analyzing entity FIR_tb
INFO: [USF-XSim-69] 'compile' step finished in '1' seconds
INFO: [Vivado 12-5682] Launching behavioral simulation in 'C:/Users/Public/Documents/PVSDRA/Lab_3/Lab_3.sim/sim_1/behav/xsim'
INFO: [USF-XSim-3] XSim::Elaborate design
INFO: [USF-XSim-61] Executing 'ELABORATE' step in 'C:/Users/Public/Documents/PVSDRA/Lab_3/Lab_3.sim/sim_1/behav/xsim'
Vivado Simulator 2018.2
Copyright 1986-1999, 2001-2018 Xilinx, Inc. All Rights Reserved.
Running: D:/Xilinx/Vivado/2018.2/bin/unwrapped/win64.o/xelab.exe -wto ba93bc7316ac4ceb80ae35f65eb8577a --incr --debug typical --relax --mt 2 -L xil_defaultlib -L secureip --snapshot FIR_tb_behav xil_defaultlib.FIR_tb -log elaborate.log 
Using 2 slave threads.
Starting static elaboration
Completed static elaboration
Starting simulation data flow analysis
Completed simulation data flow analysis
Time Resolution for simulation is 1ps
Compiling package std.standard
Compiling package std.textio
Compiling package ieee.std_logic_1164
Compiling package ieee.numeric_std
Compiling package std.env
Compiling package ieee.std_logic_arith
Compiling package ieee.std_logic_unsigned
Compiling architecture behavioral of entity xil_defaultlib.ROM [rom_default]
Compiling architecture behavioral of entity xil_defaultlib.FSM [fsm_default]
Compiling architecture behavioral of entity xil_defaultlib.FIR [fir_default]
Compiling architecture behavioral of entity xil_defaultlib.fir_tb
Built simulation snapshot FIR_tb_behav
INFO: [USF-XSim-69] 'elaborate' step finished in '1' seconds
Vivado Simulator 2018.2
Time resolution is 1 ps
current_wave_config {Untitled 2}
Untitled 2
add_wave {{/FIR_tb/uut/acc1}} {{/FIR_tb/uut/acc2}} {{/FIR_tb/uut/acc1_prev}} {{/FIR_tb/uut/acc2_prev}} 
restart
INFO: [Simtcl 6-17] Simulation restarted
run 10 us
relaunch_sim
INFO: [Vivado 12-5682] Launching behavioral simulation in 'C:/Users/Public/Documents/PVSDRA/Lab_3/Lab_3.sim/sim_1/behav/xsim'
INFO: [SIM-utils-51] Simulation object is 'sim_1'
INFO: [SIM-utils-54] Inspecting design source files for 'FIR_tb' in fileset 'sim_1'...
INFO: [USF-XSim-97] Finding global include files...
INFO: [USF-XSim-98] Fetching design files from 'sim_1'...
INFO: [USF-XSim-2] XSim::Compile design
INFO: [USF-XSim-61] Executing 'COMPILE and ANALYZE' step in 'C:/Users/Public/Documents/PVSDRA/Lab_3/Lab_3.sim/sim_1/behav/xsim'
"xvhdl --incr --relax -prj FIR_tb_vhdl.prj"
INFO: [VRFC 10-163] Analyzing VHDL file "C:/Users/Public/Documents/PVSDRA/Lab_3/Lab_3.srcs/sources_1/new/FIR.vhd" into library xil_defaultlib
INFO: [VRFC 10-307] analyzing entity FIR
INFO: [VRFC 10-163] Analyzing VHDL file "C:/Users/Public/Documents/PVSDRA/Lab_3/Lab_3.srcs/sim_1/new/FIR_tb.vhd" into library xil_defaultlib
INFO: [VRFC 10-307] analyzing entity FIR_tb
INFO: [USF-XSim-69] 'compile' step finished in '1' seconds
INFO: [Vivado 12-5682] Launching behavioral simulation in 'C:/Users/Public/Documents/PVSDRA/Lab_3/Lab_3.sim/sim_1/behav/xsim'
INFO: [USF-XSim-3] XSim::Elaborate design
INFO: [USF-XSim-61] Executing 'ELABORATE' step in 'C:/Users/Public/Documents/PVSDRA/Lab_3/Lab_3.sim/sim_1/behav/xsim'
Vivado Simulator 2018.2
Copyright 1986-1999, 2001-2018 Xilinx, Inc. All Rights Reserved.
Running: D:/Xilinx/Vivado/2018.2/bin/unwrapped/win64.o/xelab.exe -wto ba93bc7316ac4ceb80ae35f65eb8577a --incr --debug typical --relax --mt 2 -L xil_defaultlib -L secureip --snapshot FIR_tb_behav xil_defaultlib.FIR_tb -log elaborate.log 
Using 2 slave threads.
Starting static elaboration
Completed static elaboration
Starting simulation data flow analysis
Completed simulation data flow analysis
Time Resolution for simulation is 1ps
Compiling package std.standard
Compiling package std.textio
Compiling package ieee.std_logic_1164
Compiling package ieee.numeric_std
Compiling package std.env
Compiling package ieee.std_logic_arith
Compiling package ieee.std_logic_unsigned
Compiling architecture behavioral of entity xil_defaultlib.ROM [rom_default]
Compiling architecture behavioral of entity xil_defaultlib.FSM [fsm_default]
Compiling architecture behavioral of entity xil_defaultlib.FIR [fir_default]
Compiling architecture behavioral of entity xil_defaultlib.fir_tb
Built simulation snapshot FIR_tb_behav
INFO: [USF-XSim-69] 'elaborate' step finished in '1' seconds
Vivado Simulator 2018.2
Time resolution is 1 ps
relaunch_sim
INFO: [Vivado 12-5682] Launching behavioral simulation in 'C:/Users/Public/Documents/PVSDRA/Lab_3/Lab_3.sim/sim_1/behav/xsim'
INFO: [SIM-utils-51] Simulation object is 'sim_1'
INFO: [SIM-utils-54] Inspecting design source files for 'FIR_tb' in fileset 'sim_1'...
INFO: [USF-XSim-97] Finding global include files...
INFO: [USF-XSim-98] Fetching design files from 'sim_1'...
INFO: [USF-XSim-2] XSim::Compile design
INFO: [USF-XSim-61] Executing 'COMPILE and ANALYZE' step in 'C:/Users/Public/Documents/PVSDRA/Lab_3/Lab_3.sim/sim_1/behav/xsim'
"xvhdl --incr --relax -prj FIR_tb_vhdl.prj"
INFO: [VRFC 10-163] Analyzing VHDL file "C:/Users/Public/Documents/PVSDRA/Lab_3/Lab_3.srcs/sources_1/new/FIR.vhd" into library xil_defaultlib
INFO: [VRFC 10-307] analyzing entity FIR
INFO: [VRFC 10-163] Analyzing VHDL file "C:/Users/Public/Documents/PVSDRA/Lab_3/Lab_3.srcs/sim_1/new/FIR_tb.vhd" into library xil_defaultlib
INFO: [VRFC 10-307] analyzing entity FIR_tb
INFO: [USF-XSim-69] 'compile' step finished in '1' seconds
INFO: [Vivado 12-5682] Launching behavioral simulation in 'C:/Users/Public/Documents/PVSDRA/Lab_3/Lab_3.sim/sim_1/behav/xsim'
INFO: [USF-XSim-3] XSim::Elaborate design
INFO: [USF-XSim-61] Executing 'ELABORATE' step in 'C:/Users/Public/Documents/PVSDRA/Lab_3/Lab_3.sim/sim_1/behav/xsim'
Vivado Simulator 2018.2
Copyright 1986-1999, 2001-2018 Xilinx, Inc. All Rights Reserved.
Running: D:/Xilinx/Vivado/2018.2/bin/unwrapped/win64.o/xelab.exe -wto ba93bc7316ac4ceb80ae35f65eb8577a --incr --debug typical --relax --mt 2 -L xil_defaultlib -L secureip --snapshot FIR_tb_behav xil_defaultlib.FIR_tb -log elaborate.log 
Using 2 slave threads.
Starting static elaboration
Completed static elaboration
Starting simulation data flow analysis
Completed simulation data flow analysis
Time Resolution for simulation is 1ps
Compiling package std.standard
Compiling package std.textio
Compiling package ieee.std_logic_1164
Compiling package ieee.numeric_std
Compiling package std.env
Compiling package ieee.std_logic_arith
Compiling package ieee.std_logic_unsigned
Compiling architecture behavioral of entity xil_defaultlib.ROM [rom_default]
Compiling architecture behavioral of entity xil_defaultlib.FSM [fsm_default]
Compiling architecture behavioral of entity xil_defaultlib.FIR [fir_default]
Compiling architecture behavioral of entity xil_defaultlib.fir_tb
Built simulation snapshot FIR_tb_behav
INFO: [USF-XSim-69] 'elaborate' step finished in '2' seconds
Vivado Simulator 2018.2
Time resolution is 1 ps
relaunch_sim
INFO: [Vivado 12-5682] Launching behavioral simulation in 'C:/Users/Public/Documents/PVSDRA/Lab_3/Lab_3.sim/sim_1/behav/xsim'
INFO: [SIM-utils-51] Simulation object is 'sim_1'
INFO: [SIM-utils-54] Inspecting design source files for 'FIR_tb' in fileset 'sim_1'...
INFO: [USF-XSim-97] Finding global include files...
INFO: [USF-XSim-98] Fetching design files from 'sim_1'...
INFO: [USF-XSim-2] XSim::Compile design
INFO: [USF-XSim-61] Executing 'COMPILE and ANALYZE' step in 'C:/Users/Public/Documents/PVSDRA/Lab_3/Lab_3.sim/sim_1/behav/xsim'
"xvhdl --incr --relax -prj FIR_tb_vhdl.prj"
INFO: [VRFC 10-163] Analyzing VHDL file "C:/Users/Public/Documents/PVSDRA/Lab_3/Lab_3.srcs/sources_1/new/FIR.vhd" into library xil_defaultlib
INFO: [VRFC 10-307] analyzing entity FIR
INFO: [VRFC 10-163] Analyzing VHDL file "C:/Users/Public/Documents/PVSDRA/Lab_3/Lab_3.srcs/sim_1/new/FIR_tb.vhd" into library xil_defaultlib
INFO: [VRFC 10-307] analyzing entity FIR_tb
INFO: [USF-XSim-69] 'compile' step finished in '1' seconds
INFO: [Vivado 12-5682] Launching behavioral simulation in 'C:/Users/Public/Documents/PVSDRA/Lab_3/Lab_3.sim/sim_1/behav/xsim'
INFO: [USF-XSim-3] XSim::Elaborate design
INFO: [USF-XSim-61] Executing 'ELABORATE' step in 'C:/Users/Public/Documents/PVSDRA/Lab_3/Lab_3.sim/sim_1/behav/xsim'
Vivado Simulator 2018.2
Copyright 1986-1999, 2001-2018 Xilinx, Inc. All Rights Reserved.
Running: D:/Xilinx/Vivado/2018.2/bin/unwrapped/win64.o/xelab.exe -wto ba93bc7316ac4ceb80ae35f65eb8577a --incr --debug typical --relax --mt 2 -L xil_defaultlib -L secureip --snapshot FIR_tb_behav xil_defaultlib.FIR_tb -log elaborate.log 
Using 2 slave threads.
Starting static elaboration
Completed static elaboration
Starting simulation data flow analysis
Completed simulation data flow analysis
Time Resolution for simulation is 1ps
Compiling package std.standard
Compiling package std.textio
Compiling package ieee.std_logic_1164
Compiling package ieee.numeric_std
Compiling package std.env
Compiling package ieee.std_logic_arith
Compiling package ieee.std_logic_unsigned
Compiling architecture behavioral of entity xil_defaultlib.ROM [rom_default]
Compiling architecture behavioral of entity xil_defaultlib.FSM [fsm_default]
Compiling architecture behavioral of entity xil_defaultlib.FIR [fir_default]
Compiling architecture behavioral of entity xil_defaultlib.fir_tb
Built simulation snapshot FIR_tb_behav
INFO: [USF-XSim-69] 'elaborate' step finished in '2' seconds
Vivado Simulator 2018.2
Time resolution is 1 ps
relaunch_sim
INFO: [Vivado 12-5682] Launching behavioral simulation in 'C:/Users/Public/Documents/PVSDRA/Lab_3/Lab_3.sim/sim_1/behav/xsim'
INFO: [SIM-utils-51] Simulation object is 'sim_1'
INFO: [SIM-utils-54] Inspecting design source files for 'FIR_tb' in fileset 'sim_1'...
INFO: [USF-XSim-97] Finding global include files...
INFO: [USF-XSim-98] Fetching design files from 'sim_1'...
INFO: [USF-XSim-2] XSim::Compile design
INFO: [USF-XSim-61] Executing 'COMPILE and ANALYZE' step in 'C:/Users/Public/Documents/PVSDRA/Lab_3/Lab_3.sim/sim_1/behav/xsim'
"xvhdl --incr --relax -prj FIR_tb_vhdl.prj"
INFO: [VRFC 10-163] Analyzing VHDL file "C:/Users/Public/Documents/PVSDRA/Lab_3/Lab_3.srcs/sources_1/new/FIR.vhd" into library xil_defaultlib
INFO: [VRFC 10-307] analyzing entity FIR
INFO: [VRFC 10-163] Analyzing VHDL file "C:/Users/Public/Documents/PVSDRA/Lab_3/Lab_3.srcs/sim_1/new/FIR_tb.vhd" into library xil_defaultlib
INFO: [VRFC 10-307] analyzing entity FIR_tb
INFO: [USF-XSim-69] 'compile' step finished in '2' seconds
INFO: [Vivado 12-5682] Launching behavioral simulation in 'C:/Users/Public/Documents/PVSDRA/Lab_3/Lab_3.sim/sim_1/behav/xsim'
INFO: [USF-XSim-3] XSim::Elaborate design
INFO: [USF-XSim-61] Executing 'ELABORATE' step in 'C:/Users/Public/Documents/PVSDRA/Lab_3/Lab_3.sim/sim_1/behav/xsim'
Vivado Simulator 2018.2
Copyright 1986-1999, 2001-2018 Xilinx, Inc. All Rights Reserved.
Running: D:/Xilinx/Vivado/2018.2/bin/unwrapped/win64.o/xelab.exe -wto ba93bc7316ac4ceb80ae35f65eb8577a --incr --debug typical --relax --mt 2 -L xil_defaultlib -L secureip --snapshot FIR_tb_behav xil_defaultlib.FIR_tb -log elaborate.log 
Using 2 slave threads.
Starting static elaboration
Completed static elaboration
Starting simulation data flow analysis
Completed simulation data flow analysis
Time Resolution for simulation is 1ps
Compiling package std.standard
Compiling package std.textio
Compiling package ieee.std_logic_1164
Compiling package ieee.numeric_std
Compiling package std.env
Compiling package ieee.std_logic_arith
Compiling package ieee.std_logic_unsigned
Compiling architecture behavioral of entity xil_defaultlib.ROM [rom_default]
Compiling architecture behavioral of entity xil_defaultlib.FSM [fsm_default]
Compiling architecture behavioral of entity xil_defaultlib.FIR [fir_default]
Compiling architecture behavioral of entity xil_defaultlib.fir_tb
Built simulation snapshot FIR_tb_behav
INFO: [USF-XSim-69] 'elaborate' step finished in '1' seconds
Vivado Simulator 2018.2
Time resolution is 1 ps
relaunch_sim
INFO: [Vivado 12-5682] Launching behavioral simulation in 'C:/Users/Public/Documents/PVSDRA/Lab_3/Lab_3.sim/sim_1/behav/xsim'
INFO: [SIM-utils-51] Simulation object is 'sim_1'
INFO: [SIM-utils-54] Inspecting design source files for 'FIR_tb' in fileset 'sim_1'...
INFO: [USF-XSim-97] Finding global include files...
INFO: [USF-XSim-98] Fetching design files from 'sim_1'...
INFO: [USF-XSim-2] XSim::Compile design
INFO: [USF-XSim-61] Executing 'COMPILE and ANALYZE' step in 'C:/Users/Public/Documents/PVSDRA/Lab_3/Lab_3.sim/sim_1/behav/xsim'
"xvhdl --incr --relax -prj FIR_tb_vhdl.prj"
INFO: [VRFC 10-163] Analyzing VHDL file "C:/Users/Public/Documents/PVSDRA/Lab_3/Lab_3.srcs/sources_1/new/FIR.vhd" into library xil_defaultlib
INFO: [VRFC 10-307] analyzing entity FIR
INFO: [VRFC 10-163] Analyzing VHDL file "C:/Users/Public/Documents/PVSDRA/Lab_3/Lab_3.srcs/sim_1/new/FIR_tb.vhd" into library xil_defaultlib
INFO: [VRFC 10-307] analyzing entity FIR_tb
INFO: [USF-XSim-69] 'compile' step finished in '1' seconds
INFO: [Vivado 12-5682] Launching behavioral simulation in 'C:/Users/Public/Documents/PVSDRA/Lab_3/Lab_3.sim/sim_1/behav/xsim'
INFO: [USF-XSim-3] XSim::Elaborate design
INFO: [USF-XSim-61] Executing 'ELABORATE' step in 'C:/Users/Public/Documents/PVSDRA/Lab_3/Lab_3.sim/sim_1/behav/xsim'
Vivado Simulator 2018.2
Copyright 1986-1999, 2001-2018 Xilinx, Inc. All Rights Reserved.
Running: D:/Xilinx/Vivado/2018.2/bin/unwrapped/win64.o/xelab.exe -wto ba93bc7316ac4ceb80ae35f65eb8577a --incr --debug typical --relax --mt 2 -L xil_defaultlib -L secureip --snapshot FIR_tb_behav xil_defaultlib.FIR_tb -log elaborate.log 
Using 2 slave threads.
Starting static elaboration
Completed static elaboration
Starting simulation data flow analysis
Completed simulation data flow analysis
Time Resolution for simulation is 1ps
Compiling package std.standard
Compiling package std.textio
Compiling package ieee.std_logic_1164
Compiling package ieee.numeric_std
Compiling package std.env
Compiling package ieee.std_logic_arith
Compiling package ieee.std_logic_unsigned
Compiling architecture behavioral of entity xil_defaultlib.ROM [rom_default]
Compiling architecture behavioral of entity xil_defaultlib.FSM [fsm_default]
Compiling architecture behavioral of entity xil_defaultlib.FIR [fir_default]
Compiling architecture behavioral of entity xil_defaultlib.fir_tb
Built simulation snapshot FIR_tb_behav
INFO: [USF-XSim-69] 'elaborate' step finished in '2' seconds
Vivado Simulator 2018.2
Time resolution is 1 ps
relaunch_sim
INFO: [Vivado 12-5682] Launching behavioral simulation in 'C:/Users/Public/Documents/PVSDRA/Lab_3/Lab_3.sim/sim_1/behav/xsim'
INFO: [SIM-utils-51] Simulation object is 'sim_1'
INFO: [SIM-utils-54] Inspecting design source files for 'FIR_tb' in fileset 'sim_1'...
INFO: [USF-XSim-97] Finding global include files...
INFO: [USF-XSim-98] Fetching design files from 'sim_1'...
INFO: [USF-XSim-2] XSim::Compile design
INFO: [USF-XSim-61] Executing 'COMPILE and ANALYZE' step in 'C:/Users/Public/Documents/PVSDRA/Lab_3/Lab_3.sim/sim_1/behav/xsim'
"xvhdl --incr --relax -prj FIR_tb_vhdl.prj"
INFO: [VRFC 10-163] Analyzing VHDL file "C:/Users/Public/Documents/PVSDRA/Lab_3/Lab_3.srcs/sources_1/new/FIR.vhd" into library xil_defaultlib
INFO: [VRFC 10-307] analyzing entity FIR
INFO: [VRFC 10-163] Analyzing VHDL file "C:/Users/Public/Documents/PVSDRA/Lab_3/Lab_3.srcs/sim_1/new/FIR_tb.vhd" into library xil_defaultlib
INFO: [VRFC 10-307] analyzing entity FIR_tb
INFO: [USF-XSim-69] 'compile' step finished in '1' seconds
INFO: [Vivado 12-5682] Launching behavioral simulation in 'C:/Users/Public/Documents/PVSDRA/Lab_3/Lab_3.sim/sim_1/behav/xsim'
INFO: [USF-XSim-3] XSim::Elaborate design
INFO: [USF-XSim-61] Executing 'ELABORATE' step in 'C:/Users/Public/Documents/PVSDRA/Lab_3/Lab_3.sim/sim_1/behav/xsim'
Vivado Simulator 2018.2
Copyright 1986-1999, 2001-2018 Xilinx, Inc. All Rights Reserved.
Running: D:/Xilinx/Vivado/2018.2/bin/unwrapped/win64.o/xelab.exe -wto ba93bc7316ac4ceb80ae35f65eb8577a --incr --debug typical --relax --mt 2 -L xil_defaultlib -L secureip --snapshot FIR_tb_behav xil_defaultlib.FIR_tb -log elaborate.log 
Using 2 slave threads.
Starting static elaboration
Completed static elaboration
Starting simulation data flow analysis
Completed simulation data flow analysis
Time Resolution for simulation is 1ps
Compiling package std.standard
Compiling package std.textio
Compiling package ieee.std_logic_1164
Compiling package ieee.numeric_std
Compiling package std.env
Compiling package ieee.std_logic_arith
Compiling package ieee.std_logic_unsigned
Compiling architecture behavioral of entity xil_defaultlib.ROM [rom_default]
Compiling architecture behavioral of entity xil_defaultlib.FSM [fsm_default]
Compiling architecture behavioral of entity xil_defaultlib.FIR [fir_default]
Compiling architecture behavioral of entity xil_defaultlib.fir_tb
Built simulation snapshot FIR_tb_behav
INFO: [USF-XSim-69] 'elaborate' step finished in '2' seconds
Vivado Simulator 2018.2
Time resolution is 1 ps
relaunch_sim
INFO: [Vivado 12-5682] Launching behavioral simulation in 'C:/Users/Public/Documents/PVSDRA/Lab_3/Lab_3.sim/sim_1/behav/xsim'
INFO: [SIM-utils-51] Simulation object is 'sim_1'
INFO: [SIM-utils-54] Inspecting design source files for 'FIR_tb' in fileset 'sim_1'...
INFO: [USF-XSim-97] Finding global include files...
INFO: [USF-XSim-98] Fetching design files from 'sim_1'...
INFO: [USF-XSim-2] XSim::Compile design
INFO: [USF-XSim-61] Executing 'COMPILE and ANALYZE' step in 'C:/Users/Public/Documents/PVSDRA/Lab_3/Lab_3.sim/sim_1/behav/xsim'
"xvhdl --incr --relax -prj FIR_tb_vhdl.prj"
INFO: [VRFC 10-163] Analyzing VHDL file "C:/Users/Public/Documents/PVSDRA/Lab_3/Lab_3.srcs/sources_1/new/FIR.vhd" into library xil_defaultlib
INFO: [VRFC 10-307] analyzing entity FIR
INFO: [VRFC 10-163] Analyzing VHDL file "C:/Users/Public/Documents/PVSDRA/Lab_3/Lab_3.srcs/sim_1/new/FIR_tb.vhd" into library xil_defaultlib
INFO: [VRFC 10-307] analyzing entity FIR_tb
INFO: [USF-XSim-69] 'compile' step finished in '1' seconds
INFO: [Vivado 12-5682] Launching behavioral simulation in 'C:/Users/Public/Documents/PVSDRA/Lab_3/Lab_3.sim/sim_1/behav/xsim'
INFO: [USF-XSim-3] XSim::Elaborate design
INFO: [USF-XSim-61] Executing 'ELABORATE' step in 'C:/Users/Public/Documents/PVSDRA/Lab_3/Lab_3.sim/sim_1/behav/xsim'
Vivado Simulator 2018.2
Copyright 1986-1999, 2001-2018 Xilinx, Inc. All Rights Reserved.
Running: D:/Xilinx/Vivado/2018.2/bin/unwrapped/win64.o/xelab.exe -wto ba93bc7316ac4ceb80ae35f65eb8577a --incr --debug typical --relax --mt 2 -L xil_defaultlib -L secureip --snapshot FIR_tb_behav xil_defaultlib.FIR_tb -log elaborate.log 
Using 2 slave threads.
Starting static elaboration
Completed static elaboration
Starting simulation data flow analysis
Completed simulation data flow analysis
Time Resolution for simulation is 1ps
Compiling package std.standard
Compiling package std.textio
Compiling package ieee.std_logic_1164
Compiling package ieee.numeric_std
Compiling package std.env
Compiling package ieee.std_logic_arith
Compiling package ieee.std_logic_unsigned
Compiling architecture behavioral of entity xil_defaultlib.ROM [rom_default]
Compiling architecture behavioral of entity xil_defaultlib.FSM [fsm_default]
Compiling architecture behavioral of entity xil_defaultlib.FIR [fir_default]
Compiling architecture behavioral of entity xil_defaultlib.fir_tb
Built simulation snapshot FIR_tb_behav
INFO: [USF-XSim-69] 'elaborate' step finished in '2' seconds
Vivado Simulator 2018.2
Time resolution is 1 ps
relaunch_sim
INFO: [Vivado 12-5682] Launching behavioral simulation in 'C:/Users/Public/Documents/PVSDRA/Lab_3/Lab_3.sim/sim_1/behav/xsim'
INFO: [SIM-utils-51] Simulation object is 'sim_1'
INFO: [SIM-utils-54] Inspecting design source files for 'FIR_tb' in fileset 'sim_1'...
INFO: [USF-XSim-97] Finding global include files...
INFO: [USF-XSim-98] Fetching design files from 'sim_1'...
INFO: [USF-XSim-2] XSim::Compile design
INFO: [USF-XSim-61] Executing 'COMPILE and ANALYZE' step in 'C:/Users/Public/Documents/PVSDRA/Lab_3/Lab_3.sim/sim_1/behav/xsim'
"xvhdl --incr --relax -prj FIR_tb_vhdl.prj"
INFO: [VRFC 10-163] Analyzing VHDL file "C:/Users/Public/Documents/PVSDRA/Lab_3/Lab_3.srcs/sources_1/new/FIR.vhd" into library xil_defaultlib
INFO: [VRFC 10-307] analyzing entity FIR
INFO: [VRFC 10-163] Analyzing VHDL file "C:/Users/Public/Documents/PVSDRA/Lab_3/Lab_3.srcs/sim_1/new/FIR_tb.vhd" into library xil_defaultlib
INFO: [VRFC 10-307] analyzing entity FIR_tb
INFO: [USF-XSim-69] 'compile' step finished in '1' seconds
INFO: [Vivado 12-5682] Launching behavioral simulation in 'C:/Users/Public/Documents/PVSDRA/Lab_3/Lab_3.sim/sim_1/behav/xsim'
INFO: [USF-XSim-3] XSim::Elaborate design
INFO: [USF-XSim-61] Executing 'ELABORATE' step in 'C:/Users/Public/Documents/PVSDRA/Lab_3/Lab_3.sim/sim_1/behav/xsim'
Vivado Simulator 2018.2
Copyright 1986-1999, 2001-2018 Xilinx, Inc. All Rights Reserved.
Running: D:/Xilinx/Vivado/2018.2/bin/unwrapped/win64.o/xelab.exe -wto ba93bc7316ac4ceb80ae35f65eb8577a --incr --debug typical --relax --mt 2 -L xil_defaultlib -L secureip --snapshot FIR_tb_behav xil_defaultlib.FIR_tb -log elaborate.log 
Using 2 slave threads.
Starting static elaboration
Completed static elaboration
Starting simulation data flow analysis
Completed simulation data flow analysis
Time Resolution for simulation is 1ps
Compiling package std.standard
Compiling package std.textio
Compiling package ieee.std_logic_1164
Compiling package ieee.numeric_std
Compiling package std.env
Compiling package ieee.std_logic_arith
Compiling package ieee.std_logic_unsigned
Compiling architecture behavioral of entity xil_defaultlib.ROM [rom_default]
Compiling architecture behavioral of entity xil_defaultlib.FSM [fsm_default]
Compiling architecture behavioral of entity xil_defaultlib.FIR [fir_default]
Compiling architecture behavioral of entity xil_defaultlib.fir_tb
Built simulation snapshot FIR_tb_behav
INFO: [USF-XSim-69] 'elaborate' step finished in '2' seconds
Vivado Simulator 2018.2
Time resolution is 1 ps
relaunch_sim
INFO: [Vivado 12-5682] Launching behavioral simulation in 'C:/Users/Public/Documents/PVSDRA/Lab_3/Lab_3.sim/sim_1/behav/xsim'
INFO: [SIM-utils-51] Simulation object is 'sim_1'
INFO: [SIM-utils-54] Inspecting design source files for 'FIR_tb' in fileset 'sim_1'...
INFO: [USF-XSim-97] Finding global include files...
INFO: [USF-XSim-98] Fetching design files from 'sim_1'...
INFO: [USF-XSim-2] XSim::Compile design
INFO: [USF-XSim-61] Executing 'COMPILE and ANALYZE' step in 'C:/Users/Public/Documents/PVSDRA/Lab_3/Lab_3.sim/sim_1/behav/xsim'
"xvhdl --incr --relax -prj FIR_tb_vhdl.prj"
INFO: [VRFC 10-163] Analyzing VHDL file "C:/Users/Public/Documents/PVSDRA/Lab_3/Lab_3.srcs/sources_1/new/FIR.vhd" into library xil_defaultlib
INFO: [VRFC 10-307] analyzing entity FIR
INFO: [VRFC 10-163] Analyzing VHDL file "C:/Users/Public/Documents/PVSDRA/Lab_3/Lab_3.srcs/sim_1/new/FIR_tb.vhd" into library xil_defaultlib
INFO: [VRFC 10-307] analyzing entity FIR_tb
INFO: [USF-XSim-69] 'compile' step finished in '1' seconds
INFO: [Vivado 12-5682] Launching behavioral simulation in 'C:/Users/Public/Documents/PVSDRA/Lab_3/Lab_3.sim/sim_1/behav/xsim'
INFO: [USF-XSim-3] XSim::Elaborate design
INFO: [USF-XSim-61] Executing 'ELABORATE' step in 'C:/Users/Public/Documents/PVSDRA/Lab_3/Lab_3.sim/sim_1/behav/xsim'
Vivado Simulator 2018.2
Copyright 1986-1999, 2001-2018 Xilinx, Inc. All Rights Reserved.
Running: D:/Xilinx/Vivado/2018.2/bin/unwrapped/win64.o/xelab.exe -wto ba93bc7316ac4ceb80ae35f65eb8577a --incr --debug typical --relax --mt 2 -L xil_defaultlib -L secureip --snapshot FIR_tb_behav xil_defaultlib.FIR_tb -log elaborate.log 
Using 2 slave threads.
Starting static elaboration
Completed static elaboration
Starting simulation data flow analysis
Completed simulation data flow analysis
Time Resolution for simulation is 1ps
Compiling package std.standard
Compiling package std.textio
Compiling package ieee.std_logic_1164
Compiling package ieee.numeric_std
Compiling package std.env
Compiling package ieee.std_logic_arith
Compiling package ieee.std_logic_unsigned
Compiling architecture behavioral of entity xil_defaultlib.ROM [rom_default]
Compiling architecture behavioral of entity xil_defaultlib.FSM [fsm_default]
Compiling architecture behavioral of entity xil_defaultlib.FIR [fir_default]
Compiling architecture behavioral of entity xil_defaultlib.fir_tb
Built simulation snapshot FIR_tb_behav
INFO: [USF-XSim-69] 'elaborate' step finished in '2' seconds
Vivado Simulator 2018.2
Time resolution is 1 ps
relaunch_sim
INFO: [Vivado 12-5682] Launching behavioral simulation in 'C:/Users/Public/Documents/PVSDRA/Lab_3/Lab_3.sim/sim_1/behav/xsim'
INFO: [SIM-utils-51] Simulation object is 'sim_1'
INFO: [SIM-utils-54] Inspecting design source files for 'FIR_tb' in fileset 'sim_1'...
INFO: [USF-XSim-97] Finding global include files...
INFO: [USF-XSim-98] Fetching design files from 'sim_1'...
INFO: [USF-XSim-2] XSim::Compile design
INFO: [USF-XSim-61] Executing 'COMPILE and ANALYZE' step in 'C:/Users/Public/Documents/PVSDRA/Lab_3/Lab_3.sim/sim_1/behav/xsim'
"xvhdl --incr --relax -prj FIR_tb_vhdl.prj"
INFO: [VRFC 10-163] Analyzing VHDL file "C:/Users/Public/Documents/PVSDRA/Lab_3/Lab_3.srcs/sources_1/new/FIR.vhd" into library xil_defaultlib
INFO: [VRFC 10-307] analyzing entity FIR
INFO: [VRFC 10-163] Analyzing VHDL file "C:/Users/Public/Documents/PVSDRA/Lab_3/Lab_3.srcs/sim_1/new/FIR_tb.vhd" into library xil_defaultlib
INFO: [VRFC 10-307] analyzing entity FIR_tb
INFO: [USF-XSim-69] 'compile' step finished in '1' seconds
INFO: [Vivado 12-5682] Launching behavioral simulation in 'C:/Users/Public/Documents/PVSDRA/Lab_3/Lab_3.sim/sim_1/behav/xsim'
INFO: [USF-XSim-3] XSim::Elaborate design
INFO: [USF-XSim-61] Executing 'ELABORATE' step in 'C:/Users/Public/Documents/PVSDRA/Lab_3/Lab_3.sim/sim_1/behav/xsim'
Vivado Simulator 2018.2
Copyright 1986-1999, 2001-2018 Xilinx, Inc. All Rights Reserved.
Running: D:/Xilinx/Vivado/2018.2/bin/unwrapped/win64.o/xelab.exe -wto ba93bc7316ac4ceb80ae35f65eb8577a --incr --debug typical --relax --mt 2 -L xil_defaultlib -L secureip --snapshot FIR_tb_behav xil_defaultlib.FIR_tb -log elaborate.log 
Using 2 slave threads.
Starting static elaboration
Completed static elaboration
Starting simulation data flow analysis
Completed simulation data flow analysis
Time Resolution for simulation is 1ps
Compiling package std.standard
Compiling package std.textio
Compiling package ieee.std_logic_1164
Compiling package ieee.numeric_std
Compiling package std.env
Compiling package ieee.std_logic_arith
Compiling package ieee.std_logic_unsigned
Compiling architecture behavioral of entity xil_defaultlib.ROM [rom_default]
Compiling architecture behavioral of entity xil_defaultlib.FSM [fsm_default]
Compiling architecture behavioral of entity xil_defaultlib.FIR [fir_default]
Compiling architecture behavioral of entity xil_defaultlib.fir_tb
Built simulation snapshot FIR_tb_behav
INFO: [USF-XSim-69] 'elaborate' step finished in '2' seconds
Vivado Simulator 2018.2
Time resolution is 1 ps
relaunch_sim
INFO: [Vivado 12-5682] Launching behavioral simulation in 'C:/Users/Public/Documents/PVSDRA/Lab_3/Lab_3.sim/sim_1/behav/xsim'
INFO: [SIM-utils-51] Simulation object is 'sim_1'
INFO: [SIM-utils-54] Inspecting design source files for 'FIR_tb' in fileset 'sim_1'...
INFO: [USF-XSim-97] Finding global include files...
INFO: [USF-XSim-98] Fetching design files from 'sim_1'...
INFO: [USF-XSim-2] XSim::Compile design
INFO: [USF-XSim-61] Executing 'COMPILE and ANALYZE' step in 'C:/Users/Public/Documents/PVSDRA/Lab_3/Lab_3.sim/sim_1/behav/xsim'
"xvhdl --incr --relax -prj FIR_tb_vhdl.prj"
INFO: [VRFC 10-163] Analyzing VHDL file "C:/Users/Public/Documents/PVSDRA/Lab_3/Lab_3.srcs/sources_1/new/FIR.vhd" into library xil_defaultlib
INFO: [VRFC 10-307] analyzing entity FIR
INFO: [VRFC 10-163] Analyzing VHDL file "C:/Users/Public/Documents/PVSDRA/Lab_3/Lab_3.srcs/sim_1/new/FIR_tb.vhd" into library xil_defaultlib
INFO: [VRFC 10-307] analyzing entity FIR_tb
INFO: [USF-XSim-69] 'compile' step finished in '1' seconds
INFO: [Vivado 12-5682] Launching behavioral simulation in 'C:/Users/Public/Documents/PVSDRA/Lab_3/Lab_3.sim/sim_1/behav/xsim'
INFO: [USF-XSim-3] XSim::Elaborate design
INFO: [USF-XSim-61] Executing 'ELABORATE' step in 'C:/Users/Public/Documents/PVSDRA/Lab_3/Lab_3.sim/sim_1/behav/xsim'
Vivado Simulator 2018.2
Copyright 1986-1999, 2001-2018 Xilinx, Inc. All Rights Reserved.
Running: D:/Xilinx/Vivado/2018.2/bin/unwrapped/win64.o/xelab.exe -wto ba93bc7316ac4ceb80ae35f65eb8577a --incr --debug typical --relax --mt 2 -L xil_defaultlib -L secureip --snapshot FIR_tb_behav xil_defaultlib.FIR_tb -log elaborate.log 
Using 2 slave threads.
Starting static elaboration
Completed static elaboration
Starting simulation data flow analysis
Completed simulation data flow analysis
Time Resolution for simulation is 1ps
Compiling package std.standard
Compiling package std.textio
Compiling package ieee.std_logic_1164
Compiling package ieee.numeric_std
Compiling package std.env
Compiling package ieee.std_logic_arith
Compiling package ieee.std_logic_unsigned
Compiling architecture behavioral of entity xil_defaultlib.ROM [rom_default]
Compiling architecture behavioral of entity xil_defaultlib.FSM [fsm_default]
Compiling architecture behavioral of entity xil_defaultlib.FIR [fir_default]
Compiling architecture behavioral of entity xil_defaultlib.fir_tb
Built simulation snapshot FIR_tb_behav
INFO: [USF-XSim-69] 'elaborate' step finished in '2' seconds
Vivado Simulator 2018.2
Time resolution is 1 ps
relaunch_sim
INFO: [Vivado 12-5682] Launching behavioral simulation in 'C:/Users/Public/Documents/PVSDRA/Lab_3/Lab_3.sim/sim_1/behav/xsim'
INFO: [SIM-utils-51] Simulation object is 'sim_1'
INFO: [SIM-utils-54] Inspecting design source files for 'FIR_tb' in fileset 'sim_1'...
INFO: [USF-XSim-97] Finding global include files...
INFO: [USF-XSim-98] Fetching design files from 'sim_1'...
INFO: [USF-XSim-2] XSim::Compile design
INFO: [USF-XSim-61] Executing 'COMPILE and ANALYZE' step in 'C:/Users/Public/Documents/PVSDRA/Lab_3/Lab_3.sim/sim_1/behav/xsim'
"xvhdl --incr --relax -prj FIR_tb_vhdl.prj"
INFO: [VRFC 10-163] Analyzing VHDL file "C:/Users/Public/Documents/PVSDRA/Lab_3/Lab_3.srcs/sources_1/new/FIR.vhd" into library xil_defaultlib
INFO: [VRFC 10-307] analyzing entity FIR
INFO: [VRFC 10-163] Analyzing VHDL file "C:/Users/Public/Documents/PVSDRA/Lab_3/Lab_3.srcs/sim_1/new/FIR_tb.vhd" into library xil_defaultlib
INFO: [VRFC 10-307] analyzing entity FIR_tb
INFO: [USF-XSim-69] 'compile' step finished in '1' seconds
INFO: [Vivado 12-5682] Launching behavioral simulation in 'C:/Users/Public/Documents/PVSDRA/Lab_3/Lab_3.sim/sim_1/behav/xsim'
INFO: [USF-XSim-3] XSim::Elaborate design
INFO: [USF-XSim-61] Executing 'ELABORATE' step in 'C:/Users/Public/Documents/PVSDRA/Lab_3/Lab_3.sim/sim_1/behav/xsim'
Vivado Simulator 2018.2
Copyright 1986-1999, 2001-2018 Xilinx, Inc. All Rights Reserved.
Running: D:/Xilinx/Vivado/2018.2/bin/unwrapped/win64.o/xelab.exe -wto ba93bc7316ac4ceb80ae35f65eb8577a --incr --debug typical --relax --mt 2 -L xil_defaultlib -L secureip --snapshot FIR_tb_behav xil_defaultlib.FIR_tb -log elaborate.log 
Using 2 slave threads.
Starting static elaboration
Completed static elaboration
Starting simulation data flow analysis
Completed simulation data flow analysis
Time Resolution for simulation is 1ps
Compiling package std.standard
Compiling package std.textio
Compiling package ieee.std_logic_1164
Compiling package ieee.numeric_std
Compiling package std.env
Compiling package ieee.std_logic_arith
Compiling package ieee.std_logic_unsigned
Compiling architecture behavioral of entity xil_defaultlib.ROM [rom_default]
Compiling architecture behavioral of entity xil_defaultlib.FSM [fsm_default]
Compiling architecture behavioral of entity xil_defaultlib.FIR [fir_default]
Compiling architecture behavioral of entity xil_defaultlib.fir_tb
Built simulation snapshot FIR_tb_behav
INFO: [USF-XSim-69] 'elaborate' step finished in '2' seconds
Vivado Simulator 2018.2
Time resolution is 1 ps
relaunch_sim
INFO: [Vivado 12-5682] Launching behavioral simulation in 'C:/Users/Public/Documents/PVSDRA/Lab_3/Lab_3.sim/sim_1/behav/xsim'
INFO: [SIM-utils-51] Simulation object is 'sim_1'
INFO: [SIM-utils-54] Inspecting design source files for 'FIR_tb' in fileset 'sim_1'...
INFO: [USF-XSim-97] Finding global include files...
INFO: [USF-XSim-98] Fetching design files from 'sim_1'...
INFO: [USF-XSim-2] XSim::Compile design
INFO: [USF-XSim-61] Executing 'COMPILE and ANALYZE' step in 'C:/Users/Public/Documents/PVSDRA/Lab_3/Lab_3.sim/sim_1/behav/xsim'
"xvhdl --incr --relax -prj FIR_tb_vhdl.prj"
INFO: [VRFC 10-163] Analyzing VHDL file "C:/Users/Public/Documents/PVSDRA/Lab_3/Lab_3.srcs/sources_1/new/FIR.vhd" into library xil_defaultlib
INFO: [VRFC 10-307] analyzing entity FIR
INFO: [VRFC 10-163] Analyzing VHDL file "C:/Users/Public/Documents/PVSDRA/Lab_3/Lab_3.srcs/sim_1/new/FIR_tb.vhd" into library xil_defaultlib
INFO: [VRFC 10-307] analyzing entity FIR_tb
INFO: [USF-XSim-69] 'compile' step finished in '1' seconds
INFO: [Vivado 12-5682] Launching behavioral simulation in 'C:/Users/Public/Documents/PVSDRA/Lab_3/Lab_3.sim/sim_1/behav/xsim'
INFO: [USF-XSim-3] XSim::Elaborate design
INFO: [USF-XSim-61] Executing 'ELABORATE' step in 'C:/Users/Public/Documents/PVSDRA/Lab_3/Lab_3.sim/sim_1/behav/xsim'
Vivado Simulator 2018.2
Copyright 1986-1999, 2001-2018 Xilinx, Inc. All Rights Reserved.
Running: D:/Xilinx/Vivado/2018.2/bin/unwrapped/win64.o/xelab.exe -wto ba93bc7316ac4ceb80ae35f65eb8577a --incr --debug typical --relax --mt 2 -L xil_defaultlib -L secureip --snapshot FIR_tb_behav xil_defaultlib.FIR_tb -log elaborate.log 
Using 2 slave threads.
Starting static elaboration
Completed static elaboration
Starting simulation data flow analysis
Completed simulation data flow analysis
Time Resolution for simulation is 1ps
Compiling package std.standard
Compiling package std.textio
Compiling package ieee.std_logic_1164
Compiling package ieee.numeric_std
Compiling package std.env
Compiling package ieee.std_logic_arith
Compiling package ieee.std_logic_unsigned
Compiling architecture behavioral of entity xil_defaultlib.FSM [fsm_default]
Compiling architecture behavioral of entity xil_defaultlib.ROM [rom_default]
Compiling architecture behavioral of entity xil_defaultlib.FIR [fir_default]
Compiling architecture behavioral of entity xil_defaultlib.fir_tb
Built simulation snapshot FIR_tb_behav
INFO: [USF-XSim-69] 'elaborate' step finished in '1' seconds
Vivado Simulator 2018.2
Time resolution is 1 ps
relaunch_sim
INFO: [Vivado 12-5682] Launching behavioral simulation in 'C:/Users/Public/Documents/PVSDRA/Lab_3/Lab_3.sim/sim_1/behav/xsim'
INFO: [SIM-utils-51] Simulation object is 'sim_1'
INFO: [SIM-utils-54] Inspecting design source files for 'FIR_tb' in fileset 'sim_1'...
INFO: [USF-XSim-97] Finding global include files...
INFO: [USF-XSim-98] Fetching design files from 'sim_1'...
INFO: [USF-XSim-2] XSim::Compile design
INFO: [USF-XSim-61] Executing 'COMPILE and ANALYZE' step in 'C:/Users/Public/Documents/PVSDRA/Lab_3/Lab_3.sim/sim_1/behav/xsim'
"xvhdl --incr --relax -prj FIR_tb_vhdl.prj"
INFO: [VRFC 10-163] Analyzing VHDL file "C:/Users/Public/Documents/PVSDRA/Lab_3/Lab_3.srcs/sources_1/new/ROM.vhd" into library xil_defaultlib
INFO: [VRFC 10-307] analyzing entity ROM
INFO: [VRFC 10-163] Analyzing VHDL file "C:/Users/Public/Documents/PVSDRA/Lab_3/Lab_3.srcs/sources_1/new/FIR.vhd" into library xil_defaultlib
INFO: [VRFC 10-307] analyzing entity FIR
INFO: [VRFC 10-163] Analyzing VHDL file "C:/Users/Public/Documents/PVSDRA/Lab_3/Lab_3.srcs/sim_1/new/FIR_tb.vhd" into library xil_defaultlib
INFO: [VRFC 10-307] analyzing entity FIR_tb
INFO: [USF-XSim-69] 'compile' step finished in '1' seconds
INFO: [Vivado 12-5682] Launching behavioral simulation in 'C:/Users/Public/Documents/PVSDRA/Lab_3/Lab_3.sim/sim_1/behav/xsim'
INFO: [USF-XSim-3] XSim::Elaborate design
INFO: [USF-XSim-61] Executing 'ELABORATE' step in 'C:/Users/Public/Documents/PVSDRA/Lab_3/Lab_3.sim/sim_1/behav/xsim'
Vivado Simulator 2018.2
Copyright 1986-1999, 2001-2018 Xilinx, Inc. All Rights Reserved.
Running: D:/Xilinx/Vivado/2018.2/bin/unwrapped/win64.o/xelab.exe -wto ba93bc7316ac4ceb80ae35f65eb8577a --incr --debug typical --relax --mt 2 -L xil_defaultlib -L secureip --snapshot FIR_tb_behav xil_defaultlib.FIR_tb -log elaborate.log 
Using 2 slave threads.
Starting static elaboration
Completed static elaboration
Starting simulation data flow analysis
Completed simulation data flow analysis
Time Resolution for simulation is 1ps
Compiling package std.standard
Compiling package std.textio
Compiling package ieee.std_logic_1164
Compiling package ieee.numeric_std
Compiling package std.env
Compiling package ieee.std_logic_arith
Compiling package ieee.std_logic_unsigned
Compiling architecture behavioral of entity xil_defaultlib.FSM [fsm_default]
Compiling architecture behavioral of entity xil_defaultlib.ROM [rom_default]
Compiling architecture behavioral of entity xil_defaultlib.FIR [fir_default]
Compiling architecture behavioral of entity xil_defaultlib.fir_tb
Built simulation snapshot FIR_tb_behav
INFO: [USF-XSim-69] 'elaborate' step finished in '2' seconds
Vivado Simulator 2018.2
Time resolution is 1 ps
relaunch_sim
INFO: [Vivado 12-5682] Launching behavioral simulation in 'C:/Users/Public/Documents/PVSDRA/Lab_3/Lab_3.sim/sim_1/behav/xsim'
INFO: [SIM-utils-51] Simulation object is 'sim_1'
INFO: [SIM-utils-54] Inspecting design source files for 'FIR_tb' in fileset 'sim_1'...
INFO: [USF-XSim-97] Finding global include files...
INFO: [USF-XSim-98] Fetching design files from 'sim_1'...
INFO: [USF-XSim-2] XSim::Compile design
INFO: [USF-XSim-61] Executing 'COMPILE and ANALYZE' step in 'C:/Users/Public/Documents/PVSDRA/Lab_3/Lab_3.sim/sim_1/behav/xsim'
"xvhdl --incr --relax -prj FIR_tb_vhdl.prj"
INFO: [VRFC 10-163] Analyzing VHDL file "C:/Users/Public/Documents/PVSDRA/Lab_3/Lab_3.srcs/sources_1/new/ROM.vhd" into library xil_defaultlib
INFO: [VRFC 10-307] analyzing entity ROM
INFO: [VRFC 10-163] Analyzing VHDL file "C:/Users/Public/Documents/PVSDRA/Lab_3/Lab_3.srcs/sources_1/new/FIR.vhd" into library xil_defaultlib
INFO: [VRFC 10-307] analyzing entity FIR
INFO: [VRFC 10-163] Analyzing VHDL file "C:/Users/Public/Documents/PVSDRA/Lab_3/Lab_3.srcs/sim_1/new/FIR_tb.vhd" into library xil_defaultlib
INFO: [VRFC 10-307] analyzing entity FIR_tb
INFO: [USF-XSim-69] 'compile' step finished in '1' seconds
INFO: [Vivado 12-5682] Launching behavioral simulation in 'C:/Users/Public/Documents/PVSDRA/Lab_3/Lab_3.sim/sim_1/behav/xsim'
INFO: [USF-XSim-3] XSim::Elaborate design
INFO: [USF-XSim-61] Executing 'ELABORATE' step in 'C:/Users/Public/Documents/PVSDRA/Lab_3/Lab_3.sim/sim_1/behav/xsim'
Vivado Simulator 2018.2
Copyright 1986-1999, 2001-2018 Xilinx, Inc. All Rights Reserved.
Running: D:/Xilinx/Vivado/2018.2/bin/unwrapped/win64.o/xelab.exe -wto ba93bc7316ac4ceb80ae35f65eb8577a --incr --debug typical --relax --mt 2 -L xil_defaultlib -L secureip --snapshot FIR_tb_behav xil_defaultlib.FIR_tb -log elaborate.log 
Using 2 slave threads.
Starting static elaboration
Completed static elaboration
Starting simulation data flow analysis
Completed simulation data flow analysis
Time Resolution for simulation is 1ps
Compiling package std.standard
Compiling package std.textio
Compiling package ieee.std_logic_1164
Compiling package ieee.numeric_std
Compiling package std.env
Compiling package ieee.std_logic_arith
Compiling package ieee.std_logic_unsigned
Compiling architecture behavioral of entity xil_defaultlib.FSM [fsm_default]
Compiling architecture behavioral of entity xil_defaultlib.ROM [rom_default]
Compiling architecture behavioral of entity xil_defaultlib.FIR [fir_default]
Compiling architecture behavioral of entity xil_defaultlib.fir_tb
Built simulation snapshot FIR_tb_behav
INFO: [USF-XSim-69] 'elaborate' step finished in '1' seconds
Vivado Simulator 2018.2
Time resolution is 1 ps
relaunch_sim
INFO: [Vivado 12-5682] Launching behavioral simulation in 'C:/Users/Public/Documents/PVSDRA/Lab_3/Lab_3.sim/sim_1/behav/xsim'
INFO: [SIM-utils-51] Simulation object is 'sim_1'
INFO: [SIM-utils-54] Inspecting design source files for 'FIR_tb' in fileset 'sim_1'...
INFO: [USF-XSim-97] Finding global include files...
INFO: [USF-XSim-98] Fetching design files from 'sim_1'...
INFO: [USF-XSim-2] XSim::Compile design
INFO: [USF-XSim-61] Executing 'COMPILE and ANALYZE' step in 'C:/Users/Public/Documents/PVSDRA/Lab_3/Lab_3.sim/sim_1/behav/xsim'
"xvhdl --incr --relax -prj FIR_tb_vhdl.prj"
INFO: [VRFC 10-163] Analyzing VHDL file "C:/Users/Public/Documents/PVSDRA/Lab_3/Lab_3.srcs/sources_1/new/FIR.vhd" into library xil_defaultlib
INFO: [VRFC 10-307] analyzing entity FIR
INFO: [VRFC 10-163] Analyzing VHDL file "C:/Users/Public/Documents/PVSDRA/Lab_3/Lab_3.srcs/sim_1/new/FIR_tb.vhd" into library xil_defaultlib
INFO: [VRFC 10-307] analyzing entity FIR_tb
INFO: [USF-XSim-69] 'compile' step finished in '1' seconds
INFO: [Vivado 12-5682] Launching behavioral simulation in 'C:/Users/Public/Documents/PVSDRA/Lab_3/Lab_3.sim/sim_1/behav/xsim'
INFO: [USF-XSim-3] XSim::Elaborate design
INFO: [USF-XSim-61] Executing 'ELABORATE' step in 'C:/Users/Public/Documents/PVSDRA/Lab_3/Lab_3.sim/sim_1/behav/xsim'
Vivado Simulator 2018.2
Copyright 1986-1999, 2001-2018 Xilinx, Inc. All Rights Reserved.
Running: D:/Xilinx/Vivado/2018.2/bin/unwrapped/win64.o/xelab.exe -wto ba93bc7316ac4ceb80ae35f65eb8577a --incr --debug typical --relax --mt 2 -L xil_defaultlib -L secureip --snapshot FIR_tb_behav xil_defaultlib.FIR_tb -log elaborate.log 
Using 2 slave threads.
Starting static elaboration
Completed static elaboration
Starting simulation data flow analysis
Completed simulation data flow analysis
Time Resolution for simulation is 1ps
Compiling package std.standard
Compiling package std.textio
Compiling package ieee.std_logic_1164
Compiling package ieee.numeric_std
Compiling package std.env
Compiling package ieee.std_logic_arith
Compiling package ieee.std_logic_unsigned
Compiling architecture behavioral of entity xil_defaultlib.ROM [rom_default]
Compiling architecture behavioral of entity xil_defaultlib.FSM [fsm_default]
Compiling architecture behavioral of entity xil_defaultlib.FIR [fir_default]
Compiling architecture behavioral of entity xil_defaultlib.fir_tb
Built simulation snapshot FIR_tb_behav
INFO: [USF-XSim-69] 'elaborate' step finished in '2' seconds
Vivado Simulator 2018.2
Time resolution is 1 ps
relaunch_sim
INFO: [Vivado 12-5682] Launching behavioral simulation in 'C:/Users/Public/Documents/PVSDRA/Lab_3/Lab_3.sim/sim_1/behav/xsim'
INFO: [SIM-utils-51] Simulation object is 'sim_1'
INFO: [SIM-utils-54] Inspecting design source files for 'FIR_tb' in fileset 'sim_1'...
INFO: [USF-XSim-97] Finding global include files...
INFO: [USF-XSim-98] Fetching design files from 'sim_1'...
INFO: [USF-XSim-2] XSim::Compile design
INFO: [USF-XSim-61] Executing 'COMPILE and ANALYZE' step in 'C:/Users/Public/Documents/PVSDRA/Lab_3/Lab_3.sim/sim_1/behav/xsim'
"xvhdl --incr --relax -prj FIR_tb_vhdl.prj"
INFO: [VRFC 10-163] Analyzing VHDL file "C:/Users/Public/Documents/PVSDRA/Lab_3/Lab_3.srcs/sources_1/new/FIR.vhd" into library xil_defaultlib
INFO: [VRFC 10-307] analyzing entity FIR
INFO: [VRFC 10-163] Analyzing VHDL file "C:/Users/Public/Documents/PVSDRA/Lab_3/Lab_3.srcs/sim_1/new/FIR_tb.vhd" into library xil_defaultlib
INFO: [VRFC 10-307] analyzing entity FIR_tb
INFO: [USF-XSim-69] 'compile' step finished in '1' seconds
INFO: [Vivado 12-5682] Launching behavioral simulation in 'C:/Users/Public/Documents/PVSDRA/Lab_3/Lab_3.sim/sim_1/behav/xsim'
INFO: [USF-XSim-3] XSim::Elaborate design
INFO: [USF-XSim-61] Executing 'ELABORATE' step in 'C:/Users/Public/Documents/PVSDRA/Lab_3/Lab_3.sim/sim_1/behav/xsim'
Vivado Simulator 2018.2
Copyright 1986-1999, 2001-2018 Xilinx, Inc. All Rights Reserved.
Running: D:/Xilinx/Vivado/2018.2/bin/unwrapped/win64.o/xelab.exe -wto ba93bc7316ac4ceb80ae35f65eb8577a --incr --debug typical --relax --mt 2 -L xil_defaultlib -L secureip --snapshot FIR_tb_behav xil_defaultlib.FIR_tb -log elaborate.log 
Using 2 slave threads.
Starting static elaboration
Completed static elaboration
Starting simulation data flow analysis
Completed simulation data flow analysis
Time Resolution for simulation is 1ps
Compiling package std.standard
Compiling package std.textio
Compiling package ieee.std_logic_1164
Compiling package ieee.numeric_std
Compiling package std.env
Compiling package ieee.std_logic_arith
Compiling package ieee.std_logic_unsigned
Compiling architecture behavioral of entity xil_defaultlib.ROM [rom_default]
Compiling architecture behavioral of entity xil_defaultlib.FSM [fsm_default]
Compiling architecture behavioral of entity xil_defaultlib.FIR [fir_default]
Compiling architecture behavioral of entity xil_defaultlib.fir_tb
Built simulation snapshot FIR_tb_behav
INFO: [USF-XSim-69] 'elaborate' step finished in '1' seconds
Vivado Simulator 2018.2
Time resolution is 1 ps
relaunch_sim
INFO: [Vivado 12-5682] Launching behavioral simulation in 'C:/Users/Public/Documents/PVSDRA/Lab_3/Lab_3.sim/sim_1/behav/xsim'
INFO: [SIM-utils-51] Simulation object is 'sim_1'
INFO: [SIM-utils-54] Inspecting design source files for 'FIR_tb' in fileset 'sim_1'...
INFO: [USF-XSim-97] Finding global include files...
INFO: [USF-XSim-98] Fetching design files from 'sim_1'...
INFO: [USF-XSim-2] XSim::Compile design
INFO: [USF-XSim-61] Executing 'COMPILE and ANALYZE' step in 'C:/Users/Public/Documents/PVSDRA/Lab_3/Lab_3.sim/sim_1/behav/xsim'
"xvhdl --incr --relax -prj FIR_tb_vhdl.prj"
INFO: [VRFC 10-163] Analyzing VHDL file "C:/Users/Public/Documents/PVSDRA/Lab_3/Lab_3.srcs/sources_1/new/FIR.vhd" into library xil_defaultlib
INFO: [VRFC 10-307] analyzing entity FIR
INFO: [VRFC 10-163] Analyzing VHDL file "C:/Users/Public/Documents/PVSDRA/Lab_3/Lab_3.srcs/sim_1/new/FIR_tb.vhd" into library xil_defaultlib
INFO: [VRFC 10-307] analyzing entity FIR_tb
INFO: [USF-XSim-69] 'compile' step finished in '1' seconds
INFO: [Vivado 12-5682] Launching behavioral simulation in 'C:/Users/Public/Documents/PVSDRA/Lab_3/Lab_3.sim/sim_1/behav/xsim'
INFO: [USF-XSim-3] XSim::Elaborate design
INFO: [USF-XSim-61] Executing 'ELABORATE' step in 'C:/Users/Public/Documents/PVSDRA/Lab_3/Lab_3.sim/sim_1/behav/xsim'
Vivado Simulator 2018.2
Copyright 1986-1999, 2001-2018 Xilinx, Inc. All Rights Reserved.
Running: D:/Xilinx/Vivado/2018.2/bin/unwrapped/win64.o/xelab.exe -wto ba93bc7316ac4ceb80ae35f65eb8577a --incr --debug typical --relax --mt 2 -L xil_defaultlib -L secureip --snapshot FIR_tb_behav xil_defaultlib.FIR_tb -log elaborate.log 
Using 2 slave threads.
Starting static elaboration
Completed static elaboration
Starting simulation data flow analysis
Completed simulation data flow analysis
Time Resolution for simulation is 1ps
Compiling package std.standard
Compiling package std.textio
Compiling package ieee.std_logic_1164
Compiling package ieee.numeric_std
Compiling package std.env
Compiling package ieee.std_logic_arith
Compiling package ieee.std_logic_unsigned
Compiling architecture behavioral of entity xil_defaultlib.ROM [rom_default]
Compiling architecture behavioral of entity xil_defaultlib.FSM [fsm_default]
Compiling architecture behavioral of entity xil_defaultlib.FIR [fir_default]
Compiling architecture behavioral of entity xil_defaultlib.fir_tb
Built simulation snapshot FIR_tb_behav
INFO: [USF-XSim-69] 'elaborate' step finished in '2' seconds
Vivado Simulator 2018.2
Time resolution is 1 ps
relaunch_sim
INFO: [Vivado 12-5682] Launching behavioral simulation in 'C:/Users/Public/Documents/PVSDRA/Lab_3/Lab_3.sim/sim_1/behav/xsim'
INFO: [SIM-utils-51] Simulation object is 'sim_1'
INFO: [SIM-utils-54] Inspecting design source files for 'FIR_tb' in fileset 'sim_1'...
INFO: [USF-XSim-97] Finding global include files...
INFO: [USF-XSim-98] Fetching design files from 'sim_1'...
INFO: [USF-XSim-2] XSim::Compile design
INFO: [USF-XSim-61] Executing 'COMPILE and ANALYZE' step in 'C:/Users/Public/Documents/PVSDRA/Lab_3/Lab_3.sim/sim_1/behav/xsim'
"xvhdl --incr --relax -prj FIR_tb_vhdl.prj"
INFO: [VRFC 10-163] Analyzing VHDL file "C:/Users/Public/Documents/PVSDRA/Lab_3/Lab_3.srcs/sources_1/new/FIR.vhd" into library xil_defaultlib
INFO: [VRFC 10-307] analyzing entity FIR
INFO: [VRFC 10-163] Analyzing VHDL file "C:/Users/Public/Documents/PVSDRA/Lab_3/Lab_3.srcs/sim_1/new/FIR_tb.vhd" into library xil_defaultlib
INFO: [VRFC 10-307] analyzing entity FIR_tb
INFO: [USF-XSim-69] 'compile' step finished in '1' seconds
INFO: [Vivado 12-5682] Launching behavioral simulation in 'C:/Users/Public/Documents/PVSDRA/Lab_3/Lab_3.sim/sim_1/behav/xsim'
INFO: [USF-XSim-3] XSim::Elaborate design
INFO: [USF-XSim-61] Executing 'ELABORATE' step in 'C:/Users/Public/Documents/PVSDRA/Lab_3/Lab_3.sim/sim_1/behav/xsim'
Vivado Simulator 2018.2
Copyright 1986-1999, 2001-2018 Xilinx, Inc. All Rights Reserved.
Running: D:/Xilinx/Vivado/2018.2/bin/unwrapped/win64.o/xelab.exe -wto ba93bc7316ac4ceb80ae35f65eb8577a --incr --debug typical --relax --mt 2 -L xil_defaultlib -L secureip --snapshot FIR_tb_behav xil_defaultlib.FIR_tb -log elaborate.log 
Using 2 slave threads.
Starting static elaboration
Completed static elaboration
Starting simulation data flow analysis
Completed simulation data flow analysis
Time Resolution for simulation is 1ps
Compiling package std.standard
Compiling package std.textio
Compiling package ieee.std_logic_1164
Compiling package ieee.numeric_std
Compiling package std.env
Compiling package ieee.std_logic_arith
Compiling package ieee.std_logic_unsigned
Compiling architecture behavioral of entity xil_defaultlib.ROM [rom_default]
Compiling architecture behavioral of entity xil_defaultlib.FSM [fsm_default]
Compiling architecture behavioral of entity xil_defaultlib.FIR [fir_default]
Compiling architecture behavioral of entity xil_defaultlib.fir_tb
Built simulation snapshot FIR_tb_behav
INFO: [USF-XSim-69] 'elaborate' step finished in '1' seconds
Vivado Simulator 2018.2
Time resolution is 1 ps
relaunch_sim
INFO: [Vivado 12-5682] Launching behavioral simulation in 'C:/Users/Public/Documents/PVSDRA/Lab_3/Lab_3.sim/sim_1/behav/xsim'
INFO: [SIM-utils-51] Simulation object is 'sim_1'
INFO: [SIM-utils-54] Inspecting design source files for 'FIR_tb' in fileset 'sim_1'...
INFO: [USF-XSim-97] Finding global include files...
INFO: [USF-XSim-98] Fetching design files from 'sim_1'...
INFO: [USF-XSim-2] XSim::Compile design
INFO: [USF-XSim-61] Executing 'COMPILE and ANALYZE' step in 'C:/Users/Public/Documents/PVSDRA/Lab_3/Lab_3.sim/sim_1/behav/xsim'
"xvhdl --incr --relax -prj FIR_tb_vhdl.prj"
INFO: [VRFC 10-163] Analyzing VHDL file "C:/Users/Public/Documents/PVSDRA/Lab_3/Lab_3.srcs/sources_1/new/ROM.vhd" into library xil_defaultlib
INFO: [VRFC 10-307] analyzing entity ROM
INFO: [VRFC 10-163] Analyzing VHDL file "C:/Users/Public/Documents/PVSDRA/Lab_3/Lab_3.srcs/sources_1/new/FIR.vhd" into library xil_defaultlib
INFO: [VRFC 10-307] analyzing entity FIR
INFO: [VRFC 10-163] Analyzing VHDL file "C:/Users/Public/Documents/PVSDRA/Lab_3/Lab_3.srcs/sim_1/new/FIR_tb.vhd" into library xil_defaultlib
INFO: [VRFC 10-307] analyzing entity FIR_tb
INFO: [USF-XSim-69] 'compile' step finished in '1' seconds
INFO: [Vivado 12-5682] Launching behavioral simulation in 'C:/Users/Public/Documents/PVSDRA/Lab_3/Lab_3.sim/sim_1/behav/xsim'
INFO: [USF-XSim-3] XSim::Elaborate design
INFO: [USF-XSim-61] Executing 'ELABORATE' step in 'C:/Users/Public/Documents/PVSDRA/Lab_3/Lab_3.sim/sim_1/behav/xsim'
Vivado Simulator 2018.2
Copyright 1986-1999, 2001-2018 Xilinx, Inc. All Rights Reserved.
Running: D:/Xilinx/Vivado/2018.2/bin/unwrapped/win64.o/xelab.exe -wto ba93bc7316ac4ceb80ae35f65eb8577a --incr --debug typical --relax --mt 2 -L xil_defaultlib -L secureip --snapshot FIR_tb_behav xil_defaultlib.FIR_tb -log elaborate.log 
Using 2 slave threads.
Starting static elaboration
Completed static elaboration
Starting simulation data flow analysis
Completed simulation data flow analysis
Time Resolution for simulation is 1ps
Compiling package std.standard
Compiling package std.textio
Compiling package ieee.std_logic_1164
Compiling package ieee.numeric_std
Compiling package std.env
Compiling package ieee.std_logic_arith
Compiling package ieee.std_logic_unsigned
Compiling architecture behavioral of entity xil_defaultlib.ROM [rom_default]
Compiling architecture behavioral of entity xil_defaultlib.FSM [fsm_default]
Compiling architecture behavioral of entity xil_defaultlib.FIR [fir_default]
Compiling architecture behavioral of entity xil_defaultlib.fir_tb
Built simulation snapshot FIR_tb_behav
INFO: [USF-XSim-69] 'elaborate' step finished in '2' seconds
Vivado Simulator 2018.2
Time resolution is 1 ps
relaunch_sim
INFO: [Vivado 12-5682] Launching behavioral simulation in 'C:/Users/Public/Documents/PVSDRA/Lab_3/Lab_3.sim/sim_1/behav/xsim'
INFO: [SIM-utils-51] Simulation object is 'sim_1'
INFO: [SIM-utils-54] Inspecting design source files for 'FIR_tb' in fileset 'sim_1'...
INFO: [USF-XSim-97] Finding global include files...
INFO: [USF-XSim-98] Fetching design files from 'sim_1'...
INFO: [USF-XSim-2] XSim::Compile design
INFO: [USF-XSim-61] Executing 'COMPILE and ANALYZE' step in 'C:/Users/Public/Documents/PVSDRA/Lab_3/Lab_3.sim/sim_1/behav/xsim'
"xvhdl --incr --relax -prj FIR_tb_vhdl.prj"
INFO: [VRFC 10-163] Analyzing VHDL file "C:/Users/Public/Documents/PVSDRA/Lab_3/Lab_3.srcs/sources_1/new/ROM.vhd" into library xil_defaultlib
INFO: [VRFC 10-307] analyzing entity ROM
INFO: [VRFC 10-163] Analyzing VHDL file "C:/Users/Public/Documents/PVSDRA/Lab_3/Lab_3.srcs/sources_1/new/FIR.vhd" into library xil_defaultlib
INFO: [VRFC 10-307] analyzing entity FIR
INFO: [VRFC 10-163] Analyzing VHDL file "C:/Users/Public/Documents/PVSDRA/Lab_3/Lab_3.srcs/sim_1/new/FIR_tb.vhd" into library xil_defaultlib
INFO: [VRFC 10-307] analyzing entity FIR_tb
INFO: [USF-XSim-69] 'compile' step finished in '1' seconds
INFO: [Vivado 12-5682] Launching behavioral simulation in 'C:/Users/Public/Documents/PVSDRA/Lab_3/Lab_3.sim/sim_1/behav/xsim'
INFO: [USF-XSim-3] XSim::Elaborate design
INFO: [USF-XSim-61] Executing 'ELABORATE' step in 'C:/Users/Public/Documents/PVSDRA/Lab_3/Lab_3.sim/sim_1/behav/xsim'
Vivado Simulator 2018.2
Copyright 1986-1999, 2001-2018 Xilinx, Inc. All Rights Reserved.
Running: D:/Xilinx/Vivado/2018.2/bin/unwrapped/win64.o/xelab.exe -wto ba93bc7316ac4ceb80ae35f65eb8577a --incr --debug typical --relax --mt 2 -L xil_defaultlib -L secureip --snapshot FIR_tb_behav xil_defaultlib.FIR_tb -log elaborate.log 
Using 2 slave threads.
Starting static elaboration
Completed static elaboration
Starting simulation data flow analysis
Completed simulation data flow analysis
Time Resolution for simulation is 1ps
Compiling package std.standard
Compiling package std.textio
Compiling package ieee.std_logic_1164
Compiling package ieee.numeric_std
Compiling package std.env
Compiling package ieee.std_logic_arith
Compiling package ieee.std_logic_unsigned
Compiling architecture behavioral of entity xil_defaultlib.ROM [rom_default]
Compiling architecture behavioral of entity xil_defaultlib.FSM [fsm_default]
Compiling architecture behavioral of entity xil_defaultlib.FIR [fir_default]
Compiling architecture behavioral of entity xil_defaultlib.fir_tb
Built simulation snapshot FIR_tb_behav
INFO: [USF-XSim-69] 'elaborate' step finished in '2' seconds
Vivado Simulator 2018.2
Time resolution is 1 ps
relaunch_sim
INFO: [Vivado 12-5682] Launching behavioral simulation in 'C:/Users/Public/Documents/PVSDRA/Lab_3/Lab_3.sim/sim_1/behav/xsim'
INFO: [SIM-utils-51] Simulation object is 'sim_1'
INFO: [SIM-utils-54] Inspecting design source files for 'FIR_tb' in fileset 'sim_1'...
INFO: [USF-XSim-97] Finding global include files...
INFO: [USF-XSim-98] Fetching design files from 'sim_1'...
INFO: [USF-XSim-2] XSim::Compile design
INFO: [USF-XSim-61] Executing 'COMPILE and ANALYZE' step in 'C:/Users/Public/Documents/PVSDRA/Lab_3/Lab_3.sim/sim_1/behav/xsim'
"xvhdl --incr --relax -prj FIR_tb_vhdl.prj"
INFO: [VRFC 10-163] Analyzing VHDL file "C:/Users/Public/Documents/PVSDRA/Lab_3/Lab_3.srcs/sources_1/new/FIR.vhd" into library xil_defaultlib
INFO: [VRFC 10-307] analyzing entity FIR
INFO: [VRFC 10-163] Analyzing VHDL file "C:/Users/Public/Documents/PVSDRA/Lab_3/Lab_3.srcs/sim_1/new/FIR_tb.vhd" into library xil_defaultlib
INFO: [VRFC 10-307] analyzing entity FIR_tb
INFO: [USF-XSim-69] 'compile' step finished in '1' seconds
INFO: [Vivado 12-5682] Launching behavioral simulation in 'C:/Users/Public/Documents/PVSDRA/Lab_3/Lab_3.sim/sim_1/behav/xsim'
INFO: [USF-XSim-3] XSim::Elaborate design
INFO: [USF-XSim-61] Executing 'ELABORATE' step in 'C:/Users/Public/Documents/PVSDRA/Lab_3/Lab_3.sim/sim_1/behav/xsim'
Vivado Simulator 2018.2
Copyright 1986-1999, 2001-2018 Xilinx, Inc. All Rights Reserved.
Running: D:/Xilinx/Vivado/2018.2/bin/unwrapped/win64.o/xelab.exe -wto ba93bc7316ac4ceb80ae35f65eb8577a --incr --debug typical --relax --mt 2 -L xil_defaultlib -L secureip --snapshot FIR_tb_behav xil_defaultlib.FIR_tb -log elaborate.log 
Using 2 slave threads.
Starting static elaboration
Completed static elaboration
Starting simulation data flow analysis
Completed simulation data flow analysis
Time Resolution for simulation is 1ps
Compiling package std.standard
Compiling package std.textio
Compiling package ieee.std_logic_1164
Compiling package ieee.numeric_std
Compiling package std.env
Compiling package ieee.std_logic_arith
Compiling package ieee.std_logic_unsigned
Compiling architecture behavioral of entity xil_defaultlib.ROM [rom_default]
Compiling architecture behavioral of entity xil_defaultlib.FSM [fsm_default]
Compiling architecture behavioral of entity xil_defaultlib.FIR [fir_default]
Compiling architecture behavioral of entity xil_defaultlib.fir_tb
Built simulation snapshot FIR_tb_behav
INFO: [USF-XSim-69] 'elaborate' step finished in '2' seconds
Vivado Simulator 2018.2
Time resolution is 1 ps
relaunch_sim
INFO: [Vivado 12-5682] Launching behavioral simulation in 'C:/Users/Public/Documents/PVSDRA/Lab_3/Lab_3.sim/sim_1/behav/xsim'
INFO: [SIM-utils-51] Simulation object is 'sim_1'
INFO: [SIM-utils-54] Inspecting design source files for 'FIR_tb' in fileset 'sim_1'...
INFO: [USF-XSim-97] Finding global include files...
INFO: [USF-XSim-98] Fetching design files from 'sim_1'...
INFO: [USF-XSim-2] XSim::Compile design
INFO: [USF-XSim-61] Executing 'COMPILE and ANALYZE' step in 'C:/Users/Public/Documents/PVSDRA/Lab_3/Lab_3.sim/sim_1/behav/xsim'
"xvhdl --incr --relax -prj FIR_tb_vhdl.prj"
INFO: [VRFC 10-163] Analyzing VHDL file "C:/Users/Public/Documents/PVSDRA/Lab_3/Lab_3.srcs/sources_1/new/FIR.vhd" into library xil_defaultlib
INFO: [VRFC 10-307] analyzing entity FIR
INFO: [VRFC 10-163] Analyzing VHDL file "C:/Users/Public/Documents/PVSDRA/Lab_3/Lab_3.srcs/sim_1/new/FIR_tb.vhd" into library xil_defaultlib
INFO: [VRFC 10-307] analyzing entity FIR_tb
INFO: [USF-XSim-69] 'compile' step finished in '1' seconds
INFO: [Vivado 12-5682] Launching behavioral simulation in 'C:/Users/Public/Documents/PVSDRA/Lab_3/Lab_3.sim/sim_1/behav/xsim'
INFO: [USF-XSim-3] XSim::Elaborate design
INFO: [USF-XSim-61] Executing 'ELABORATE' step in 'C:/Users/Public/Documents/PVSDRA/Lab_3/Lab_3.sim/sim_1/behav/xsim'
Vivado Simulator 2018.2
Copyright 1986-1999, 2001-2018 Xilinx, Inc. All Rights Reserved.
Running: D:/Xilinx/Vivado/2018.2/bin/unwrapped/win64.o/xelab.exe -wto ba93bc7316ac4ceb80ae35f65eb8577a --incr --debug typical --relax --mt 2 -L xil_defaultlib -L secureip --snapshot FIR_tb_behav xil_defaultlib.FIR_tb -log elaborate.log 
Using 2 slave threads.
Starting static elaboration
Completed static elaboration
Starting simulation data flow analysis
Completed simulation data flow analysis
Time Resolution for simulation is 1ps
Compiling package std.standard
Compiling package std.textio
Compiling package ieee.std_logic_1164
Compiling package ieee.numeric_std
Compiling package std.env
Compiling package ieee.std_logic_arith
Compiling package ieee.std_logic_unsigned
Compiling architecture behavioral of entity xil_defaultlib.ROM [rom_default]
Compiling architecture behavioral of entity xil_defaultlib.FSM [fsm_default]
Compiling architecture behavioral of entity xil_defaultlib.FIR [fir_default]
Compiling architecture behavioral of entity xil_defaultlib.fir_tb
Built simulation snapshot FIR_tb_behav
INFO: [USF-XSim-69] 'elaborate' step finished in '2' seconds
Vivado Simulator 2018.2
Time resolution is 1 ps
relaunch_sim
INFO: [Vivado 12-5682] Launching behavioral simulation in 'C:/Users/Public/Documents/PVSDRA/Lab_3/Lab_3.sim/sim_1/behav/xsim'
INFO: [SIM-utils-51] Simulation object is 'sim_1'
INFO: [SIM-utils-54] Inspecting design source files for 'FIR_tb' in fileset 'sim_1'...
INFO: [USF-XSim-97] Finding global include files...
INFO: [USF-XSim-98] Fetching design files from 'sim_1'...
INFO: [USF-XSim-2] XSim::Compile design
INFO: [USF-XSim-61] Executing 'COMPILE and ANALYZE' step in 'C:/Users/Public/Documents/PVSDRA/Lab_3/Lab_3.sim/sim_1/behav/xsim'
"xvhdl --incr --relax -prj FIR_tb_vhdl.prj"
INFO: [VRFC 10-163] Analyzing VHDL file "C:/Users/Public/Documents/PVSDRA/Lab_3/Lab_3.srcs/sources_1/new/FIR.vhd" into library xil_defaultlib
INFO: [VRFC 10-307] analyzing entity FIR
INFO: [VRFC 10-163] Analyzing VHDL file "C:/Users/Public/Documents/PVSDRA/Lab_3/Lab_3.srcs/sim_1/new/FIR_tb.vhd" into library xil_defaultlib
INFO: [VRFC 10-307] analyzing entity FIR_tb
INFO: [USF-XSim-69] 'compile' step finished in '1' seconds
INFO: [Vivado 12-5682] Launching behavioral simulation in 'C:/Users/Public/Documents/PVSDRA/Lab_3/Lab_3.sim/sim_1/behav/xsim'
INFO: [USF-XSim-3] XSim::Elaborate design
INFO: [USF-XSim-61] Executing 'ELABORATE' step in 'C:/Users/Public/Documents/PVSDRA/Lab_3/Lab_3.sim/sim_1/behav/xsim'
Vivado Simulator 2018.2
Copyright 1986-1999, 2001-2018 Xilinx, Inc. All Rights Reserved.
Running: D:/Xilinx/Vivado/2018.2/bin/unwrapped/win64.o/xelab.exe -wto ba93bc7316ac4ceb80ae35f65eb8577a --incr --debug typical --relax --mt 2 -L xil_defaultlib -L secureip --snapshot FIR_tb_behav xil_defaultlib.FIR_tb -log elaborate.log 
Using 2 slave threads.
Starting static elaboration
Completed static elaboration
Starting simulation data flow analysis
Completed simulation data flow analysis
Time Resolution for simulation is 1ps
Compiling package std.standard
Compiling package std.textio
Compiling package ieee.std_logic_1164
Compiling package ieee.numeric_std
Compiling package std.env
Compiling package ieee.std_logic_arith
Compiling package ieee.std_logic_unsigned
Compiling architecture behavioral of entity xil_defaultlib.ROM [rom_default]
Compiling architecture behavioral of entity xil_defaultlib.FSM [fsm_default]
Compiling architecture behavioral of entity xil_defaultlib.FIR [fir_default]
Compiling architecture behavioral of entity xil_defaultlib.fir_tb
Built simulation snapshot FIR_tb_behav
INFO: [USF-XSim-69] 'elaborate' step finished in '1' seconds
Vivado Simulator 2018.2
Time resolution is 1 ps
relaunch_sim
INFO: [Vivado 12-5682] Launching behavioral simulation in 'C:/Users/Public/Documents/PVSDRA/Lab_3/Lab_3.sim/sim_1/behav/xsim'
INFO: [SIM-utils-51] Simulation object is 'sim_1'
INFO: [SIM-utils-54] Inspecting design source files for 'FIR_tb' in fileset 'sim_1'...
INFO: [USF-XSim-97] Finding global include files...
INFO: [USF-XSim-98] Fetching design files from 'sim_1'...
INFO: [USF-XSim-2] XSim::Compile design
INFO: [USF-XSim-61] Executing 'COMPILE and ANALYZE' step in 'C:/Users/Public/Documents/PVSDRA/Lab_3/Lab_3.sim/sim_1/behav/xsim'
"xvhdl --incr --relax -prj FIR_tb_vhdl.prj"
INFO: [VRFC 10-163] Analyzing VHDL file "C:/Users/Public/Documents/PVSDRA/Lab_3/Lab_3.srcs/sim_1/new/FIR_tb.vhd" into library xil_defaultlib
INFO: [VRFC 10-307] analyzing entity FIR_tb
INFO: [USF-XSim-69] 'compile' step finished in '1' seconds
INFO: [Vivado 12-5682] Launching behavioral simulation in 'C:/Users/Public/Documents/PVSDRA/Lab_3/Lab_3.sim/sim_1/behav/xsim'
INFO: [USF-XSim-3] XSim::Elaborate design
INFO: [USF-XSim-61] Executing 'ELABORATE' step in 'C:/Users/Public/Documents/PVSDRA/Lab_3/Lab_3.sim/sim_1/behav/xsim'
Vivado Simulator 2018.2
Copyright 1986-1999, 2001-2018 Xilinx, Inc. All Rights Reserved.
Running: D:/Xilinx/Vivado/2018.2/bin/unwrapped/win64.o/xelab.exe -wto ba93bc7316ac4ceb80ae35f65eb8577a --incr --debug typical --relax --mt 2 -L xil_defaultlib -L secureip --snapshot FIR_tb_behav xil_defaultlib.FIR_tb -log elaborate.log 
Using 2 slave threads.
Starting static elaboration
Completed static elaboration
Starting simulation data flow analysis
Completed simulation data flow analysis
Time Resolution for simulation is 1ps
Compiling package std.standard
Compiling package std.textio
Compiling package ieee.std_logic_1164
Compiling package ieee.numeric_std
Compiling package std.env
Compiling package ieee.std_logic_arith
Compiling package ieee.std_logic_unsigned
Compiling architecture behavioral of entity xil_defaultlib.ROM [rom_default]
Compiling architecture behavioral of entity xil_defaultlib.FSM [fsm_default]
Compiling architecture behavioral of entity xil_defaultlib.FIR [fir_default]
Compiling architecture behavioral of entity xil_defaultlib.fir_tb
Built simulation snapshot FIR_tb_behav
INFO: [USF-XSim-69] 'elaborate' step finished in '2' seconds
Vivado Simulator 2018.2
Time resolution is 1 ps
relaunch_sim
INFO: [Vivado 12-5682] Launching behavioral simulation in 'C:/Users/Public/Documents/PVSDRA/Lab_3/Lab_3.sim/sim_1/behav/xsim'
INFO: [SIM-utils-51] Simulation object is 'sim_1'
INFO: [SIM-utils-54] Inspecting design source files for 'FIR_tb' in fileset 'sim_1'...
INFO: [USF-XSim-97] Finding global include files...
INFO: [USF-XSim-98] Fetching design files from 'sim_1'...
INFO: [USF-XSim-2] XSim::Compile design
INFO: [USF-XSim-61] Executing 'COMPILE and ANALYZE' step in 'C:/Users/Public/Documents/PVSDRA/Lab_3/Lab_3.sim/sim_1/behav/xsim'
"xvhdl --incr --relax -prj FIR_tb_vhdl.prj"
INFO: [VRFC 10-163] Analyzing VHDL file "C:/Users/Public/Documents/PVSDRA/Lab_3/Lab_3.srcs/sources_1/new/FIR.vhd" into library xil_defaultlib
INFO: [VRFC 10-307] analyzing entity FIR
INFO: [VRFC 10-163] Analyzing VHDL file "C:/Users/Public/Documents/PVSDRA/Lab_3/Lab_3.srcs/sim_1/new/FIR_tb.vhd" into library xil_defaultlib
INFO: [VRFC 10-307] analyzing entity FIR_tb
INFO: [USF-XSim-69] 'compile' step finished in '1' seconds
INFO: [Vivado 12-5682] Launching behavioral simulation in 'C:/Users/Public/Documents/PVSDRA/Lab_3/Lab_3.sim/sim_1/behav/xsim'
INFO: [USF-XSim-3] XSim::Elaborate design
INFO: [USF-XSim-61] Executing 'ELABORATE' step in 'C:/Users/Public/Documents/PVSDRA/Lab_3/Lab_3.sim/sim_1/behav/xsim'
Vivado Simulator 2018.2
Copyright 1986-1999, 2001-2018 Xilinx, Inc. All Rights Reserved.
Running: D:/Xilinx/Vivado/2018.2/bin/unwrapped/win64.o/xelab.exe -wto ba93bc7316ac4ceb80ae35f65eb8577a --incr --debug typical --relax --mt 2 -L xil_defaultlib -L secureip --snapshot FIR_tb_behav xil_defaultlib.FIR_tb -log elaborate.log 
Using 2 slave threads.
Starting static elaboration
Completed static elaboration
Starting simulation data flow analysis
Completed simulation data flow analysis
Time Resolution for simulation is 1ps
Compiling package std.standard
Compiling package std.textio
Compiling package ieee.std_logic_1164
Compiling package ieee.numeric_std
Compiling package std.env
Compiling package ieee.std_logic_arith
Compiling package ieee.std_logic_unsigned
Compiling architecture behavioral of entity xil_defaultlib.ROM [rom_default]
Compiling architecture behavioral of entity xil_defaultlib.FSM [fsm_default]
Compiling architecture behavioral of entity xil_defaultlib.FIR [fir_default]
Compiling architecture behavioral of entity xil_defaultlib.fir_tb
Built simulation snapshot FIR_tb_behav
INFO: [USF-XSim-69] 'elaborate' step finished in '2' seconds
Vivado Simulator 2018.2
Time resolution is 1 ps
relaunch_sim
INFO: [Vivado 12-5682] Launching behavioral simulation in 'C:/Users/Public/Documents/PVSDRA/Lab_3/Lab_3.sim/sim_1/behav/xsim'
INFO: [SIM-utils-51] Simulation object is 'sim_1'
INFO: [SIM-utils-54] Inspecting design source files for 'FIR_tb' in fileset 'sim_1'...
INFO: [USF-XSim-97] Finding global include files...
INFO: [USF-XSim-98] Fetching design files from 'sim_1'...
INFO: [USF-XSim-2] XSim::Compile design
INFO: [USF-XSim-61] Executing 'COMPILE and ANALYZE' step in 'C:/Users/Public/Documents/PVSDRA/Lab_3/Lab_3.sim/sim_1/behav/xsim'
"xvhdl --incr --relax -prj FIR_tb_vhdl.prj"
INFO: [VRFC 10-163] Analyzing VHDL file "C:/Users/Public/Documents/PVSDRA/Lab_3/Lab_3.srcs/sources_1/new/FIR.vhd" into library xil_defaultlib
INFO: [VRFC 10-307] analyzing entity FIR
INFO: [VRFC 10-163] Analyzing VHDL file "C:/Users/Public/Documents/PVSDRA/Lab_3/Lab_3.srcs/sim_1/new/FIR_tb.vhd" into library xil_defaultlib
INFO: [VRFC 10-307] analyzing entity FIR_tb
INFO: [USF-XSim-69] 'compile' step finished in '1' seconds
INFO: [Vivado 12-5682] Launching behavioral simulation in 'C:/Users/Public/Documents/PVSDRA/Lab_3/Lab_3.sim/sim_1/behav/xsim'
INFO: [USF-XSim-3] XSim::Elaborate design
INFO: [USF-XSim-61] Executing 'ELABORATE' step in 'C:/Users/Public/Documents/PVSDRA/Lab_3/Lab_3.sim/sim_1/behav/xsim'
Vivado Simulator 2018.2
Copyright 1986-1999, 2001-2018 Xilinx, Inc. All Rights Reserved.
Running: D:/Xilinx/Vivado/2018.2/bin/unwrapped/win64.o/xelab.exe -wto ba93bc7316ac4ceb80ae35f65eb8577a --incr --debug typical --relax --mt 2 -L xil_defaultlib -L secureip --snapshot FIR_tb_behav xil_defaultlib.FIR_tb -log elaborate.log 
Using 2 slave threads.
Starting static elaboration
Completed static elaboration
Starting simulation data flow analysis
Completed simulation data flow analysis
Time Resolution for simulation is 1ps
Compiling package std.standard
Compiling package std.textio
Compiling package ieee.std_logic_1164
Compiling package ieee.numeric_std
Compiling package std.env
Compiling package ieee.std_logic_arith
Compiling package ieee.std_logic_unsigned
Compiling architecture behavioral of entity xil_defaultlib.ROM [rom_default]
Compiling architecture behavioral of entity xil_defaultlib.FSM [fsm_default]
Compiling architecture behavioral of entity xil_defaultlib.FIR [fir_default]
Compiling architecture behavioral of entity xil_defaultlib.fir_tb
Built simulation snapshot FIR_tb_behav
INFO: [USF-XSim-69] 'elaborate' step finished in '1' seconds
Vivado Simulator 2018.2
Time resolution is 1 ps
relaunch_sim
INFO: [Vivado 12-5682] Launching behavioral simulation in 'C:/Users/Public/Documents/PVSDRA/Lab_3/Lab_3.sim/sim_1/behav/xsim'
INFO: [SIM-utils-51] Simulation object is 'sim_1'
INFO: [SIM-utils-54] Inspecting design source files for 'FIR_tb' in fileset 'sim_1'...
INFO: [USF-XSim-97] Finding global include files...
INFO: [USF-XSim-98] Fetching design files from 'sim_1'...
INFO: [USF-XSim-2] XSim::Compile design
INFO: [USF-XSim-61] Executing 'COMPILE and ANALYZE' step in 'C:/Users/Public/Documents/PVSDRA/Lab_3/Lab_3.sim/sim_1/behav/xsim'
"xvhdl --incr --relax -prj FIR_tb_vhdl.prj"
INFO: [VRFC 10-163] Analyzing VHDL file "C:/Users/Public/Documents/PVSDRA/Lab_3/Lab_3.srcs/sim_1/new/FIR_tb.vhd" into library xil_defaultlib
INFO: [VRFC 10-307] analyzing entity FIR_tb
INFO: [USF-XSim-69] 'compile' step finished in '1' seconds
INFO: [Vivado 12-5682] Launching behavioral simulation in 'C:/Users/Public/Documents/PVSDRA/Lab_3/Lab_3.sim/sim_1/behav/xsim'
INFO: [USF-XSim-3] XSim::Elaborate design
INFO: [USF-XSim-61] Executing 'ELABORATE' step in 'C:/Users/Public/Documents/PVSDRA/Lab_3/Lab_3.sim/sim_1/behav/xsim'
Vivado Simulator 2018.2
Copyright 1986-1999, 2001-2018 Xilinx, Inc. All Rights Reserved.
Running: D:/Xilinx/Vivado/2018.2/bin/unwrapped/win64.o/xelab.exe -wto ba93bc7316ac4ceb80ae35f65eb8577a --incr --debug typical --relax --mt 2 -L xil_defaultlib -L secureip --snapshot FIR_tb_behav xil_defaultlib.FIR_tb -log elaborate.log 
Using 2 slave threads.
Starting static elaboration
Completed static elaboration
Starting simulation data flow analysis
Completed simulation data flow analysis
Time Resolution for simulation is 1ps
Compiling package std.standard
Compiling package std.textio
Compiling package ieee.std_logic_1164
Compiling package ieee.numeric_std
Compiling package std.env
Compiling package ieee.std_logic_arith
Compiling package ieee.std_logic_unsigned
Compiling architecture behavioral of entity xil_defaultlib.ROM [rom_default]
Compiling architecture behavioral of entity xil_defaultlib.FSM [\FSM(baat=1)\]
Compiling architecture behavioral of entity xil_defaultlib.FIR [\FIR(baat=1)\]
Compiling architecture behavioral of entity xil_defaultlib.fir_tb
Built simulation snapshot FIR_tb_behav
INFO: [USF-XSim-69] 'elaborate' step finished in '1' seconds
Vivado Simulator 2018.2
Time resolution is 1 ps
relaunch_sim
INFO: [Vivado 12-5682] Launching behavioral simulation in 'C:/Users/Public/Documents/PVSDRA/Lab_3/Lab_3.sim/sim_1/behav/xsim'
INFO: [SIM-utils-51] Simulation object is 'sim_1'
INFO: [SIM-utils-54] Inspecting design source files for 'FIR_tb' in fileset 'sim_1'...
INFO: [USF-XSim-97] Finding global include files...
INFO: [USF-XSim-98] Fetching design files from 'sim_1'...
INFO: [USF-XSim-2] XSim::Compile design
INFO: [USF-XSim-61] Executing 'COMPILE and ANALYZE' step in 'C:/Users/Public/Documents/PVSDRA/Lab_3/Lab_3.sim/sim_1/behav/xsim'
INFO: [Common 17-14] Message 'USF-XSim 61' appears 100 times and further instances of the messages will be disabled. Use the Tcl command set_msg_config to change the current settings.
"xvhdl --incr --relax -prj FIR_tb_vhdl.prj"
INFO: [VRFC 10-163] Analyzing VHDL file "C:/Users/Public/Documents/PVSDRA/Lab_3/Lab_3.srcs/sim_1/new/FIR_tb.vhd" into library xil_defaultlib
INFO: [VRFC 10-307] analyzing entity FIR_tb
INFO: [USF-XSim-69] 'compile' step finished in '1' seconds
INFO: [Vivado 12-5682] Launching behavioral simulation in 'C:/Users/Public/Documents/PVSDRA/Lab_3/Lab_3.sim/sim_1/behav/xsim'
INFO: [USF-XSim-3] XSim::Elaborate design
Vivado Simulator 2018.2
Copyright 1986-1999, 2001-2018 Xilinx, Inc. All Rights Reserved.
Running: D:/Xilinx/Vivado/2018.2/bin/unwrapped/win64.o/xelab.exe -wto ba93bc7316ac4ceb80ae35f65eb8577a --incr --debug typical --relax --mt 2 -L xil_defaultlib -L secureip --snapshot FIR_tb_behav xil_defaultlib.FIR_tb -log elaborate.log 
Using 2 slave threads.
Starting static elaboration
Completed static elaboration
Starting simulation data flow analysis
Completed simulation data flow analysis
Time Resolution for simulation is 1ps
Compiling package std.standard
Compiling package std.textio
Compiling package ieee.std_logic_1164
Compiling package ieee.numeric_std
Compiling package std.env
Compiling package ieee.std_logic_arith
Compiling package ieee.std_logic_unsigned
Compiling architecture behavioral of entity xil_defaultlib.ROM [rom_default]
Compiling architecture behavioral of entity xil_defaultlib.FSM [\FSM(baat=2)\]
Compiling architecture behavioral of entity xil_defaultlib.FIR [\FIR(baat=2)\]
Compiling architecture behavioral of entity xil_defaultlib.fir_tb
Built simulation snapshot FIR_tb_behav
INFO: [USF-XSim-69] 'elaborate' step finished in '1' seconds
Vivado Simulator 2018.2
Time resolution is 1 ps
relaunch_sim
INFO: [Vivado 12-5682] Launching behavioral simulation in 'C:/Users/Public/Documents/PVSDRA/Lab_3/Lab_3.sim/sim_1/behav/xsim'
INFO: [SIM-utils-51] Simulation object is 'sim_1'
INFO: [SIM-utils-54] Inspecting design source files for 'FIR_tb' in fileset 'sim_1'...
INFO: [USF-XSim-97] Finding global include files...
INFO: [USF-XSim-98] Fetching design files from 'sim_1'...
INFO: [USF-XSim-2] XSim::Compile design
"xvhdl --incr --relax -prj FIR_tb_vhdl.prj"
INFO: [VRFC 10-163] Analyzing VHDL file "C:/Users/Public/Documents/PVSDRA/Lab_3/Lab_3.srcs/sim_1/new/FIR_tb.vhd" into library xil_defaultlib
INFO: [VRFC 10-307] analyzing entity FIR_tb
INFO: [USF-XSim-69] 'compile' step finished in '1' seconds
INFO: [Vivado 12-5682] Launching behavioral simulation in 'C:/Users/Public/Documents/PVSDRA/Lab_3/Lab_3.sim/sim_1/behav/xsim'
INFO: [USF-XSim-3] XSim::Elaborate design
Vivado Simulator 2018.2
Copyright 1986-1999, 2001-2018 Xilinx, Inc. All Rights Reserved.
Running: D:/Xilinx/Vivado/2018.2/bin/unwrapped/win64.o/xelab.exe -wto ba93bc7316ac4ceb80ae35f65eb8577a --incr --debug typical --relax --mt 2 -L xil_defaultlib -L secureip --snapshot FIR_tb_behav xil_defaultlib.FIR_tb -log elaborate.log 
Using 2 slave threads.
Starting static elaboration
Completed static elaboration
Starting simulation data flow analysis
Completed simulation data flow analysis
Time Resolution for simulation is 1ps
Compiling package std.standard
Compiling package std.textio
Compiling package ieee.std_logic_1164
Compiling package ieee.numeric_std
Compiling package std.env
Compiling package ieee.std_logic_arith
Compiling package ieee.std_logic_unsigned
Compiling architecture behavioral of entity xil_defaultlib.ROM [rom_default]
Compiling architecture behavioral of entity xil_defaultlib.FSM [\FSM(baat=4)\]
Compiling architecture behavioral of entity xil_defaultlib.FIR [\FIR(baat=4)\]
Compiling architecture behavioral of entity xil_defaultlib.fir_tb
Built simulation snapshot FIR_tb_behav
INFO: [USF-XSim-69] 'elaborate' step finished in '1' seconds
INFO: [Common 17-14] Message 'USF-XSim 69' appears 100 times and further instances of the messages will be disabled. Use the Tcl command set_msg_config to change the current settings.
Vivado Simulator 2018.2
Time resolution is 1 ps
relaunch_sim
INFO: [Vivado 12-5682] Launching behavioral simulation in 'C:/Users/Public/Documents/PVSDRA/Lab_3/Lab_3.sim/sim_1/behav/xsim'
INFO: [SIM-utils-51] Simulation object is 'sim_1'
INFO: [SIM-utils-54] Inspecting design source files for 'FIR_tb' in fileset 'sim_1'...
INFO: [USF-XSim-97] Finding global include files...
INFO: [USF-XSim-98] Fetching design files from 'sim_1'...
INFO: [USF-XSim-2] XSim::Compile design
"xvhdl --incr --relax -prj FIR_tb_vhdl.prj"
INFO: [VRFC 10-163] Analyzing VHDL file "C:/Users/Public/Documents/PVSDRA/Lab_3/Lab_3.srcs/sim_1/new/FIR_tb.vhd" into library xil_defaultlib
INFO: [VRFC 10-307] analyzing entity FIR_tb
INFO: [Vivado 12-5682] Launching behavioral simulation in 'C:/Users/Public/Documents/PVSDRA/Lab_3/Lab_3.sim/sim_1/behav/xsim'
INFO: [USF-XSim-3] XSim::Elaborate design
Vivado Simulator 2018.2
Copyright 1986-1999, 2001-2018 Xilinx, Inc. All Rights Reserved.
Running: D:/Xilinx/Vivado/2018.2/bin/unwrapped/win64.o/xelab.exe -wto ba93bc7316ac4ceb80ae35f65eb8577a --incr --debug typical --relax --mt 2 -L xil_defaultlib -L secureip --snapshot FIR_tb_behav xil_defaultlib.FIR_tb -log elaborate.log 
Using 2 slave threads.
Starting static elaboration
Completed static elaboration
Starting simulation data flow analysis
Completed simulation data flow analysis
Time Resolution for simulation is 1ps
Compiling package std.standard
Compiling package std.textio
Compiling package ieee.std_logic_1164
Compiling package ieee.numeric_std
Compiling package std.env
Compiling package ieee.std_logic_arith
Compiling package ieee.std_logic_unsigned
Compiling architecture behavioral of entity xil_defaultlib.ROM [rom_default]
Compiling architecture behavioral of entity xil_defaultlib.FSM [\FSM(baat=6)\]
Compiling architecture behavioral of entity xil_defaultlib.FIR [\FIR(baat=6)\]
Compiling architecture behavioral of entity xil_defaultlib.fir_tb
Built simulation snapshot FIR_tb_behav
Vivado Simulator 2018.2
Time resolution is 1 ps
relaunch_sim
INFO: [Vivado 12-5682] Launching behavioral simulation in 'C:/Users/Public/Documents/PVSDRA/Lab_3/Lab_3.sim/sim_1/behav/xsim'
INFO: [Common 17-14] Message 'Vivado 12-5682' appears 100 times and further instances of the messages will be disabled. Use the Tcl command set_msg_config to change the current settings.
INFO: [SIM-utils-51] Simulation object is 'sim_1'
INFO: [SIM-utils-54] Inspecting design source files for 'FIR_tb' in fileset 'sim_1'...
INFO: [USF-XSim-97] Finding global include files...
INFO: [USF-XSim-98] Fetching design files from 'sim_1'...
INFO: [USF-XSim-2] XSim::Compile design
"xvhdl --incr --relax -prj FIR_tb_vhdl.prj"
INFO: [VRFC 10-163] Analyzing VHDL file "C:/Users/Public/Documents/PVSDRA/Lab_3/Lab_3.srcs/sim_1/new/FIR_tb.vhd" into library xil_defaultlib
INFO: [VRFC 10-307] analyzing entity FIR_tb
INFO: [USF-XSim-3] XSim::Elaborate design
Vivado Simulator 2018.2
Copyright 1986-1999, 2001-2018 Xilinx, Inc. All Rights Reserved.
Running: D:/Xilinx/Vivado/2018.2/bin/unwrapped/win64.o/xelab.exe -wto ba93bc7316ac4ceb80ae35f65eb8577a --incr --debug typical --relax --mt 2 -L xil_defaultlib -L secureip --snapshot FIR_tb_behav xil_defaultlib.FIR_tb -log elaborate.log 
Using 2 slave threads.
Starting static elaboration
Completed static elaboration
Starting simulation data flow analysis
Completed simulation data flow analysis
Time Resolution for simulation is 1ps
Compiling package std.standard
Compiling package std.textio
Compiling package ieee.std_logic_1164
Compiling package ieee.numeric_std
Compiling package std.env
Compiling package ieee.std_logic_arith
Compiling package ieee.std_logic_unsigned
Compiling architecture behavioral of entity xil_defaultlib.ROM [rom_default]
Compiling architecture behavioral of entity xil_defaultlib.FSM [fsm_default]
Compiling architecture behavioral of entity xil_defaultlib.FIR [fir_default]
Compiling architecture behavioral of entity xil_defaultlib.fir_tb
Built simulation snapshot FIR_tb_behav
Vivado Simulator 2018.2
Time resolution is 1 ps
relaunch_sim
INFO: [SIM-utils-51] Simulation object is 'sim_1'
INFO: [SIM-utils-54] Inspecting design source files for 'FIR_tb' in fileset 'sim_1'...
INFO: [USF-XSim-97] Finding global include files...
INFO: [USF-XSim-98] Fetching design files from 'sim_1'...
INFO: [USF-XSim-2] XSim::Compile design
"xvhdl --incr --relax -prj FIR_tb_vhdl.prj"
INFO: [VRFC 10-163] Analyzing VHDL file "C:/Users/Public/Documents/PVSDRA/Lab_3/Lab_3.srcs/sources_1/new/FIR.vhd" into library xil_defaultlib
INFO: [VRFC 10-307] analyzing entity FIR
INFO: [VRFC 10-163] Analyzing VHDL file "C:/Users/Public/Documents/PVSDRA/Lab_3/Lab_3.srcs/sim_1/new/FIR_tb.vhd" into library xil_defaultlib
INFO: [VRFC 10-307] analyzing entity FIR_tb
INFO: [USF-XSim-3] XSim::Elaborate design
Vivado Simulator 2018.2
Copyright 1986-1999, 2001-2018 Xilinx, Inc. All Rights Reserved.
Running: D:/Xilinx/Vivado/2018.2/bin/unwrapped/win64.o/xelab.exe -wto ba93bc7316ac4ceb80ae35f65eb8577a --incr --debug typical --relax --mt 2 -L xil_defaultlib -L secureip --snapshot FIR_tb_behav xil_defaultlib.FIR_tb -log elaborate.log 
Using 2 slave threads.
Starting static elaboration
Completed static elaboration
Starting simulation data flow analysis
Completed simulation data flow analysis
Time Resolution for simulation is 1ps
Compiling package std.standard
Compiling package std.textio
Compiling package ieee.std_logic_1164
Compiling package ieee.numeric_std
Compiling package std.env
Compiling package ieee.std_logic_arith
Compiling package ieee.std_logic_unsigned
Compiling architecture behavioral of entity xil_defaultlib.ROM [rom_default]
Compiling architecture behavioral of entity xil_defaultlib.FSM [fsm_default]
Compiling architecture behavioral of entity xil_defaultlib.FIR [fir_default]
Compiling architecture behavioral of entity xil_defaultlib.fir_tb
Built simulation snapshot FIR_tb_behav
Vivado Simulator 2018.2
Time resolution is 1 ps
close_sim
INFO: [Simtcl 6-16] Simulation closed
reset_run synth_1
launch_runs impl_1 -jobs 6
[Sat Nov 22 17:42:18 2025] Launched synth_1...
Run output will be captured here: C:/Users/Public/Documents/PVSDRA/Lab_3/Lab_3.runs/synth_1/runme.log
[Sat Nov 22 17:42:18 2025] Launched impl_1...
Run output will be captured here: C:/Users/Public/Documents/PVSDRA/Lab_3/Lab_3.runs/impl_1/runme.log
open_run impl_1
INFO: [Netlist 29-17] Analyzing 30 Unisim elements for replacement
INFO: [Netlist 29-28] Unisim Transformation completed in 0 CPU seconds
INFO: [Project 1-479] Netlist was created with Vivado 2018.2
INFO: [Device 21-403] Loading part xc7z010clg400-1
INFO: [Project 1-570] Preparing netlist for logic optimization
Reading XDEF placement.
Reading placer database...
Reading XDEF routing.
Read XDEF File: Time (s): cpu = 00:00:00 ; elapsed = 00:00:00.084 . Memory (MB): peak = 1372.930 ; gain = 0.320
Restored from archive | CPU: 0.000000 secs | Memory: 0.000000 MB |
Finished XDEF File Restore: Time (s): cpu = 00:00:00 ; elapsed = 00:00:00.084 . Memory (MB): peak = 1372.930 ; gain = 0.320
INFO: [Project 1-111] Unisim Transformation Summary:
No Unisim elements were transformed.

open_run: Time (s): cpu = 00:00:09 ; elapsed = 00:00:11 . Memory (MB): peak = 1448.652 ; gain = 365.887
WARNING: [Timing 38-313] There are no user specified timing constraints. Timing constraints are needed for proper timing analysis.
close_design
exit
INFO: [Common 17-206] Exiting Vivado at Sat Nov 22 17:44:47 2025...
