Copyright 1986-2018 Xilinx, Inc. All Rights Reserved.
--------------------------------------------------------------------------------------------------------------------------------------------------------------------------------
| Tool Version : Vivado v.2018.2 (win64) Build 2258646 Thu Jun 14 20:03:12 MDT 2018
| Date         : Fri Nov 28 13:11:22 2025
| Host         : DESKTOP-7OC3ATR running 64-bit major release  (build 9200)
| Command      : report_timing_summary -max_paths 10 -file mac_timing_summary_routed.rpt -pb mac_timing_summary_routed.pb -rpx mac_timing_summary_routed.rpx -warn_on_violation
| Design       : mac
| Device       : 7z010-clg400
| Speed File   : -1  PRODUCTION 1.11 2014-09-11
--------------------------------------------------------------------------------------------------------------------------------------------------------------------------------

Timing Summary Report

------------------------------------------------------------------------------------------------
| Timer Settings
| --------------
------------------------------------------------------------------------------------------------

  Enable Multi Corner Analysis               :  Yes
  Enable Pessimism Removal                   :  Yes
  Pessimism Removal Resolution               :  Nearest Common Node
  Enable Input Delay Default Clock           :  No
  Enable Preset / Clear Arcs                 :  No
  Disable Flight Delays                      :  No
  Ignore I/O Paths                           :  No
  Timing Early Launch at Borrowing Latches   :  false

  Corner  Analyze    Analyze    
  Name    Max Paths  Min Paths  
  ------  ---------  ---------  
  Slow    Yes        Yes        
  Fast    Yes        Yes        



check_timing report

Table of Contents
-----------------
1. checking no_clock
2. checking constant_clock
3. checking pulse_width_clock
4. checking unconstrained_internal_endpoints
5. checking no_input_delay
6. checking no_output_delay
7. checking multiple_clock
8. checking generated_clocks
9. checking loops
10. checking partial_input_delay
11. checking partial_output_delay
12. checking latch_loops

1. checking no_clock
--------------------
 There are 0 register/latch pins with no clock.


2. checking constant_clock
--------------------------
 There are 0 register/latch pins with constant_clock.


3. checking pulse_width_clock
-----------------------------
 There are 0 register/latch pins which need pulse_width check


4. checking unconstrained_internal_endpoints
--------------------------------------------
 There are 0 pins that are not constrained for maximum delay.

 There are 0 pins that are not constrained for maximum delay due to constant clock.


5. checking no_input_delay
--------------------------
 There are 34 input ports with no input delay specified. (HIGH)

 There are 0 input ports with no input delay but user has a false path constraint.


6. checking no_output_delay
---------------------------
 There are 17 ports with no output delay specified. (HIGH)

 There are 0 ports with no output delay but user has a false path constraint

 There are 0 ports with no output delay but with a timing clock defined on it or propagating through it


7. checking multiple_clock
--------------------------
 There are 0 register/latch pins with multiple clocks.


8. checking generated_clocks
----------------------------
 There are 0 generated clocks that are not connected to a clock source.


9. checking loops
-----------------
 There are 0 combinational loops in the design.


10. checking partial_input_delay
--------------------------------
 There are 0 input ports with partial input delay specified.


11. checking partial_output_delay
---------------------------------
 There are 0 ports with partial output delay specified.


12. checking latch_loops
------------------------
 There are 0 combinational latch loops in the design through latch input



------------------------------------------------------------------------------------------------
| Design Timing Summary
| ---------------------
------------------------------------------------------------------------------------------------

    WNS(ns)      TNS(ns)  TNS Failing Endpoints  TNS Total Endpoints      WHS(ns)      THS(ns)  THS Failing Endpoints  THS Total Endpoints     WPWS(ns)     TPWS(ns)  TPWS Failing Endpoints  TPWS Total Endpoints  
    -------      -------  ---------------------  -------------------      -------      -------  ---------------------  -------------------     --------     --------  ----------------------  --------------------  
      3.460        0.000                      0                  154        0.132        0.000                      0                  154        3.500        0.000                       0                    79  


All user specified timing constraints are met.


------------------------------------------------------------------------------------------------
| Clock Summary
| -------------
------------------------------------------------------------------------------------------------

Clock        Waveform(ns)         Period(ns)      Frequency(MHz)
-----        ------------         ----------      --------------
sys_clk_pin  {0.000 4.000}        8.000           125.000         


------------------------------------------------------------------------------------------------
| Intra Clock Table
| -----------------
------------------------------------------------------------------------------------------------

Clock             WNS(ns)      TNS(ns)  TNS Failing Endpoints  TNS Total Endpoints      WHS(ns)      THS(ns)  THS Failing Endpoints  THS Total Endpoints     WPWS(ns)     TPWS(ns)  TPWS Failing Endpoints  TPWS Total Endpoints  
-----             -------      -------  ---------------------  -------------------      -------      -------  ---------------------  -------------------     --------     --------  ----------------------  --------------------  
sys_clk_pin         3.460        0.000                      0                  154        0.132        0.000                      0                  154        3.500        0.000                       0                    79  


------------------------------------------------------------------------------------------------
| Inter Clock Table
| -----------------
------------------------------------------------------------------------------------------------

From Clock    To Clock          WNS(ns)      TNS(ns)  TNS Failing Endpoints  TNS Total Endpoints      WHS(ns)      THS(ns)  THS Failing Endpoints  THS Total Endpoints  
----------    --------          -------      -------  ---------------------  -------------------      -------      -------  ---------------------  -------------------  


------------------------------------------------------------------------------------------------
| Other Path Groups Table
| -----------------------
------------------------------------------------------------------------------------------------

Path Group    From Clock    To Clock          WNS(ns)      TNS(ns)  TNS Failing Endpoints  TNS Total Endpoints      WHS(ns)      THS(ns)  THS Failing Endpoints  THS Total Endpoints  
----------    ----------    --------          -------      -------  ---------------------  -------------------      -------      -------  ---------------------  -------------------  


------------------------------------------------------------------------------------------------
| Timing Details
| --------------
------------------------------------------------------------------------------------------------


---------------------------------------------------------------------------------------------------
From Clock:  sys_clk_pin
  To Clock:  sys_clk_pin

Setup :            0  Failing Endpoints,  Worst Slack        3.460ns,  Total Violation        0.000ns
Hold  :            0  Failing Endpoints,  Worst Slack        0.132ns,  Total Violation        0.000ns
PW    :            0  Failing Endpoints,  Worst Slack        3.500ns,  Total Violation        0.000ns
---------------------------------------------------------------------------------------------------


Max Delay Paths
--------------------------------------------------------------------------------------
Slack (MET) :             3.460ns  (required time - arrival time)
  Source:                 u_mult/sum_reg[16]/C
                            (rising edge-triggered cell FDRE clocked by sys_clk_pin  {rise@0.000ns fall@4.000ns period=8.000ns})
  Destination:            u_reg/tmp_reg[13]/D
                            (rising edge-triggered cell FDRE clocked by sys_clk_pin  {rise@0.000ns fall@4.000ns period=8.000ns})
  Path Group:             sys_clk_pin
  Path Type:              Setup (Max at Slow Process Corner)
  Requirement:            8.000ns  (sys_clk_pin rise@8.000ns - sys_clk_pin rise@0.000ns)
  Data Path Delay:        4.507ns  (logic 2.489ns (55.226%)  route 2.018ns (44.774%))
  Logic Levels:           6  (CARRY4=5 LUT2=1)
  Clock Path Skew:        -0.060ns (DCD - SCD + CPR)
    Destination Clock Delay (DCD):    4.392ns = ( 12.392 - 8.000 ) 
    Source Clock Delay      (SCD):    4.906ns
    Clock Pessimism Removal (CPR):    0.454ns
  Clock Uncertainty:      0.035ns  ((TSJ^2 + TIJ^2)^1/2 + DJ) / 2 + PE
    Total System Jitter     (TSJ):    0.071ns
    Total Input Jitter      (TIJ):    0.000ns
    Discrete Jitter          (DJ):    0.000ns
    Phase Error              (PE):    0.000ns

    Location             Delay type                Incr(ns)  Path(ns)    Netlist Resource(s)
  -------------------------------------------------------------------    -------------------
                         (clock sys_clk_pin rise edge)
                                                      0.000     0.000 r  
    L16                                               0.000     0.000 r  clk (IN)
                         net (fo=0)                   0.000     0.000    clk
    L16                  IBUF (Prop_ibuf_I_O)         0.976     0.976 r  clk_IBUF_inst/O
                         net (fo=1, routed)           2.076     3.052    clk_IBUF
    BUFGCTRL_X0Y16       BUFG (Prop_bufg_I_O)         0.101     3.153 r  clk_IBUF_BUFG_inst/O
                         net (fo=78, routed)          1.753     4.906    u_mult/CLK
    SLICE_X37Y40         FDRE                                         r  u_mult/sum_reg[16]/C
  -------------------------------------------------------------------    -------------------
    SLICE_X37Y40         FDRE (Prop_fdre_C_Q)         0.456     5.362 r  u_mult/sum_reg[16]/Q
                         net (fo=7, routed)           1.139     6.501    u_mult/L[16]
    SLICE_X41Y38         CARRY4 (Prop_carry4_S[1]_O[3])
                                                      0.764     7.265 r  u_mult/tmp_reg[3]_i_2/O[3]
                         net (fo=2, routed)           0.879     8.144    u_reg/sum_reg[30][3]
    SLICE_X40Y38         LUT2 (Prop_lut2_I0_O)        0.306     8.450 r  u_reg/tmp[3]_i_3/O
                         net (fo=1, routed)           0.000     8.450    u_reg/tmp[3]_i_3_n_0
    SLICE_X40Y38         CARRY4 (Prop_carry4_S[3]_CO[3])
                                                      0.401     8.851 r  u_reg/tmp_reg[3]_i_1/CO[3]
                         net (fo=1, routed)           0.000     8.851    u_reg/tmp_reg[3]_i_1_n_0
    SLICE_X40Y39         CARRY4 (Prop_carry4_CI_CO[3])
                                                      0.114     8.965 r  u_reg/tmp_reg[7]_i_1/CO[3]
                         net (fo=1, routed)           0.000     8.965    u_reg/tmp_reg[7]_i_1_n_0
    SLICE_X40Y40         CARRY4 (Prop_carry4_CI_CO[3])
                                                      0.114     9.079 r  u_reg/tmp_reg[11]_i_1/CO[3]
                         net (fo=1, routed)           0.000     9.079    u_reg/tmp_reg[11]_i_1_n_0
    SLICE_X40Y41         CARRY4 (Prop_carry4_CI_O[1])
                                                      0.334     9.413 r  u_reg/tmp_reg[15]_i_1/O[1]
                         net (fo=1, routed)           0.000     9.413    u_reg/tmp_reg[15]_i_1_n_6
    SLICE_X40Y41         FDRE                                         r  u_reg/tmp_reg[13]/D
  -------------------------------------------------------------------    -------------------

                         (clock sys_clk_pin rise edge)
                                                      8.000     8.000 r  
    L16                                               0.000     8.000 r  clk (IN)
                         net (fo=0)                   0.000     8.000    clk
    L16                  IBUF (Prop_ibuf_I_O)         0.843     8.843 r  clk_IBUF_inst/O
                         net (fo=1, routed)           1.880    10.723    clk_IBUF
    BUFGCTRL_X0Y16       BUFG (Prop_bufg_I_O)         0.091    10.814 r  clk_IBUF_BUFG_inst/O
                         net (fo=78, routed)          1.578    12.392    u_reg/CLK
    SLICE_X40Y41         FDRE                                         r  u_reg/tmp_reg[13]/C
                         clock pessimism              0.454    12.846    
                         clock uncertainty           -0.035    12.811    
    SLICE_X40Y41         FDRE (Setup_fdre_C_D)        0.062    12.873    u_reg/tmp_reg[13]
  -------------------------------------------------------------------
                         required time                         12.873    
                         arrival time                          -9.413    
  -------------------------------------------------------------------
                         slack                                  3.460    

Slack (MET) :             3.481ns  (required time - arrival time)
  Source:                 u_mult/sum_reg[16]/C
                            (rising edge-triggered cell FDRE clocked by sys_clk_pin  {rise@0.000ns fall@4.000ns period=8.000ns})
  Destination:            u_reg/tmp_reg[15]/D
                            (rising edge-triggered cell FDRE clocked by sys_clk_pin  {rise@0.000ns fall@4.000ns period=8.000ns})
  Path Group:             sys_clk_pin
  Path Type:              Setup (Max at Slow Process Corner)
  Requirement:            8.000ns  (sys_clk_pin rise@8.000ns - sys_clk_pin rise@0.000ns)
  Data Path Delay:        4.486ns  (logic 2.468ns (55.016%)  route 2.018ns (44.984%))
  Logic Levels:           6  (CARRY4=5 LUT2=1)
  Clock Path Skew:        -0.060ns (DCD - SCD + CPR)
    Destination Clock Delay (DCD):    4.392ns = ( 12.392 - 8.000 ) 
    Source Clock Delay      (SCD):    4.906ns
    Clock Pessimism Removal (CPR):    0.454ns
  Clock Uncertainty:      0.035ns  ((TSJ^2 + TIJ^2)^1/2 + DJ) / 2 + PE
    Total System Jitter     (TSJ):    0.071ns
    Total Input Jitter      (TIJ):    0.000ns
    Discrete Jitter          (DJ):    0.000ns
    Phase Error              (PE):    0.000ns

    Location             Delay type                Incr(ns)  Path(ns)    Netlist Resource(s)
  -------------------------------------------------------------------    -------------------
                         (clock sys_clk_pin rise edge)
                                                      0.000     0.000 r  
    L16                                               0.000     0.000 r  clk (IN)
                         net (fo=0)                   0.000     0.000    clk
    L16                  IBUF (Prop_ibuf_I_O)         0.976     0.976 r  clk_IBUF_inst/O
                         net (fo=1, routed)           2.076     3.052    clk_IBUF
    BUFGCTRL_X0Y16       BUFG (Prop_bufg_I_O)         0.101     3.153 r  clk_IBUF_BUFG_inst/O
                         net (fo=78, routed)          1.753     4.906    u_mult/CLK
    SLICE_X37Y40         FDRE                                         r  u_mult/sum_reg[16]/C
  -------------------------------------------------------------------    -------------------
    SLICE_X37Y40         FDRE (Prop_fdre_C_Q)         0.456     5.362 r  u_mult/sum_reg[16]/Q
                         net (fo=7, routed)           1.139     6.501    u_mult/L[16]
    SLICE_X41Y38         CARRY4 (Prop_carry4_S[1]_O[3])
                                                      0.764     7.265 r  u_mult/tmp_reg[3]_i_2/O[3]
                         net (fo=2, routed)           0.879     8.144    u_reg/sum_reg[30][3]
    SLICE_X40Y38         LUT2 (Prop_lut2_I0_O)        0.306     8.450 r  u_reg/tmp[3]_i_3/O
                         net (fo=1, routed)           0.000     8.450    u_reg/tmp[3]_i_3_n_0
    SLICE_X40Y38         CARRY4 (Prop_carry4_S[3]_CO[3])
                                                      0.401     8.851 r  u_reg/tmp_reg[3]_i_1/CO[3]
                         net (fo=1, routed)           0.000     8.851    u_reg/tmp_reg[3]_i_1_n_0
    SLICE_X40Y39         CARRY4 (Prop_carry4_CI_CO[3])
                                                      0.114     8.965 r  u_reg/tmp_reg[7]_i_1/CO[3]
                         net (fo=1, routed)           0.000     8.965    u_reg/tmp_reg[7]_i_1_n_0
    SLICE_X40Y40         CARRY4 (Prop_carry4_CI_CO[3])
                                                      0.114     9.079 r  u_reg/tmp_reg[11]_i_1/CO[3]
                         net (fo=1, routed)           0.000     9.079    u_reg/tmp_reg[11]_i_1_n_0
    SLICE_X40Y41         CARRY4 (Prop_carry4_CI_O[3])
                                                      0.313     9.392 r  u_reg/tmp_reg[15]_i_1/O[3]
                         net (fo=1, routed)           0.000     9.392    u_reg/tmp_reg[15]_i_1_n_4
    SLICE_X40Y41         FDRE                                         r  u_reg/tmp_reg[15]/D
  -------------------------------------------------------------------    -------------------

                         (clock sys_clk_pin rise edge)
                                                      8.000     8.000 r  
    L16                                               0.000     8.000 r  clk (IN)
                         net (fo=0)                   0.000     8.000    clk
    L16                  IBUF (Prop_ibuf_I_O)         0.843     8.843 r  clk_IBUF_inst/O
                         net (fo=1, routed)           1.880    10.723    clk_IBUF
    BUFGCTRL_X0Y16       BUFG (Prop_bufg_I_O)         0.091    10.814 r  clk_IBUF_BUFG_inst/O
                         net (fo=78, routed)          1.578    12.392    u_reg/CLK
    SLICE_X40Y41         FDRE                                         r  u_reg/tmp_reg[15]/C
                         clock pessimism              0.454    12.846    
                         clock uncertainty           -0.035    12.811    
    SLICE_X40Y41         FDRE (Setup_fdre_C_D)        0.062    12.873    u_reg/tmp_reg[15]
  -------------------------------------------------------------------
                         required time                         12.873    
                         arrival time                          -9.392    
  -------------------------------------------------------------------
                         slack                                  3.481    

Slack (MET) :             3.555ns  (required time - arrival time)
  Source:                 u_mult/sum_reg[16]/C
                            (rising edge-triggered cell FDRE clocked by sys_clk_pin  {rise@0.000ns fall@4.000ns period=8.000ns})
  Destination:            u_reg/tmp_reg[14]/D
                            (rising edge-triggered cell FDRE clocked by sys_clk_pin  {rise@0.000ns fall@4.000ns period=8.000ns})
  Path Group:             sys_clk_pin
  Path Type:              Setup (Max at Slow Process Corner)
  Requirement:            8.000ns  (sys_clk_pin rise@8.000ns - sys_clk_pin rise@0.000ns)
  Data Path Delay:        4.412ns  (logic 2.394ns (54.261%)  route 2.018ns (45.739%))
  Logic Levels:           6  (CARRY4=5 LUT2=1)
  Clock Path Skew:        -0.060ns (DCD - SCD + CPR)
    Destination Clock Delay (DCD):    4.392ns = ( 12.392 - 8.000 ) 
    Source Clock Delay      (SCD):    4.906ns
    Clock Pessimism Removal (CPR):    0.454ns
  Clock Uncertainty:      0.035ns  ((TSJ^2 + TIJ^2)^1/2 + DJ) / 2 + PE
    Total System Jitter     (TSJ):    0.071ns
    Total Input Jitter      (TIJ):    0.000ns
    Discrete Jitter          (DJ):    0.000ns
    Phase Error              (PE):    0.000ns

    Location             Delay type                Incr(ns)  Path(ns)    Netlist Resource(s)
  -------------------------------------------------------------------    -------------------
                         (clock sys_clk_pin rise edge)
                                                      0.000     0.000 r  
    L16                                               0.000     0.000 r  clk (IN)
                         net (fo=0)                   0.000     0.000    clk
    L16                  IBUF (Prop_ibuf_I_O)         0.976     0.976 r  clk_IBUF_inst/O
                         net (fo=1, routed)           2.076     3.052    clk_IBUF
    BUFGCTRL_X0Y16       BUFG (Prop_bufg_I_O)         0.101     3.153 r  clk_IBUF_BUFG_inst/O
                         net (fo=78, routed)          1.753     4.906    u_mult/CLK
    SLICE_X37Y40         FDRE                                         r  u_mult/sum_reg[16]/C
  -------------------------------------------------------------------    -------------------
    SLICE_X37Y40         FDRE (Prop_fdre_C_Q)         0.456     5.362 r  u_mult/sum_reg[16]/Q
                         net (fo=7, routed)           1.139     6.501    u_mult/L[16]
    SLICE_X41Y38         CARRY4 (Prop_carry4_S[1]_O[3])
                                                      0.764     7.265 r  u_mult/tmp_reg[3]_i_2/O[3]
                         net (fo=2, routed)           0.879     8.144    u_reg/sum_reg[30][3]
    SLICE_X40Y38         LUT2 (Prop_lut2_I0_O)        0.306     8.450 r  u_reg/tmp[3]_i_3/O
                         net (fo=1, routed)           0.000     8.450    u_reg/tmp[3]_i_3_n_0
    SLICE_X40Y38         CARRY4 (Prop_carry4_S[3]_CO[3])
                                                      0.401     8.851 r  u_reg/tmp_reg[3]_i_1/CO[3]
                         net (fo=1, routed)           0.000     8.851    u_reg/tmp_reg[3]_i_1_n_0
    SLICE_X40Y39         CARRY4 (Prop_carry4_CI_CO[3])
                                                      0.114     8.965 r  u_reg/tmp_reg[7]_i_1/CO[3]
                         net (fo=1, routed)           0.000     8.965    u_reg/tmp_reg[7]_i_1_n_0
    SLICE_X40Y40         CARRY4 (Prop_carry4_CI_CO[3])
                                                      0.114     9.079 r  u_reg/tmp_reg[11]_i_1/CO[3]
                         net (fo=1, routed)           0.000     9.079    u_reg/tmp_reg[11]_i_1_n_0
    SLICE_X40Y41         CARRY4 (Prop_carry4_CI_O[2])
                                                      0.239     9.318 r  u_reg/tmp_reg[15]_i_1/O[2]
                         net (fo=1, routed)           0.000     9.318    u_reg/tmp_reg[15]_i_1_n_5
    SLICE_X40Y41         FDRE                                         r  u_reg/tmp_reg[14]/D
  -------------------------------------------------------------------    -------------------

                         (clock sys_clk_pin rise edge)
                                                      8.000     8.000 r  
    L16                                               0.000     8.000 r  clk (IN)
                         net (fo=0)                   0.000     8.000    clk
    L16                  IBUF (Prop_ibuf_I_O)         0.843     8.843 r  clk_IBUF_inst/O
                         net (fo=1, routed)           1.880    10.723    clk_IBUF
    BUFGCTRL_X0Y16       BUFG (Prop_bufg_I_O)         0.091    10.814 r  clk_IBUF_BUFG_inst/O
                         net (fo=78, routed)          1.578    12.392    u_reg/CLK
    SLICE_X40Y41         FDRE                                         r  u_reg/tmp_reg[14]/C
                         clock pessimism              0.454    12.846    
                         clock uncertainty           -0.035    12.811    
    SLICE_X40Y41         FDRE (Setup_fdre_C_D)        0.062    12.873    u_reg/tmp_reg[14]
  -------------------------------------------------------------------
                         required time                         12.873    
                         arrival time                          -9.318    
  -------------------------------------------------------------------
                         slack                                  3.555    

Slack (MET) :             3.571ns  (required time - arrival time)
  Source:                 u_mult/sum_reg[16]/C
                            (rising edge-triggered cell FDRE clocked by sys_clk_pin  {rise@0.000ns fall@4.000ns period=8.000ns})
  Destination:            u_reg/tmp_reg[12]/D
                            (rising edge-triggered cell FDRE clocked by sys_clk_pin  {rise@0.000ns fall@4.000ns period=8.000ns})
  Path Group:             sys_clk_pin
  Path Type:              Setup (Max at Slow Process Corner)
  Requirement:            8.000ns  (sys_clk_pin rise@8.000ns - sys_clk_pin rise@0.000ns)
  Data Path Delay:        4.396ns  (logic 2.378ns (54.095%)  route 2.018ns (45.905%))
  Logic Levels:           6  (CARRY4=5 LUT2=1)
  Clock Path Skew:        -0.060ns (DCD - SCD + CPR)
    Destination Clock Delay (DCD):    4.392ns = ( 12.392 - 8.000 ) 
    Source Clock Delay      (SCD):    4.906ns
    Clock Pessimism Removal (CPR):    0.454ns
  Clock Uncertainty:      0.035ns  ((TSJ^2 + TIJ^2)^1/2 + DJ) / 2 + PE
    Total System Jitter     (TSJ):    0.071ns
    Total Input Jitter      (TIJ):    0.000ns
    Discrete Jitter          (DJ):    0.000ns
    Phase Error              (PE):    0.000ns

    Location             Delay type                Incr(ns)  Path(ns)    Netlist Resource(s)
  -------------------------------------------------------------------    -------------------
                         (clock sys_clk_pin rise edge)
                                                      0.000     0.000 r  
    L16                                               0.000     0.000 r  clk (IN)
                         net (fo=0)                   0.000     0.000    clk
    L16                  IBUF (Prop_ibuf_I_O)         0.976     0.976 r  clk_IBUF_inst/O
                         net (fo=1, routed)           2.076     3.052    clk_IBUF
    BUFGCTRL_X0Y16       BUFG (Prop_bufg_I_O)         0.101     3.153 r  clk_IBUF_BUFG_inst/O
                         net (fo=78, routed)          1.753     4.906    u_mult/CLK
    SLICE_X37Y40         FDRE                                         r  u_mult/sum_reg[16]/C
  -------------------------------------------------------------------    -------------------
    SLICE_X37Y40         FDRE (Prop_fdre_C_Q)         0.456     5.362 r  u_mult/sum_reg[16]/Q
                         net (fo=7, routed)           1.139     6.501    u_mult/L[16]
    SLICE_X41Y38         CARRY4 (Prop_carry4_S[1]_O[3])
                                                      0.764     7.265 r  u_mult/tmp_reg[3]_i_2/O[3]
                         net (fo=2, routed)           0.879     8.144    u_reg/sum_reg[30][3]
    SLICE_X40Y38         LUT2 (Prop_lut2_I0_O)        0.306     8.450 r  u_reg/tmp[3]_i_3/O
                         net (fo=1, routed)           0.000     8.450    u_reg/tmp[3]_i_3_n_0
    SLICE_X40Y38         CARRY4 (Prop_carry4_S[3]_CO[3])
                                                      0.401     8.851 r  u_reg/tmp_reg[3]_i_1/CO[3]
                         net (fo=1, routed)           0.000     8.851    u_reg/tmp_reg[3]_i_1_n_0
    SLICE_X40Y39         CARRY4 (Prop_carry4_CI_CO[3])
                                                      0.114     8.965 r  u_reg/tmp_reg[7]_i_1/CO[3]
                         net (fo=1, routed)           0.000     8.965    u_reg/tmp_reg[7]_i_1_n_0
    SLICE_X40Y40         CARRY4 (Prop_carry4_CI_CO[3])
                                                      0.114     9.079 r  u_reg/tmp_reg[11]_i_1/CO[3]
                         net (fo=1, routed)           0.000     9.079    u_reg/tmp_reg[11]_i_1_n_0
    SLICE_X40Y41         CARRY4 (Prop_carry4_CI_O[0])
                                                      0.223     9.302 r  u_reg/tmp_reg[15]_i_1/O[0]
                         net (fo=1, routed)           0.000     9.302    u_reg/tmp_reg[15]_i_1_n_7
    SLICE_X40Y41         FDRE                                         r  u_reg/tmp_reg[12]/D
  -------------------------------------------------------------------    -------------------

                         (clock sys_clk_pin rise edge)
                                                      8.000     8.000 r  
    L16                                               0.000     8.000 r  clk (IN)
                         net (fo=0)                   0.000     8.000    clk
    L16                  IBUF (Prop_ibuf_I_O)         0.843     8.843 r  clk_IBUF_inst/O
                         net (fo=1, routed)           1.880    10.723    clk_IBUF
    BUFGCTRL_X0Y16       BUFG (Prop_bufg_I_O)         0.091    10.814 r  clk_IBUF_BUFG_inst/O
                         net (fo=78, routed)          1.578    12.392    u_reg/CLK
    SLICE_X40Y41         FDRE                                         r  u_reg/tmp_reg[12]/C
                         clock pessimism              0.454    12.846    
                         clock uncertainty           -0.035    12.811    
    SLICE_X40Y41         FDRE (Setup_fdre_C_D)        0.062    12.873    u_reg/tmp_reg[12]
  -------------------------------------------------------------------
                         required time                         12.873    
                         arrival time                          -9.302    
  -------------------------------------------------------------------
                         slack                                  3.571    

Slack (MET) :             3.573ns  (required time - arrival time)
  Source:                 u_mult/sum_reg[16]/C
                            (rising edge-triggered cell FDRE clocked by sys_clk_pin  {rise@0.000ns fall@4.000ns period=8.000ns})
  Destination:            u_reg/tmp_reg[9]/D
                            (rising edge-triggered cell FDRE clocked by sys_clk_pin  {rise@0.000ns fall@4.000ns period=8.000ns})
  Path Group:             sys_clk_pin
  Path Type:              Setup (Max at Slow Process Corner)
  Requirement:            8.000ns  (sys_clk_pin rise@8.000ns - sys_clk_pin rise@0.000ns)
  Data Path Delay:        4.393ns  (logic 2.375ns (54.064%)  route 2.018ns (45.936%))
  Logic Levels:           5  (CARRY4=4 LUT2=1)
  Clock Path Skew:        -0.061ns (DCD - SCD + CPR)
    Destination Clock Delay (DCD):    4.391ns = ( 12.391 - 8.000 ) 
    Source Clock Delay      (SCD):    4.906ns
    Clock Pessimism Removal (CPR):    0.454ns
  Clock Uncertainty:      0.035ns  ((TSJ^2 + TIJ^2)^1/2 + DJ) / 2 + PE
    Total System Jitter     (TSJ):    0.071ns
    Total Input Jitter      (TIJ):    0.000ns
    Discrete Jitter          (DJ):    0.000ns
    Phase Error              (PE):    0.000ns

    Location             Delay type                Incr(ns)  Path(ns)    Netlist Resource(s)
  -------------------------------------------------------------------    -------------------
                         (clock sys_clk_pin rise edge)
                                                      0.000     0.000 r  
    L16                                               0.000     0.000 r  clk (IN)
                         net (fo=0)                   0.000     0.000    clk
    L16                  IBUF (Prop_ibuf_I_O)         0.976     0.976 r  clk_IBUF_inst/O
                         net (fo=1, routed)           2.076     3.052    clk_IBUF
    BUFGCTRL_X0Y16       BUFG (Prop_bufg_I_O)         0.101     3.153 r  clk_IBUF_BUFG_inst/O
                         net (fo=78, routed)          1.753     4.906    u_mult/CLK
    SLICE_X37Y40         FDRE                                         r  u_mult/sum_reg[16]/C
  -------------------------------------------------------------------    -------------------
    SLICE_X37Y40         FDRE (Prop_fdre_C_Q)         0.456     5.362 r  u_mult/sum_reg[16]/Q
                         net (fo=7, routed)           1.139     6.501    u_mult/L[16]
    SLICE_X41Y38         CARRY4 (Prop_carry4_S[1]_O[3])
                                                      0.764     7.265 r  u_mult/tmp_reg[3]_i_2/O[3]
                         net (fo=2, routed)           0.879     8.144    u_reg/sum_reg[30][3]
    SLICE_X40Y38         LUT2 (Prop_lut2_I0_O)        0.306     8.450 r  u_reg/tmp[3]_i_3/O
                         net (fo=1, routed)           0.000     8.450    u_reg/tmp[3]_i_3_n_0
    SLICE_X40Y38         CARRY4 (Prop_carry4_S[3]_CO[3])
                                                      0.401     8.851 r  u_reg/tmp_reg[3]_i_1/CO[3]
                         net (fo=1, routed)           0.000     8.851    u_reg/tmp_reg[3]_i_1_n_0
    SLICE_X40Y39         CARRY4 (Prop_carry4_CI_CO[3])
                                                      0.114     8.965 r  u_reg/tmp_reg[7]_i_1/CO[3]
                         net (fo=1, routed)           0.000     8.965    u_reg/tmp_reg[7]_i_1_n_0
    SLICE_X40Y40         CARRY4 (Prop_carry4_CI_O[1])
                                                      0.334     9.299 r  u_reg/tmp_reg[11]_i_1/O[1]
                         net (fo=1, routed)           0.000     9.299    u_reg/tmp_reg[11]_i_1_n_6
    SLICE_X40Y40         FDRE                                         r  u_reg/tmp_reg[9]/D
  -------------------------------------------------------------------    -------------------

                         (clock sys_clk_pin rise edge)
                                                      8.000     8.000 r  
    L16                                               0.000     8.000 r  clk (IN)
                         net (fo=0)                   0.000     8.000    clk
    L16                  IBUF (Prop_ibuf_I_O)         0.843     8.843 r  clk_IBUF_inst/O
                         net (fo=1, routed)           1.880    10.723    clk_IBUF
    BUFGCTRL_X0Y16       BUFG (Prop_bufg_I_O)         0.091    10.814 r  clk_IBUF_BUFG_inst/O
                         net (fo=78, routed)          1.577    12.391    u_reg/CLK
    SLICE_X40Y40         FDRE                                         r  u_reg/tmp_reg[9]/C
                         clock pessimism              0.454    12.845    
                         clock uncertainty           -0.035    12.810    
    SLICE_X40Y40         FDRE (Setup_fdre_C_D)        0.062    12.872    u_reg/tmp_reg[9]
  -------------------------------------------------------------------
                         required time                         12.872    
                         arrival time                          -9.299    
  -------------------------------------------------------------------
                         slack                                  3.573    

Slack (MET) :             3.594ns  (required time - arrival time)
  Source:                 u_mult/sum_reg[16]/C
                            (rising edge-triggered cell FDRE clocked by sys_clk_pin  {rise@0.000ns fall@4.000ns period=8.000ns})
  Destination:            u_reg/tmp_reg[11]/D
                            (rising edge-triggered cell FDRE clocked by sys_clk_pin  {rise@0.000ns fall@4.000ns period=8.000ns})
  Path Group:             sys_clk_pin
  Path Type:              Setup (Max at Slow Process Corner)
  Requirement:            8.000ns  (sys_clk_pin rise@8.000ns - sys_clk_pin rise@0.000ns)
  Data Path Delay:        4.372ns  (logic 2.354ns (53.843%)  route 2.018ns (46.157%))
  Logic Levels:           5  (CARRY4=4 LUT2=1)
  Clock Path Skew:        -0.061ns (DCD - SCD + CPR)
    Destination Clock Delay (DCD):    4.391ns = ( 12.391 - 8.000 ) 
    Source Clock Delay      (SCD):    4.906ns
    Clock Pessimism Removal (CPR):    0.454ns
  Clock Uncertainty:      0.035ns  ((TSJ^2 + TIJ^2)^1/2 + DJ) / 2 + PE
    Total System Jitter     (TSJ):    0.071ns
    Total Input Jitter      (TIJ):    0.000ns
    Discrete Jitter          (DJ):    0.000ns
    Phase Error              (PE):    0.000ns

    Location             Delay type                Incr(ns)  Path(ns)    Netlist Resource(s)
  -------------------------------------------------------------------    -------------------
                         (clock sys_clk_pin rise edge)
                                                      0.000     0.000 r  
    L16                                               0.000     0.000 r  clk (IN)
                         net (fo=0)                   0.000     0.000    clk
    L16                  IBUF (Prop_ibuf_I_O)         0.976     0.976 r  clk_IBUF_inst/O
                         net (fo=1, routed)           2.076     3.052    clk_IBUF
    BUFGCTRL_X0Y16       BUFG (Prop_bufg_I_O)         0.101     3.153 r  clk_IBUF_BUFG_inst/O
                         net (fo=78, routed)          1.753     4.906    u_mult/CLK
    SLICE_X37Y40         FDRE                                         r  u_mult/sum_reg[16]/C
  -------------------------------------------------------------------    -------------------
    SLICE_X37Y40         FDRE (Prop_fdre_C_Q)         0.456     5.362 r  u_mult/sum_reg[16]/Q
                         net (fo=7, routed)           1.139     6.501    u_mult/L[16]
    SLICE_X41Y38         CARRY4 (Prop_carry4_S[1]_O[3])
                                                      0.764     7.265 r  u_mult/tmp_reg[3]_i_2/O[3]
                         net (fo=2, routed)           0.879     8.144    u_reg/sum_reg[30][3]
    SLICE_X40Y38         LUT2 (Prop_lut2_I0_O)        0.306     8.450 r  u_reg/tmp[3]_i_3/O
                         net (fo=1, routed)           0.000     8.450    u_reg/tmp[3]_i_3_n_0
    SLICE_X40Y38         CARRY4 (Prop_carry4_S[3]_CO[3])
                                                      0.401     8.851 r  u_reg/tmp_reg[3]_i_1/CO[3]
                         net (fo=1, routed)           0.000     8.851    u_reg/tmp_reg[3]_i_1_n_0
    SLICE_X40Y39         CARRY4 (Prop_carry4_CI_CO[3])
                                                      0.114     8.965 r  u_reg/tmp_reg[7]_i_1/CO[3]
                         net (fo=1, routed)           0.000     8.965    u_reg/tmp_reg[7]_i_1_n_0
    SLICE_X40Y40         CARRY4 (Prop_carry4_CI_O[3])
                                                      0.313     9.278 r  u_reg/tmp_reg[11]_i_1/O[3]
                         net (fo=1, routed)           0.000     9.278    u_reg/tmp_reg[11]_i_1_n_4
    SLICE_X40Y40         FDRE                                         r  u_reg/tmp_reg[11]/D
  -------------------------------------------------------------------    -------------------

                         (clock sys_clk_pin rise edge)
                                                      8.000     8.000 r  
    L16                                               0.000     8.000 r  clk (IN)
                         net (fo=0)                   0.000     8.000    clk
    L16                  IBUF (Prop_ibuf_I_O)         0.843     8.843 r  clk_IBUF_inst/O
                         net (fo=1, routed)           1.880    10.723    clk_IBUF
    BUFGCTRL_X0Y16       BUFG (Prop_bufg_I_O)         0.091    10.814 r  clk_IBUF_BUFG_inst/O
                         net (fo=78, routed)          1.577    12.391    u_reg/CLK
    SLICE_X40Y40         FDRE                                         r  u_reg/tmp_reg[11]/C
                         clock pessimism              0.454    12.845    
                         clock uncertainty           -0.035    12.810    
    SLICE_X40Y40         FDRE (Setup_fdre_C_D)        0.062    12.872    u_reg/tmp_reg[11]
  -------------------------------------------------------------------
                         required time                         12.872    
                         arrival time                          -9.278    
  -------------------------------------------------------------------
                         slack                                  3.594    

Slack (MET) :             3.668ns  (required time - arrival time)
  Source:                 u_mult/sum_reg[16]/C
                            (rising edge-triggered cell FDRE clocked by sys_clk_pin  {rise@0.000ns fall@4.000ns period=8.000ns})
  Destination:            u_reg/tmp_reg[10]/D
                            (rising edge-triggered cell FDRE clocked by sys_clk_pin  {rise@0.000ns fall@4.000ns period=8.000ns})
  Path Group:             sys_clk_pin
  Path Type:              Setup (Max at Slow Process Corner)
  Requirement:            8.000ns  (sys_clk_pin rise@8.000ns - sys_clk_pin rise@0.000ns)
  Data Path Delay:        4.298ns  (logic 2.280ns (53.048%)  route 2.018ns (46.952%))
  Logic Levels:           5  (CARRY4=4 LUT2=1)
  Clock Path Skew:        -0.061ns (DCD - SCD + CPR)
    Destination Clock Delay (DCD):    4.391ns = ( 12.391 - 8.000 ) 
    Source Clock Delay      (SCD):    4.906ns
    Clock Pessimism Removal (CPR):    0.454ns
  Clock Uncertainty:      0.035ns  ((TSJ^2 + TIJ^2)^1/2 + DJ) / 2 + PE
    Total System Jitter     (TSJ):    0.071ns
    Total Input Jitter      (TIJ):    0.000ns
    Discrete Jitter          (DJ):    0.000ns
    Phase Error              (PE):    0.000ns

    Location             Delay type                Incr(ns)  Path(ns)    Netlist Resource(s)
  -------------------------------------------------------------------    -------------------
                         (clock sys_clk_pin rise edge)
                                                      0.000     0.000 r  
    L16                                               0.000     0.000 r  clk (IN)
                         net (fo=0)                   0.000     0.000    clk
    L16                  IBUF (Prop_ibuf_I_O)         0.976     0.976 r  clk_IBUF_inst/O
                         net (fo=1, routed)           2.076     3.052    clk_IBUF
    BUFGCTRL_X0Y16       BUFG (Prop_bufg_I_O)         0.101     3.153 r  clk_IBUF_BUFG_inst/O
                         net (fo=78, routed)          1.753     4.906    u_mult/CLK
    SLICE_X37Y40         FDRE                                         r  u_mult/sum_reg[16]/C
  -------------------------------------------------------------------    -------------------
    SLICE_X37Y40         FDRE (Prop_fdre_C_Q)         0.456     5.362 r  u_mult/sum_reg[16]/Q
                         net (fo=7, routed)           1.139     6.501    u_mult/L[16]
    SLICE_X41Y38         CARRY4 (Prop_carry4_S[1]_O[3])
                                                      0.764     7.265 r  u_mult/tmp_reg[3]_i_2/O[3]
                         net (fo=2, routed)           0.879     8.144    u_reg/sum_reg[30][3]
    SLICE_X40Y38         LUT2 (Prop_lut2_I0_O)        0.306     8.450 r  u_reg/tmp[3]_i_3/O
                         net (fo=1, routed)           0.000     8.450    u_reg/tmp[3]_i_3_n_0
    SLICE_X40Y38         CARRY4 (Prop_carry4_S[3]_CO[3])
                                                      0.401     8.851 r  u_reg/tmp_reg[3]_i_1/CO[3]
                         net (fo=1, routed)           0.000     8.851    u_reg/tmp_reg[3]_i_1_n_0
    SLICE_X40Y39         CARRY4 (Prop_carry4_CI_CO[3])
                                                      0.114     8.965 r  u_reg/tmp_reg[7]_i_1/CO[3]
                         net (fo=1, routed)           0.000     8.965    u_reg/tmp_reg[7]_i_1_n_0
    SLICE_X40Y40         CARRY4 (Prop_carry4_CI_O[2])
                                                      0.239     9.204 r  u_reg/tmp_reg[11]_i_1/O[2]
                         net (fo=1, routed)           0.000     9.204    u_reg/tmp_reg[11]_i_1_n_5
    SLICE_X40Y40         FDRE                                         r  u_reg/tmp_reg[10]/D
  -------------------------------------------------------------------    -------------------

                         (clock sys_clk_pin rise edge)
                                                      8.000     8.000 r  
    L16                                               0.000     8.000 r  clk (IN)
                         net (fo=0)                   0.000     8.000    clk
    L16                  IBUF (Prop_ibuf_I_O)         0.843     8.843 r  clk_IBUF_inst/O
                         net (fo=1, routed)           1.880    10.723    clk_IBUF
    BUFGCTRL_X0Y16       BUFG (Prop_bufg_I_O)         0.091    10.814 r  clk_IBUF_BUFG_inst/O
                         net (fo=78, routed)          1.577    12.391    u_reg/CLK
    SLICE_X40Y40         FDRE                                         r  u_reg/tmp_reg[10]/C
                         clock pessimism              0.454    12.845    
                         clock uncertainty           -0.035    12.810    
    SLICE_X40Y40         FDRE (Setup_fdre_C_D)        0.062    12.872    u_reg/tmp_reg[10]
  -------------------------------------------------------------------
                         required time                         12.872    
                         arrival time                          -9.204    
  -------------------------------------------------------------------
                         slack                                  3.668    

Slack (MET) :             3.684ns  (required time - arrival time)
  Source:                 u_mult/sum_reg[16]/C
                            (rising edge-triggered cell FDRE clocked by sys_clk_pin  {rise@0.000ns fall@4.000ns period=8.000ns})
  Destination:            u_reg/tmp_reg[8]/D
                            (rising edge-triggered cell FDRE clocked by sys_clk_pin  {rise@0.000ns fall@4.000ns period=8.000ns})
  Path Group:             sys_clk_pin
  Path Type:              Setup (Max at Slow Process Corner)
  Requirement:            8.000ns  (sys_clk_pin rise@8.000ns - sys_clk_pin rise@0.000ns)
  Data Path Delay:        4.282ns  (logic 2.264ns (52.873%)  route 2.018ns (47.127%))
  Logic Levels:           5  (CARRY4=4 LUT2=1)
  Clock Path Skew:        -0.061ns (DCD - SCD + CPR)
    Destination Clock Delay (DCD):    4.391ns = ( 12.391 - 8.000 ) 
    Source Clock Delay      (SCD):    4.906ns
    Clock Pessimism Removal (CPR):    0.454ns
  Clock Uncertainty:      0.035ns  ((TSJ^2 + TIJ^2)^1/2 + DJ) / 2 + PE
    Total System Jitter     (TSJ):    0.071ns
    Total Input Jitter      (TIJ):    0.000ns
    Discrete Jitter          (DJ):    0.000ns
    Phase Error              (PE):    0.000ns

    Location             Delay type                Incr(ns)  Path(ns)    Netlist Resource(s)
  -------------------------------------------------------------------    -------------------
                         (clock sys_clk_pin rise edge)
                                                      0.000     0.000 r  
    L16                                               0.000     0.000 r  clk (IN)
                         net (fo=0)                   0.000     0.000    clk
    L16                  IBUF (Prop_ibuf_I_O)         0.976     0.976 r  clk_IBUF_inst/O
                         net (fo=1, routed)           2.076     3.052    clk_IBUF
    BUFGCTRL_X0Y16       BUFG (Prop_bufg_I_O)         0.101     3.153 r  clk_IBUF_BUFG_inst/O
                         net (fo=78, routed)          1.753     4.906    u_mult/CLK
    SLICE_X37Y40         FDRE                                         r  u_mult/sum_reg[16]/C
  -------------------------------------------------------------------    -------------------
    SLICE_X37Y40         FDRE (Prop_fdre_C_Q)         0.456     5.362 r  u_mult/sum_reg[16]/Q
                         net (fo=7, routed)           1.139     6.501    u_mult/L[16]
    SLICE_X41Y38         CARRY4 (Prop_carry4_S[1]_O[3])
                                                      0.764     7.265 r  u_mult/tmp_reg[3]_i_2/O[3]
                         net (fo=2, routed)           0.879     8.144    u_reg/sum_reg[30][3]
    SLICE_X40Y38         LUT2 (Prop_lut2_I0_O)        0.306     8.450 r  u_reg/tmp[3]_i_3/O
                         net (fo=1, routed)           0.000     8.450    u_reg/tmp[3]_i_3_n_0
    SLICE_X40Y38         CARRY4 (Prop_carry4_S[3]_CO[3])
                                                      0.401     8.851 r  u_reg/tmp_reg[3]_i_1/CO[3]
                         net (fo=1, routed)           0.000     8.851    u_reg/tmp_reg[3]_i_1_n_0
    SLICE_X40Y39         CARRY4 (Prop_carry4_CI_CO[3])
                                                      0.114     8.965 r  u_reg/tmp_reg[7]_i_1/CO[3]
                         net (fo=1, routed)           0.000     8.965    u_reg/tmp_reg[7]_i_1_n_0
    SLICE_X40Y40         CARRY4 (Prop_carry4_CI_O[0])
                                                      0.223     9.188 r  u_reg/tmp_reg[11]_i_1/O[0]
                         net (fo=1, routed)           0.000     9.188    u_reg/tmp_reg[11]_i_1_n_7
    SLICE_X40Y40         FDRE                                         r  u_reg/tmp_reg[8]/D
  -------------------------------------------------------------------    -------------------

                         (clock sys_clk_pin rise edge)
                                                      8.000     8.000 r  
    L16                                               0.000     8.000 r  clk (IN)
                         net (fo=0)                   0.000     8.000    clk
    L16                  IBUF (Prop_ibuf_I_O)         0.843     8.843 r  clk_IBUF_inst/O
                         net (fo=1, routed)           1.880    10.723    clk_IBUF
    BUFGCTRL_X0Y16       BUFG (Prop_bufg_I_O)         0.091    10.814 r  clk_IBUF_BUFG_inst/O
                         net (fo=78, routed)          1.577    12.391    u_reg/CLK
    SLICE_X40Y40         FDRE                                         r  u_reg/tmp_reg[8]/C
                         clock pessimism              0.454    12.845    
                         clock uncertainty           -0.035    12.810    
    SLICE_X40Y40         FDRE (Setup_fdre_C_D)        0.062    12.872    u_reg/tmp_reg[8]
  -------------------------------------------------------------------
                         required time                         12.872    
                         arrival time                          -9.188    
  -------------------------------------------------------------------
                         slack                                  3.684    

Slack (MET) :             3.687ns  (required time - arrival time)
  Source:                 u_mult/sum_reg[16]/C
                            (rising edge-triggered cell FDRE clocked by sys_clk_pin  {rise@0.000ns fall@4.000ns period=8.000ns})
  Destination:            u_reg/tmp_reg[5]/D
                            (rising edge-triggered cell FDRE clocked by sys_clk_pin  {rise@0.000ns fall@4.000ns period=8.000ns})
  Path Group:             sys_clk_pin
  Path Type:              Setup (Max at Slow Process Corner)
  Requirement:            8.000ns  (sys_clk_pin rise@8.000ns - sys_clk_pin rise@0.000ns)
  Data Path Delay:        4.279ns  (logic 2.261ns (52.840%)  route 2.018ns (47.160%))
  Logic Levels:           4  (CARRY4=3 LUT2=1)
  Clock Path Skew:        -0.061ns (DCD - SCD + CPR)
    Destination Clock Delay (DCD):    4.391ns = ( 12.391 - 8.000 ) 
    Source Clock Delay      (SCD):    4.906ns
    Clock Pessimism Removal (CPR):    0.454ns
  Clock Uncertainty:      0.035ns  ((TSJ^2 + TIJ^2)^1/2 + DJ) / 2 + PE
    Total System Jitter     (TSJ):    0.071ns
    Total Input Jitter      (TIJ):    0.000ns
    Discrete Jitter          (DJ):    0.000ns
    Phase Error              (PE):    0.000ns

    Location             Delay type                Incr(ns)  Path(ns)    Netlist Resource(s)
  -------------------------------------------------------------------    -------------------
                         (clock sys_clk_pin rise edge)
                                                      0.000     0.000 r  
    L16                                               0.000     0.000 r  clk (IN)
                         net (fo=0)                   0.000     0.000    clk
    L16                  IBUF (Prop_ibuf_I_O)         0.976     0.976 r  clk_IBUF_inst/O
                         net (fo=1, routed)           2.076     3.052    clk_IBUF
    BUFGCTRL_X0Y16       BUFG (Prop_bufg_I_O)         0.101     3.153 r  clk_IBUF_BUFG_inst/O
                         net (fo=78, routed)          1.753     4.906    u_mult/CLK
    SLICE_X37Y40         FDRE                                         r  u_mult/sum_reg[16]/C
  -------------------------------------------------------------------    -------------------
    SLICE_X37Y40         FDRE (Prop_fdre_C_Q)         0.456     5.362 r  u_mult/sum_reg[16]/Q
                         net (fo=7, routed)           1.139     6.501    u_mult/L[16]
    SLICE_X41Y38         CARRY4 (Prop_carry4_S[1]_O[3])
                                                      0.764     7.265 r  u_mult/tmp_reg[3]_i_2/O[3]
                         net (fo=2, routed)           0.879     8.144    u_reg/sum_reg[30][3]
    SLICE_X40Y38         LUT2 (Prop_lut2_I0_O)        0.306     8.450 r  u_reg/tmp[3]_i_3/O
                         net (fo=1, routed)           0.000     8.450    u_reg/tmp[3]_i_3_n_0
    SLICE_X40Y38         CARRY4 (Prop_carry4_S[3]_CO[3])
                                                      0.401     8.851 r  u_reg/tmp_reg[3]_i_1/CO[3]
                         net (fo=1, routed)           0.000     8.851    u_reg/tmp_reg[3]_i_1_n_0
    SLICE_X40Y39         CARRY4 (Prop_carry4_CI_O[1])
                                                      0.334     9.185 r  u_reg/tmp_reg[7]_i_1/O[1]
                         net (fo=1, routed)           0.000     9.185    u_reg/tmp_reg[7]_i_1_n_6
    SLICE_X40Y39         FDRE                                         r  u_reg/tmp_reg[5]/D
  -------------------------------------------------------------------    -------------------

                         (clock sys_clk_pin rise edge)
                                                      8.000     8.000 r  
    L16                                               0.000     8.000 r  clk (IN)
                         net (fo=0)                   0.000     8.000    clk
    L16                  IBUF (Prop_ibuf_I_O)         0.843     8.843 r  clk_IBUF_inst/O
                         net (fo=1, routed)           1.880    10.723    clk_IBUF
    BUFGCTRL_X0Y16       BUFG (Prop_bufg_I_O)         0.091    10.814 r  clk_IBUF_BUFG_inst/O
                         net (fo=78, routed)          1.577    12.391    u_reg/CLK
    SLICE_X40Y39         FDRE                                         r  u_reg/tmp_reg[5]/C
                         clock pessimism              0.454    12.845    
                         clock uncertainty           -0.035    12.810    
    SLICE_X40Y39         FDRE (Setup_fdre_C_D)        0.062    12.872    u_reg/tmp_reg[5]
  -------------------------------------------------------------------
                         required time                         12.872    
                         arrival time                          -9.185    
  -------------------------------------------------------------------
                         slack                                  3.687    

Slack (MET) :             3.708ns  (required time - arrival time)
  Source:                 u_mult/sum_reg[16]/C
                            (rising edge-triggered cell FDRE clocked by sys_clk_pin  {rise@0.000ns fall@4.000ns period=8.000ns})
  Destination:            u_reg/tmp_reg[7]/D
                            (rising edge-triggered cell FDRE clocked by sys_clk_pin  {rise@0.000ns fall@4.000ns period=8.000ns})
  Path Group:             sys_clk_pin
  Path Type:              Setup (Max at Slow Process Corner)
  Requirement:            8.000ns  (sys_clk_pin rise@8.000ns - sys_clk_pin rise@0.000ns)
  Data Path Delay:        4.258ns  (logic 2.240ns (52.607%)  route 2.018ns (47.393%))
  Logic Levels:           4  (CARRY4=3 LUT2=1)
  Clock Path Skew:        -0.061ns (DCD - SCD + CPR)
    Destination Clock Delay (DCD):    4.391ns = ( 12.391 - 8.000 ) 
    Source Clock Delay      (SCD):    4.906ns
    Clock Pessimism Removal (CPR):    0.454ns
  Clock Uncertainty:      0.035ns  ((TSJ^2 + TIJ^2)^1/2 + DJ) / 2 + PE
    Total System Jitter     (TSJ):    0.071ns
    Total Input Jitter      (TIJ):    0.000ns
    Discrete Jitter          (DJ):    0.000ns
    Phase Error              (PE):    0.000ns

    Location             Delay type                Incr(ns)  Path(ns)    Netlist Resource(s)
  -------------------------------------------------------------------    -------------------
                         (clock sys_clk_pin rise edge)
                                                      0.000     0.000 r  
    L16                                               0.000     0.000 r  clk (IN)
                         net (fo=0)                   0.000     0.000    clk
    L16                  IBUF (Prop_ibuf_I_O)         0.976     0.976 r  clk_IBUF_inst/O
                         net (fo=1, routed)           2.076     3.052    clk_IBUF
    BUFGCTRL_X0Y16       BUFG (Prop_bufg_I_O)         0.101     3.153 r  clk_IBUF_BUFG_inst/O
                         net (fo=78, routed)          1.753     4.906    u_mult/CLK
    SLICE_X37Y40         FDRE                                         r  u_mult/sum_reg[16]/C
  -------------------------------------------------------------------    -------------------
    SLICE_X37Y40         FDRE (Prop_fdre_C_Q)         0.456     5.362 r  u_mult/sum_reg[16]/Q
                         net (fo=7, routed)           1.139     6.501    u_mult/L[16]
    SLICE_X41Y38         CARRY4 (Prop_carry4_S[1]_O[3])
                                                      0.764     7.265 r  u_mult/tmp_reg[3]_i_2/O[3]
                         net (fo=2, routed)           0.879     8.144    u_reg/sum_reg[30][3]
    SLICE_X40Y38         LUT2 (Prop_lut2_I0_O)        0.306     8.450 r  u_reg/tmp[3]_i_3/O
                         net (fo=1, routed)           0.000     8.450    u_reg/tmp[3]_i_3_n_0
    SLICE_X40Y38         CARRY4 (Prop_carry4_S[3]_CO[3])
                                                      0.401     8.851 r  u_reg/tmp_reg[3]_i_1/CO[3]
                         net (fo=1, routed)           0.000     8.851    u_reg/tmp_reg[3]_i_1_n_0
    SLICE_X40Y39         CARRY4 (Prop_carry4_CI_O[3])
                                                      0.313     9.164 r  u_reg/tmp_reg[7]_i_1/O[3]
                         net (fo=1, routed)           0.000     9.164    u_reg/tmp_reg[7]_i_1_n_4
    SLICE_X40Y39         FDRE                                         r  u_reg/tmp_reg[7]/D
  -------------------------------------------------------------------    -------------------

                         (clock sys_clk_pin rise edge)
                                                      8.000     8.000 r  
    L16                                               0.000     8.000 r  clk (IN)
                         net (fo=0)                   0.000     8.000    clk
    L16                  IBUF (Prop_ibuf_I_O)         0.843     8.843 r  clk_IBUF_inst/O
                         net (fo=1, routed)           1.880    10.723    clk_IBUF
    BUFGCTRL_X0Y16       BUFG (Prop_bufg_I_O)         0.091    10.814 r  clk_IBUF_BUFG_inst/O
                         net (fo=78, routed)          1.577    12.391    u_reg/CLK
    SLICE_X40Y39         FDRE                                         r  u_reg/tmp_reg[7]/C
                         clock pessimism              0.454    12.845    
                         clock uncertainty           -0.035    12.810    
    SLICE_X40Y39         FDRE (Setup_fdre_C_D)        0.062    12.872    u_reg/tmp_reg[7]
  -------------------------------------------------------------------
                         required time                         12.872    
                         arrival time                          -9.164    
  -------------------------------------------------------------------
                         slack                                  3.708    





Min Delay Paths
--------------------------------------------------------------------------------------
Slack (MET) :             0.132ns  (arrival time - required time)
  Source:                 u_mult/mt_reg[9]/C
                            (rising edge-triggered cell FDRE clocked by sys_clk_pin  {rise@0.000ns fall@4.000ns period=8.000ns})
  Destination:            u_mult/mt_reg[8]/D
                            (rising edge-triggered cell FDRE clocked by sys_clk_pin  {rise@0.000ns fall@4.000ns period=8.000ns})
  Path Group:             sys_clk_pin
  Path Type:              Hold (Min at Fast Process Corner)
  Requirement:            0.000ns  (sys_clk_pin rise@0.000ns - sys_clk_pin rise@0.000ns)
  Data Path Delay:        0.266ns  (logic 0.186ns (69.898%)  route 0.080ns (30.103%))
  Logic Levels:           1  (LUT4=1)
  Clock Path Skew:        0.013ns (DCD - SCD - CPR)
    Destination Clock Delay (DCD):    1.953ns
    Source Clock Delay      (SCD):    1.439ns
    Clock Pessimism Removal (CPR):    0.501ns

    Location             Delay type                Incr(ns)  Path(ns)    Netlist Resource(s)
  -------------------------------------------------------------------    -------------------
                         (clock sys_clk_pin rise edge)
                                                      0.000     0.000 r  
    L16                                               0.000     0.000 r  clk (IN)
                         net (fo=0)                   0.000     0.000    clk
    L16                  IBUF (Prop_ibuf_I_O)         0.205     0.205 r  clk_IBUF_inst/O
                         net (fo=1, routed)           0.627     0.832    clk_IBUF
    BUFGCTRL_X0Y16       BUFG (Prop_bufg_I_O)         0.026     0.858 r  clk_IBUF_BUFG_inst/O
                         net (fo=78, routed)          0.581     1.439    u_mult/CLK
    SLICE_X43Y25         FDRE                                         r  u_mult/mt_reg[9]/C
  -------------------------------------------------------------------    -------------------
    SLICE_X43Y25         FDRE (Prop_fdre_C_Q)         0.141     1.580 r  u_mult/mt_reg[9]/Q
                         net (fo=1, routed)           0.080     1.660    u_mult/mt_reg_n_0_[9]
    SLICE_X42Y25         LUT4 (Prop_lut4_I0_O)        0.045     1.705 r  u_mult/mt[8]_i_1/O
                         net (fo=1, routed)           0.000     1.705    u_mult/p_1_in[8]
    SLICE_X42Y25         FDRE                                         r  u_mult/mt_reg[8]/D
  -------------------------------------------------------------------    -------------------

                         (clock sys_clk_pin rise edge)
                                                      0.000     0.000 r  
    L16                                               0.000     0.000 r  clk (IN)
                         net (fo=0)                   0.000     0.000    clk
    L16                  IBUF (Prop_ibuf_I_O)         0.394     0.394 r  clk_IBUF_inst/O
                         net (fo=1, routed)           0.683     1.077    clk_IBUF
    BUFGCTRL_X0Y16       BUFG (Prop_bufg_I_O)         0.029     1.106 r  clk_IBUF_BUFG_inst/O
                         net (fo=78, routed)          0.847     1.953    u_mult/CLK
    SLICE_X42Y25         FDRE                                         r  u_mult/mt_reg[8]/C
                         clock pessimism             -0.501     1.452    
    SLICE_X42Y25         FDRE (Hold_fdre_C_D)         0.121     1.573    u_mult/mt_reg[8]
  -------------------------------------------------------------------
                         required time                         -1.573    
                         arrival time                           1.705    
  -------------------------------------------------------------------
                         slack                                  0.132    

Slack (MET) :             0.182ns  (arrival time - required time)
  Source:                 u_mult/mt_reg[6]/C
                            (rising edge-triggered cell FDRE clocked by sys_clk_pin  {rise@0.000ns fall@4.000ns period=8.000ns})
  Destination:            u_mult/mt_reg[5]/D
                            (rising edge-triggered cell FDRE clocked by sys_clk_pin  {rise@0.000ns fall@4.000ns period=8.000ns})
  Path Group:             sys_clk_pin
  Path Type:              Hold (Min at Fast Process Corner)
  Requirement:            0.000ns  (sys_clk_pin rise@0.000ns - sys_clk_pin rise@0.000ns)
  Data Path Delay:        0.317ns  (logic 0.209ns (65.895%)  route 0.108ns (34.105%))
  Logic Levels:           1  (LUT4=1)
  Clock Path Skew:        0.014ns (DCD - SCD - CPR)
    Destination Clock Delay (DCD):    1.954ns
    Source Clock Delay      (SCD):    1.439ns
    Clock Pessimism Removal (CPR):    0.501ns

    Location             Delay type                Incr(ns)  Path(ns)    Netlist Resource(s)
  -------------------------------------------------------------------    -------------------
                         (clock sys_clk_pin rise edge)
                                                      0.000     0.000 r  
    L16                                               0.000     0.000 r  clk (IN)
                         net (fo=0)                   0.000     0.000    clk
    L16                  IBUF (Prop_ibuf_I_O)         0.205     0.205 r  clk_IBUF_inst/O
                         net (fo=1, routed)           0.627     0.832    clk_IBUF
    BUFGCTRL_X0Y16       BUFG (Prop_bufg_I_O)         0.026     0.858 r  clk_IBUF_BUFG_inst/O
                         net (fo=78, routed)          0.581     1.439    u_mult/CLK
    SLICE_X42Y25         FDRE                                         r  u_mult/mt_reg[6]/C
  -------------------------------------------------------------------    -------------------
    SLICE_X42Y25         FDRE (Prop_fdre_C_Q)         0.164     1.603 r  u_mult/mt_reg[6]/Q
                         net (fo=1, routed)           0.108     1.711    u_mult/mt_reg_n_0_[6]
    SLICE_X42Y26         LUT4 (Prop_lut4_I0_O)        0.045     1.756 r  u_mult/mt[5]_i_1/O
                         net (fo=1, routed)           0.000     1.756    u_mult/p_1_in[5]
    SLICE_X42Y26         FDRE                                         r  u_mult/mt_reg[5]/D
  -------------------------------------------------------------------    -------------------

                         (clock sys_clk_pin rise edge)
                                                      0.000     0.000 r  
    L16                                               0.000     0.000 r  clk (IN)
                         net (fo=0)                   0.000     0.000    clk
    L16                  IBUF (Prop_ibuf_I_O)         0.394     0.394 r  clk_IBUF_inst/O
                         net (fo=1, routed)           0.683     1.077    clk_IBUF
    BUFGCTRL_X0Y16       BUFG (Prop_bufg_I_O)         0.029     1.106 r  clk_IBUF_BUFG_inst/O
                         net (fo=78, routed)          0.848     1.954    u_mult/CLK
    SLICE_X42Y26         FDRE                                         r  u_mult/mt_reg[5]/C
                         clock pessimism             -0.501     1.453    
    SLICE_X42Y26         FDRE (Hold_fdre_C_D)         0.121     1.574    u_mult/mt_reg[5]
  -------------------------------------------------------------------
                         required time                         -1.574    
                         arrival time                           1.756    
  -------------------------------------------------------------------
                         slack                                  0.182    

Slack (MET) :             0.206ns  (arrival time - required time)
  Source:                 u_mult/mt_reg[10]/C
                            (rising edge-triggered cell FDRE clocked by sys_clk_pin  {rise@0.000ns fall@4.000ns period=8.000ns})
  Destination:            u_mult/mt_reg[9]/D
                            (rising edge-triggered cell FDRE clocked by sys_clk_pin  {rise@0.000ns fall@4.000ns period=8.000ns})
  Path Group:             sys_clk_pin
  Path Type:              Hold (Min at Fast Process Corner)
  Requirement:            0.000ns  (sys_clk_pin rise@0.000ns - sys_clk_pin rise@0.000ns)
  Data Path Delay:        0.298ns  (logic 0.186ns (62.337%)  route 0.112ns (37.663%))
  Logic Levels:           1  (LUT4=1)
  Clock Path Skew:        0.000ns (DCD - SCD - CPR)
    Destination Clock Delay (DCD):    1.953ns
    Source Clock Delay      (SCD):    1.439ns
    Clock Pessimism Removal (CPR):    0.514ns

    Location             Delay type                Incr(ns)  Path(ns)    Netlist Resource(s)
  -------------------------------------------------------------------    -------------------
                         (clock sys_clk_pin rise edge)
                                                      0.000     0.000 r  
    L16                                               0.000     0.000 r  clk (IN)
                         net (fo=0)                   0.000     0.000    clk
    L16                  IBUF (Prop_ibuf_I_O)         0.205     0.205 r  clk_IBUF_inst/O
                         net (fo=1, routed)           0.627     0.832    clk_IBUF
    BUFGCTRL_X0Y16       BUFG (Prop_bufg_I_O)         0.026     0.858 r  clk_IBUF_BUFG_inst/O
                         net (fo=78, routed)          0.581     1.439    u_mult/CLK
    SLICE_X43Y25         FDRE                                         r  u_mult/mt_reg[10]/C
  -------------------------------------------------------------------    -------------------
    SLICE_X43Y25         FDRE (Prop_fdre_C_Q)         0.141     1.580 r  u_mult/mt_reg[10]/Q
                         net (fo=1, routed)           0.112     1.692    u_mult/mt_reg_n_0_[10]
    SLICE_X43Y25         LUT4 (Prop_lut4_I0_O)        0.045     1.737 r  u_mult/mt[9]_i_1/O
                         net (fo=1, routed)           0.000     1.737    u_mult/p_1_in[9]
    SLICE_X43Y25         FDRE                                         r  u_mult/mt_reg[9]/D
  -------------------------------------------------------------------    -------------------

                         (clock sys_clk_pin rise edge)
                                                      0.000     0.000 r  
    L16                                               0.000     0.000 r  clk (IN)
                         net (fo=0)                   0.000     0.000    clk
    L16                  IBUF (Prop_ibuf_I_O)         0.394     0.394 r  clk_IBUF_inst/O
                         net (fo=1, routed)           0.683     1.077    clk_IBUF
    BUFGCTRL_X0Y16       BUFG (Prop_bufg_I_O)         0.029     1.106 r  clk_IBUF_BUFG_inst/O
                         net (fo=78, routed)          0.847     1.953    u_mult/CLK
    SLICE_X43Y25         FDRE                                         r  u_mult/mt_reg[9]/C
                         clock pessimism             -0.514     1.439    
    SLICE_X43Y25         FDRE (Hold_fdre_C_D)         0.092     1.531    u_mult/mt_reg[9]
  -------------------------------------------------------------------
                         required time                         -1.531    
                         arrival time                           1.737    
  -------------------------------------------------------------------
                         slack                                  0.206    

Slack (MET) :             0.218ns  (arrival time - required time)
  Source:                 u_mult/mt_reg[14]/C
                            (rising edge-triggered cell FDRE clocked by sys_clk_pin  {rise@0.000ns fall@4.000ns period=8.000ns})
  Destination:            u_mult/mt_reg[13]/D
                            (rising edge-triggered cell FDRE clocked by sys_clk_pin  {rise@0.000ns fall@4.000ns period=8.000ns})
  Path Group:             sys_clk_pin
  Path Type:              Hold (Min at Fast Process Corner)
  Requirement:            0.000ns  (sys_clk_pin rise@0.000ns - sys_clk_pin rise@0.000ns)
  Data Path Delay:        0.350ns  (logic 0.209ns (59.685%)  route 0.141ns (40.315%))
  Logic Levels:           1  (LUT4=1)
  Clock Path Skew:        0.012ns (DCD - SCD - CPR)
    Destination Clock Delay (DCD):    1.953ns
    Source Clock Delay      (SCD):    1.440ns
    Clock Pessimism Removal (CPR):    0.501ns

    Location             Delay type                Incr(ns)  Path(ns)    Netlist Resource(s)
  -------------------------------------------------------------------    -------------------
                         (clock sys_clk_pin rise edge)
                                                      0.000     0.000 r  
    L16                                               0.000     0.000 r  clk (IN)
                         net (fo=0)                   0.000     0.000    clk
    L16                  IBUF (Prop_ibuf_I_O)         0.205     0.205 r  clk_IBUF_inst/O
                         net (fo=1, routed)           0.627     0.832    clk_IBUF
    BUFGCTRL_X0Y16       BUFG (Prop_bufg_I_O)         0.026     0.858 r  clk_IBUF_BUFG_inst/O
                         net (fo=78, routed)          0.582     1.440    u_mult/CLK
    SLICE_X42Y26         FDRE                                         r  u_mult/mt_reg[14]/C
  -------------------------------------------------------------------    -------------------
    SLICE_X42Y26         FDRE (Prop_fdre_C_Q)         0.164     1.604 r  u_mult/mt_reg[14]/Q
                         net (fo=1, routed)           0.141     1.745    u_mult/mt_reg_n_0_[14]
    SLICE_X42Y25         LUT4 (Prop_lut4_I0_O)        0.045     1.790 r  u_mult/mt[13]_i_1/O
                         net (fo=1, routed)           0.000     1.790    u_mult/p_1_in[13]
    SLICE_X42Y25         FDRE                                         r  u_mult/mt_reg[13]/D
  -------------------------------------------------------------------    -------------------

                         (clock sys_clk_pin rise edge)
                                                      0.000     0.000 r  
    L16                                               0.000     0.000 r  clk (IN)
                         net (fo=0)                   0.000     0.000    clk
    L16                  IBUF (Prop_ibuf_I_O)         0.394     0.394 r  clk_IBUF_inst/O
                         net (fo=1, routed)           0.683     1.077    clk_IBUF
    BUFGCTRL_X0Y16       BUFG (Prop_bufg_I_O)         0.029     1.106 r  clk_IBUF_BUFG_inst/O
                         net (fo=78, routed)          0.847     1.953    u_mult/CLK
    SLICE_X42Y25         FDRE                                         r  u_mult/mt_reg[13]/C
                         clock pessimism             -0.501     1.452    
    SLICE_X42Y25         FDRE (Hold_fdre_C_D)         0.120     1.572    u_mult/mt_reg[13]
  -------------------------------------------------------------------
                         required time                         -1.572    
                         arrival time                           1.790    
  -------------------------------------------------------------------
                         slack                                  0.218    

Slack (MET) :             0.221ns  (arrival time - required time)
  Source:                 u_ctrl/FSM_sequential_state_reg[0]/C
                            (rising edge-triggered cell FDRE clocked by sys_clk_pin  {rise@0.000ns fall@4.000ns period=8.000ns})
  Destination:            u_ctrl/ready_mac_reg/D
                            (rising edge-triggered cell FDRE clocked by sys_clk_pin  {rise@0.000ns fall@4.000ns period=8.000ns})
  Path Group:             sys_clk_pin
  Path Type:              Hold (Min at Fast Process Corner)
  Requirement:            0.000ns  (sys_clk_pin rise@0.000ns - sys_clk_pin rise@0.000ns)
  Data Path Delay:        0.325ns  (logic 0.209ns (64.219%)  route 0.116ns (35.781%))
  Logic Levels:           1  (LUT2=1)
  Clock Path Skew:        0.013ns (DCD - SCD - CPR)
    Destination Clock Delay (DCD):    1.968ns
    Source Clock Delay      (SCD):    1.451ns
    Clock Pessimism Removal (CPR):    0.504ns

    Location             Delay type                Incr(ns)  Path(ns)    Netlist Resource(s)
  -------------------------------------------------------------------    -------------------
                         (clock sys_clk_pin rise edge)
                                                      0.000     0.000 r  
    L16                                               0.000     0.000 r  clk (IN)
                         net (fo=0)                   0.000     0.000    clk
    L16                  IBUF (Prop_ibuf_I_O)         0.205     0.205 r  clk_IBUF_inst/O
                         net (fo=1, routed)           0.627     0.832    clk_IBUF
    BUFGCTRL_X0Y16       BUFG (Prop_bufg_I_O)         0.026     0.858 r  clk_IBUF_BUFG_inst/O
                         net (fo=78, routed)          0.593     1.451    u_ctrl/CLK
    SLICE_X42Y40         FDRE                                         r  u_ctrl/FSM_sequential_state_reg[0]/C
  -------------------------------------------------------------------    -------------------
    SLICE_X42Y40         FDRE (Prop_fdre_C_Q)         0.164     1.615 r  u_ctrl/FSM_sequential_state_reg[0]/Q
                         net (fo=5, routed)           0.116     1.731    u_ctrl/state[0]
    SLICE_X43Y40         LUT2 (Prop_lut2_I0_O)        0.045     1.776 r  u_ctrl/ready_mac_i_1/O
                         net (fo=1, routed)           0.000     1.776    u_ctrl/ready_mac_i_1_n_0
    SLICE_X43Y40         FDRE                                         r  u_ctrl/ready_mac_reg/D
  -------------------------------------------------------------------    -------------------

                         (clock sys_clk_pin rise edge)
                                                      0.000     0.000 r  
    L16                                               0.000     0.000 r  clk (IN)
                         net (fo=0)                   0.000     0.000    clk
    L16                  IBUF (Prop_ibuf_I_O)         0.394     0.394 r  clk_IBUF_inst/O
                         net (fo=1, routed)           0.683     1.077    clk_IBUF
    BUFGCTRL_X0Y16       BUFG (Prop_bufg_I_O)         0.029     1.106 r  clk_IBUF_BUFG_inst/O
                         net (fo=78, routed)          0.862     1.968    u_ctrl/CLK
    SLICE_X43Y40         FDRE                                         r  u_ctrl/ready_mac_reg/C
                         clock pessimism             -0.504     1.464    
    SLICE_X43Y40         FDRE (Hold_fdre_C_D)         0.091     1.555    u_ctrl/ready_mac_reg
  -------------------------------------------------------------------
                         required time                         -1.555    
                         arrival time                           1.776    
  -------------------------------------------------------------------
                         slack                                  0.221    

Slack (MET) :             0.234ns  (arrival time - required time)
  Source:                 u_mult/ready_reg/C
                            (rising edge-triggered cell FDRE clocked by sys_clk_pin  {rise@0.000ns fall@4.000ns period=8.000ns})
  Destination:            u_ctrl/FSM_sequential_state_reg[0]/D
                            (rising edge-triggered cell FDRE clocked by sys_clk_pin  {rise@0.000ns fall@4.000ns period=8.000ns})
  Path Group:             sys_clk_pin
  Path Type:              Hold (Min at Fast Process Corner)
  Requirement:            0.000ns  (sys_clk_pin rise@0.000ns - sys_clk_pin rise@0.000ns)
  Data Path Delay:        0.370ns  (logic 0.209ns (56.439%)  route 0.161ns (43.561%))
  Logic Levels:           1  (LUT4=1)
  Clock Path Skew:        0.016ns (DCD - SCD - CPR)
    Destination Clock Delay (DCD):    1.968ns
    Source Clock Delay      (SCD):    1.451ns
    Clock Pessimism Removal (CPR):    0.501ns

    Location             Delay type                Incr(ns)  Path(ns)    Netlist Resource(s)
  -------------------------------------------------------------------    -------------------
                         (clock sys_clk_pin rise edge)
                                                      0.000     0.000 r  
    L16                                               0.000     0.000 r  clk (IN)
                         net (fo=0)                   0.000     0.000    clk
    L16                  IBUF (Prop_ibuf_I_O)         0.205     0.205 r  clk_IBUF_inst/O
                         net (fo=1, routed)           0.627     0.832    clk_IBUF
    BUFGCTRL_X0Y16       BUFG (Prop_bufg_I_O)         0.026     0.858 r  clk_IBUF_BUFG_inst/O
                         net (fo=78, routed)          0.593     1.451    u_mult/CLK
    SLICE_X42Y41         FDRE                                         r  u_mult/ready_reg/C
  -------------------------------------------------------------------    -------------------
    SLICE_X42Y41         FDRE (Prop_fdre_C_Q)         0.164     1.615 r  u_mult/ready_reg/Q
                         net (fo=3, routed)           0.161     1.776    u_ctrl/ready
    SLICE_X42Y40         LUT4 (Prop_lut4_I3_O)        0.045     1.821 r  u_ctrl/FSM_sequential_state[0]_i_1/O
                         net (fo=1, routed)           0.000     1.821    u_ctrl/FSM_sequential_state[0]_i_1_n_0
    SLICE_X42Y40         FDRE                                         r  u_ctrl/FSM_sequential_state_reg[0]/D
  -------------------------------------------------------------------    -------------------

                         (clock sys_clk_pin rise edge)
                                                      0.000     0.000 r  
    L16                                               0.000     0.000 r  clk (IN)
                         net (fo=0)                   0.000     0.000    clk
    L16                  IBUF (Prop_ibuf_I_O)         0.394     0.394 r  clk_IBUF_inst/O
                         net (fo=1, routed)           0.683     1.077    clk_IBUF
    BUFGCTRL_X0Y16       BUFG (Prop_bufg_I_O)         0.029     1.106 r  clk_IBUF_BUFG_inst/O
                         net (fo=78, routed)          0.862     1.968    u_ctrl/CLK
    SLICE_X42Y40         FDRE                                         r  u_ctrl/FSM_sequential_state_reg[0]/C
                         clock pessimism             -0.501     1.467    
    SLICE_X42Y40         FDRE (Hold_fdre_C_D)         0.120     1.587    u_ctrl/FSM_sequential_state_reg[0]
  -------------------------------------------------------------------
                         required time                         -1.587    
                         arrival time                           1.821    
  -------------------------------------------------------------------
                         slack                                  0.234    

Slack (MET) :             0.243ns  (arrival time - required time)
  Source:                 u_mult/count_reg[2]/C
                            (rising edge-triggered cell FDRE clocked by sys_clk_pin  {rise@0.000ns fall@4.000ns period=8.000ns})
  Destination:            u_mult/count_reg[3]/D
                            (rising edge-triggered cell FDRE clocked by sys_clk_pin  {rise@0.000ns fall@4.000ns period=8.000ns})
  Path Group:             sys_clk_pin
  Path Type:              Hold (Min at Fast Process Corner)
  Requirement:            0.000ns  (sys_clk_pin rise@0.000ns - sys_clk_pin rise@0.000ns)
  Data Path Delay:        0.374ns  (logic 0.212ns (56.642%)  route 0.162ns (43.358%))
  Logic Levels:           1  (LUT4=1)
  Clock Path Skew:        0.000ns (DCD - SCD - CPR)
    Destination Clock Delay (DCD):    1.969ns
    Source Clock Delay      (SCD):    1.452ns
    Clock Pessimism Removal (CPR):    0.517ns

    Location             Delay type                Incr(ns)  Path(ns)    Netlist Resource(s)
  -------------------------------------------------------------------    -------------------
                         (clock sys_clk_pin rise edge)
                                                      0.000     0.000 r  
    L16                                               0.000     0.000 r  clk (IN)
                         net (fo=0)                   0.000     0.000    clk
    L16                  IBUF (Prop_ibuf_I_O)         0.205     0.205 r  clk_IBUF_inst/O
                         net (fo=1, routed)           0.627     0.832    clk_IBUF
    BUFGCTRL_X0Y16       BUFG (Prop_bufg_I_O)         0.026     0.858 r  clk_IBUF_BUFG_inst/O
                         net (fo=78, routed)          0.594     1.452    u_mult/CLK
    SLICE_X42Y43         FDRE                                         r  u_mult/count_reg[2]/C
  -------------------------------------------------------------------    -------------------
    SLICE_X42Y43         FDRE (Prop_fdre_C_Q)         0.164     1.616 r  u_mult/count_reg[2]/Q
                         net (fo=5, routed)           0.162     1.778    u_mult/count_reg__0[2]
    SLICE_X42Y43         LUT4 (Prop_lut4_I0_O)        0.048     1.826 r  u_mult/count[3]_i_1/O
                         net (fo=1, routed)           0.000     1.826    u_mult/p_0_in[3]
    SLICE_X42Y43         FDRE                                         r  u_mult/count_reg[3]/D
  -------------------------------------------------------------------    -------------------

                         (clock sys_clk_pin rise edge)
                                                      0.000     0.000 r  
    L16                                               0.000     0.000 r  clk (IN)
                         net (fo=0)                   0.000     0.000    clk
    L16                  IBUF (Prop_ibuf_I_O)         0.394     0.394 r  clk_IBUF_inst/O
                         net (fo=1, routed)           0.683     1.077    clk_IBUF
    BUFGCTRL_X0Y16       BUFG (Prop_bufg_I_O)         0.029     1.106 r  clk_IBUF_BUFG_inst/O
                         net (fo=78, routed)          0.863     1.969    u_mult/CLK
    SLICE_X42Y43         FDRE                                         r  u_mult/count_reg[3]/C
                         clock pessimism             -0.517     1.452    
    SLICE_X42Y43         FDRE (Hold_fdre_C_D)         0.131     1.583    u_mult/count_reg[3]
  -------------------------------------------------------------------
                         required time                         -1.583    
                         arrival time                           1.826    
  -------------------------------------------------------------------
                         slack                                  0.243    

Slack (MET) :             0.250ns  (arrival time - required time)
  Source:                 u_mult/mt_reg[5]/C
                            (rising edge-triggered cell FDRE clocked by sys_clk_pin  {rise@0.000ns fall@4.000ns period=8.000ns})
  Destination:            u_mult/mt_reg[4]/D
                            (rising edge-triggered cell FDRE clocked by sys_clk_pin  {rise@0.000ns fall@4.000ns period=8.000ns})
  Path Group:             sys_clk_pin
  Path Type:              Hold (Min at Fast Process Corner)
  Requirement:            0.000ns  (sys_clk_pin rise@0.000ns - sys_clk_pin rise@0.000ns)
  Data Path Delay:        0.371ns  (logic 0.209ns (56.318%)  route 0.162ns (43.682%))
  Logic Levels:           1  (LUT4=1)
  Clock Path Skew:        0.000ns (DCD - SCD - CPR)
    Destination Clock Delay (DCD):    1.954ns
    Source Clock Delay      (SCD):    1.440ns
    Clock Pessimism Removal (CPR):    0.514ns

    Location             Delay type                Incr(ns)  Path(ns)    Netlist Resource(s)
  -------------------------------------------------------------------    -------------------
                         (clock sys_clk_pin rise edge)
                                                      0.000     0.000 r  
    L16                                               0.000     0.000 r  clk (IN)
                         net (fo=0)                   0.000     0.000    clk
    L16                  IBUF (Prop_ibuf_I_O)         0.205     0.205 r  clk_IBUF_inst/O
                         net (fo=1, routed)           0.627     0.832    clk_IBUF
    BUFGCTRL_X0Y16       BUFG (Prop_bufg_I_O)         0.026     0.858 r  clk_IBUF_BUFG_inst/O
                         net (fo=78, routed)          0.582     1.440    u_mult/CLK
    SLICE_X42Y26         FDRE                                         r  u_mult/mt_reg[5]/C
  -------------------------------------------------------------------    -------------------
    SLICE_X42Y26         FDRE (Prop_fdre_C_Q)         0.164     1.604 r  u_mult/mt_reg[5]/Q
                         net (fo=1, routed)           0.162     1.766    u_mult/mt_reg_n_0_[5]
    SLICE_X42Y26         LUT4 (Prop_lut4_I0_O)        0.045     1.811 r  u_mult/mt[4]_i_1/O
                         net (fo=1, routed)           0.000     1.811    u_mult/p_1_in[4]
    SLICE_X42Y26         FDRE                                         r  u_mult/mt_reg[4]/D
  -------------------------------------------------------------------    -------------------

                         (clock sys_clk_pin rise edge)
                                                      0.000     0.000 r  
    L16                                               0.000     0.000 r  clk (IN)
                         net (fo=0)                   0.000     0.000    clk
    L16                  IBUF (Prop_ibuf_I_O)         0.394     0.394 r  clk_IBUF_inst/O
                         net (fo=1, routed)           0.683     1.077    clk_IBUF
    BUFGCTRL_X0Y16       BUFG (Prop_bufg_I_O)         0.029     1.106 r  clk_IBUF_BUFG_inst/O
                         net (fo=78, routed)          0.848     1.954    u_mult/CLK
    SLICE_X42Y26         FDRE                                         r  u_mult/mt_reg[4]/C
                         clock pessimism             -0.514     1.440    
    SLICE_X42Y26         FDRE (Hold_fdre_C_D)         0.121     1.561    u_mult/mt_reg[4]
  -------------------------------------------------------------------
                         required time                         -1.561    
                         arrival time                           1.811    
  -------------------------------------------------------------------
                         slack                                  0.250    

Slack (MET) :             0.250ns  (arrival time - required time)
  Source:                 u_mult/mt_reg[8]/C
                            (rising edge-triggered cell FDRE clocked by sys_clk_pin  {rise@0.000ns fall@4.000ns period=8.000ns})
  Destination:            u_mult/mt_reg[7]/D
                            (rising edge-triggered cell FDRE clocked by sys_clk_pin  {rise@0.000ns fall@4.000ns period=8.000ns})
  Path Group:             sys_clk_pin
  Path Type:              Hold (Min at Fast Process Corner)
  Requirement:            0.000ns  (sys_clk_pin rise@0.000ns - sys_clk_pin rise@0.000ns)
  Data Path Delay:        0.371ns  (logic 0.209ns (56.318%)  route 0.162ns (43.682%))
  Logic Levels:           1  (LUT4=1)
  Clock Path Skew:        0.000ns (DCD - SCD - CPR)
    Destination Clock Delay (DCD):    1.953ns
    Source Clock Delay      (SCD):    1.439ns
    Clock Pessimism Removal (CPR):    0.514ns

    Location             Delay type                Incr(ns)  Path(ns)    Netlist Resource(s)
  -------------------------------------------------------------------    -------------------
                         (clock sys_clk_pin rise edge)
                                                      0.000     0.000 r  
    L16                                               0.000     0.000 r  clk (IN)
                         net (fo=0)                   0.000     0.000    clk
    L16                  IBUF (Prop_ibuf_I_O)         0.205     0.205 r  clk_IBUF_inst/O
                         net (fo=1, routed)           0.627     0.832    clk_IBUF
    BUFGCTRL_X0Y16       BUFG (Prop_bufg_I_O)         0.026     0.858 r  clk_IBUF_BUFG_inst/O
                         net (fo=78, routed)          0.581     1.439    u_mult/CLK
    SLICE_X42Y25         FDRE                                         r  u_mult/mt_reg[8]/C
  -------------------------------------------------------------------    -------------------
    SLICE_X42Y25         FDRE (Prop_fdre_C_Q)         0.164     1.603 r  u_mult/mt_reg[8]/Q
                         net (fo=1, routed)           0.162     1.765    u_mult/mt_reg_n_0_[8]
    SLICE_X42Y25         LUT4 (Prop_lut4_I0_O)        0.045     1.810 r  u_mult/mt[7]_i_1/O
                         net (fo=1, routed)           0.000     1.810    u_mult/p_1_in[7]
    SLICE_X42Y25         FDRE                                         r  u_mult/mt_reg[7]/D
  -------------------------------------------------------------------    -------------------

                         (clock sys_clk_pin rise edge)
                                                      0.000     0.000 r  
    L16                                               0.000     0.000 r  clk (IN)
                         net (fo=0)                   0.000     0.000    clk
    L16                  IBUF (Prop_ibuf_I_O)         0.394     0.394 r  clk_IBUF_inst/O
                         net (fo=1, routed)           0.683     1.077    clk_IBUF
    BUFGCTRL_X0Y16       BUFG (Prop_bufg_I_O)         0.029     1.106 r  clk_IBUF_BUFG_inst/O
                         net (fo=78, routed)          0.847     1.953    u_mult/CLK
    SLICE_X42Y25         FDRE                                         r  u_mult/mt_reg[7]/C
                         clock pessimism             -0.514     1.439    
    SLICE_X42Y25         FDRE (Hold_fdre_C_D)         0.121     1.560    u_mult/mt_reg[7]
  -------------------------------------------------------------------
                         required time                         -1.560    
                         arrival time                           1.810    
  -------------------------------------------------------------------
                         slack                                  0.250    

Slack (MET) :             0.250ns  (arrival time - required time)
  Source:                 u_mult/count_reg[2]/C
                            (rising edge-triggered cell FDRE clocked by sys_clk_pin  {rise@0.000ns fall@4.000ns period=8.000ns})
  Destination:            u_mult/count_reg[2]/D
                            (rising edge-triggered cell FDRE clocked by sys_clk_pin  {rise@0.000ns fall@4.000ns period=8.000ns})
  Path Group:             sys_clk_pin
  Path Type:              Hold (Min at Fast Process Corner)
  Requirement:            0.000ns  (sys_clk_pin rise@0.000ns - sys_clk_pin rise@0.000ns)
  Data Path Delay:        0.371ns  (logic 0.209ns (56.292%)  route 0.162ns (43.708%))
  Logic Levels:           1  (LUT3=1)
  Clock Path Skew:        0.000ns (DCD - SCD - CPR)
    Destination Clock Delay (DCD):    1.969ns
    Source Clock Delay      (SCD):    1.452ns
    Clock Pessimism Removal (CPR):    0.517ns

    Location             Delay type                Incr(ns)  Path(ns)    Netlist Resource(s)
  -------------------------------------------------------------------    -------------------
                         (clock sys_clk_pin rise edge)
                                                      0.000     0.000 r  
    L16                                               0.000     0.000 r  clk (IN)
                         net (fo=0)                   0.000     0.000    clk
    L16                  IBUF (Prop_ibuf_I_O)         0.205     0.205 r  clk_IBUF_inst/O
                         net (fo=1, routed)           0.627     0.832    clk_IBUF
    BUFGCTRL_X0Y16       BUFG (Prop_bufg_I_O)         0.026     0.858 r  clk_IBUF_BUFG_inst/O
                         net (fo=78, routed)          0.594     1.452    u_mult/CLK
    SLICE_X42Y43         FDRE                                         r  u_mult/count_reg[2]/C
  -------------------------------------------------------------------    -------------------
    SLICE_X42Y43         FDRE (Prop_fdre_C_Q)         0.164     1.616 r  u_mult/count_reg[2]/Q
                         net (fo=5, routed)           0.162     1.778    u_mult/count_reg__0[2]
    SLICE_X42Y43         LUT3 (Prop_lut3_I2_O)        0.045     1.823 r  u_mult/count[2]_i_1/O
                         net (fo=1, routed)           0.000     1.823    u_mult/p_0_in[2]
    SLICE_X42Y43         FDRE                                         r  u_mult/count_reg[2]/D
  -------------------------------------------------------------------    -------------------

                         (clock sys_clk_pin rise edge)
                                                      0.000     0.000 r  
    L16                                               0.000     0.000 r  clk (IN)
                         net (fo=0)                   0.000     0.000    clk
    L16                  IBUF (Prop_ibuf_I_O)         0.394     0.394 r  clk_IBUF_inst/O
                         net (fo=1, routed)           0.683     1.077    clk_IBUF
    BUFGCTRL_X0Y16       BUFG (Prop_bufg_I_O)         0.029     1.106 r  clk_IBUF_BUFG_inst/O
                         net (fo=78, routed)          0.863     1.969    u_mult/CLK
    SLICE_X42Y43         FDRE                                         r  u_mult/count_reg[2]/C
                         clock pessimism             -0.517     1.452    
    SLICE_X42Y43         FDRE (Hold_fdre_C_D)         0.121     1.573    u_mult/count_reg[2]
  -------------------------------------------------------------------
                         required time                         -1.573    
                         arrival time                           1.823    
  -------------------------------------------------------------------
                         slack                                  0.250    





Pulse Width Checks
--------------------------------------------------------------------------------------
Clock Name:         sys_clk_pin
Waveform(ns):       { 0.000 4.000 }
Period(ns):         8.000
Sources:            { clk }

Check Type        Corner  Lib Pin  Reference Pin  Required(ns)  Actual(ns)  Slack(ns)  Location        Pin
Min Period        n/a     BUFG/I   n/a            2.155         8.000       5.845      BUFGCTRL_X0Y16  clk_IBUF_BUFG_inst/I
Min Period        n/a     FDRE/C   n/a            1.000         8.000       7.000      SLICE_X42Y43    u_mult/count_reg[0]/C
Min Period        n/a     FDRE/C   n/a            1.000         8.000       7.000      SLICE_X42Y43    u_mult/count_reg[1]/C
Min Period        n/a     FDRE/C   n/a            1.000         8.000       7.000      SLICE_X42Y43    u_mult/count_reg[2]/C
Min Period        n/a     FDRE/C   n/a            1.000         8.000       7.000      SLICE_X42Y43    u_mult/count_reg[3]/C
Min Period        n/a     FDRE/C   n/a            1.000         8.000       7.000      SLICE_X43Y43    u_mult/count_reg[4]/C
Min Period        n/a     FDRE/C   n/a            1.000         8.000       7.000      SLICE_X39Y39    u_mult/mn_reg[0]/C
Min Period        n/a     FDRE/C   n/a            1.000         8.000       7.000      SLICE_X41Y38    u_mult/mn_reg[10]/C
Min Period        n/a     FDRE/C   n/a            1.000         8.000       7.000      SLICE_X41Y38    u_mult/mn_reg[11]/C
Min Period        n/a     FDRE/C   n/a            1.000         8.000       7.000      SLICE_X41Y38    u_mult/mn_reg[12]/C
Low Pulse Width   Slow    FDRE/C   n/a            0.500         4.000       3.500      SLICE_X43Y25    u_mult/mt_reg[11]/C
Low Pulse Width   Slow    FDRE/C   n/a            0.500         4.000       3.500      SLICE_X43Y25    u_mult/mt_reg[12]/C
Low Pulse Width   Slow    FDRE/C   n/a            0.500         4.000       3.500      SLICE_X42Y25    u_mult/mt_reg[13]/C
Low Pulse Width   Slow    FDRE/C   n/a            0.500         4.000       3.500      SLICE_X42Y26    u_mult/mt_reg[14]/C
Low Pulse Width   Slow    FDRE/C   n/a            0.500         4.000       3.500      SLICE_X42Y27    u_mult/mt_reg[15]/C
Low Pulse Width   Slow    FDRE/C   n/a            0.500         4.000       3.500      SLICE_X42Y27    u_mult/mt_reg[1]/C
Low Pulse Width   Slow    FDRE/C   n/a            0.500         4.000       3.500      SLICE_X42Y27    u_mult/mt_reg[2]/C
Low Pulse Width   Slow    FDRE/C   n/a            0.500         4.000       3.500      SLICE_X42Y26    u_mult/mt_reg[3]/C
Low Pulse Width   Slow    FDRE/C   n/a            0.500         4.000       3.500      SLICE_X42Y26    u_mult/mt_reg[4]/C
Low Pulse Width   Slow    FDRE/C   n/a            0.500         4.000       3.500      SLICE_X42Y26    u_mult/mt_reg[5]/C
High Pulse Width  Fast    FDRE/C   n/a            0.500         4.000       3.500      SLICE_X42Y43    u_mult/count_reg[0]/C
High Pulse Width  Fast    FDRE/C   n/a            0.500         4.000       3.500      SLICE_X42Y43    u_mult/count_reg[1]/C
High Pulse Width  Fast    FDRE/C   n/a            0.500         4.000       3.500      SLICE_X42Y43    u_mult/count_reg[2]/C
High Pulse Width  Fast    FDRE/C   n/a            0.500         4.000       3.500      SLICE_X42Y43    u_mult/count_reg[3]/C
High Pulse Width  Fast    FDRE/C   n/a            0.500         4.000       3.500      SLICE_X43Y43    u_mult/count_reg[4]/C
High Pulse Width  Slow    FDRE/C   n/a            0.500         4.000       3.500      SLICE_X39Y39    u_mult/mn_reg[0]/C
High Pulse Width  Fast    FDRE/C   n/a            0.500         4.000       3.500      SLICE_X39Y39    u_mult/mn_reg[0]/C
High Pulse Width  Slow    FDRE/C   n/a            0.500         4.000       3.500      SLICE_X41Y38    u_mult/mn_reg[10]/C
High Pulse Width  Fast    FDRE/C   n/a            0.500         4.000       3.500      SLICE_X41Y38    u_mult/mn_reg[10]/C
High Pulse Width  Slow    FDRE/C   n/a            0.500         4.000       3.500      SLICE_X41Y38    u_mult/mn_reg[11]/C



